number_yy,mm,dd,hh,mm_2,wdir,wspd,gst,wvht,dpd,apd,mwd,pres,atmp,wtmp,dewp,vis,tide
2025,1,1,0,10,300,5.1,NA,NA,NA,NA,NA,1020.6,12.4,13.1,NA,NA,NA
2025,1,1,1,10,310,5.1,NA,NA,NA,NA,NA,1020.1,12.5,13.1,NA,NA,NA
2025,1,1,2,10,350,2.6,NA,NA,NA,NA,NA,1020.4,12.8,13.1,NA,NA,NA
2025,1,1,3,10,330,3.6,NA,NA,NA,NA,NA,1021.3,12.8,13,NA,NA,NA
2025,1,1,4,10,300,7.2,NA,NA,NA,NA,NA,1021.2,12.3,13,NA,NA,NA
2025,1,1,5,10,320,4.6,NA,NA,NA,NA,NA,1021.2,12,13,NA,NA,NA
2025,1,1,6,10,340,3.1,NA,NA,NA,NA,NA,1021.3,11.9,12.9,NA,NA,NA
2025,1,1,7,10,360,3.6,NA,NA,NA,NA,NA,1021.7,11.6,12.9,NA,NA,NA
2025,1,1,8,10,50,1,NA,NA,NA,NA,NA,1021.7,11.9,12.9,NA,NA,NA
2025,1,1,9,10,50,4.6,NA,NA,NA,NA,NA,1021.4,11.6,12.9,NA,NA,NA
2025,1,1,10,10,40,4.6,NA,NA,NA,NA,NA,1021.1,11.1,12.9,NA,NA,NA
2025,1,1,11,10,20,5.7,NA,NA,NA,NA,NA,1020.8,10.6,12.9,NA,NA,NA
2025,1,1,12,10,20,5.1,NA,NA,NA,NA,NA,1020.4,9.7,12.9,NA,NA,NA
2025,1,1,13,10,20,4.6,NA,NA,NA,NA,NA,1020.4,10.1,12.8,NA,NA,NA
2025,1,1,14,10,330,3.6,NA,NA,NA,NA,NA,1021.3,10.4,12.8,NA,NA,NA
2025,1,1,15,10,20,3.1,NA,NA,NA,NA,NA,1021.5,9.9,12.9,NA,NA,NA
2025,1,1,16,10,40,4.1,NA,NA,NA,NA,NA,1021.8,10.2,12.8,NA,NA,NA
2025,1,1,17,10,30,4.6,NA,NA,NA,NA,NA,1022.6,9.6,12.8,NA,NA,NA
2025,1,1,18,10,30,5.1,NA,NA,NA,NA,NA,1023,9.7,12.8,NA,NA,NA
2025,1,1,19,10,10,3.6,NA,NA,NA,NA,NA,1023,11,12.9,NA,NA,NA
2025,1,1,20,10,20,2.6,NA,NA,NA,NA,NA,1022,10.8,12.9,NA,NA,NA
2025,1,1,21,0,340,1,NA,NA,NA,NA,NA,1021.5,11.1,13,NA,NA,NA
2025,1,1,22,0,290,3.1,NA,NA,NA,NA,NA,1020.9,11.4,13,NA,NA,NA
2025,1,1,23,0,290,3.6,NA,NA,NA,NA,NA,1021,11.9,13,NA,NA,NA
2025,1,2,0,0,300,4.6,NA,NA,NA,NA,NA,1020.9,12.4,13,NA,NA,NA
2025,1,2,1,0,280,6.2,NA,NA,NA,NA,NA,1021,12.5,13,NA,NA,NA
2025,1,2,2,0,0,0,NA,NA,NA,NA,NA,1020.6,12.4,13,NA,NA,NA
2025,1,2,3,0,310,4.1,NA,NA,NA,NA,NA,1020.9,12.6,12.9,NA,NA,NA
2025,1,2,4,0,340,2.1,NA,NA,NA,NA,NA,1021.3,12.7,12.9,NA,NA,NA
2025,1,2,5,0,40,2.6,NA,NA,NA,NA,NA,1021.4,12.6,12.9,NA,NA,NA
2025,1,2,6,0,40,2.6,NA,NA,NA,NA,NA,1021.7,12.4,12.8,NA,NA,NA
2025,1,2,7,0,30,3.1,NA,NA,NA,NA,NA,1021.8,12.1,12.8,NA,NA,NA
2025,1,2,8,0,20,4.6,NA,NA,NA,NA,NA,1021.4,12.5,12.8,NA,NA,NA
2025,1,2,9,10,30,5.7,NA,NA,NA,NA,NA,1021.1,11.6,12.8,NA,NA,NA
2025,1,2,10,10,10,5.1,NA,NA,NA,NA,NA,1021.7,11.8,12.8,NA,NA,NA
2025,1,2,11,10,10,6.2,NA,NA,NA,NA,NA,1021.3,11.5,12.8,NA,NA,NA
2025,1,2,12,10,10,4.6,NA,NA,NA,NA,NA,1021,11.6,12.8,NA,NA,NA
2025,1,2,13,10,20,4.6,NA,NA,NA,NA,NA,1020.6,11.4,12.8,NA,NA,NA
2025,1,2,14,10,40,7.2,NA,NA,NA,NA,NA,1020.2,11.1,12.8,NA,NA,NA
2025,1,2,15,10,30,6.7,NA,NA,NA,NA,NA,1020.4,11.6,12.8,NA,NA,NA
2025,1,2,16,10,20,5.7,NA,NA,NA,NA,NA,1020.3,12.4,12.8,NA,NA,NA
2025,1,2,17,10,20,5.7,NA,NA,NA,NA,NA,1020.2,11.6,12.8,NA,NA,NA
2025,1,2,18,10,20,5.7,NA,NA,NA,NA,NA,1020.3,12.8,12.8,NA,NA,NA
2025,1,2,19,10,30,6.7,NA,NA,NA,NA,NA,1019.6,13.2,12.9,NA,NA,NA
2025,1,2,20,10,10,5.1,NA,NA,NA,NA,NA,1018.5,14.6,12.9,NA,NA,NA
2025,1,2,21,0,30,4.1,NA,NA,NA,NA,NA,1018,15,12.9,NA,NA,NA
2025,1,2,22,0,10,2.1,NA,NA,NA,NA,NA,1017.3,14.9,13,NA,NA,NA
2025,1,2,23,0,280,2.1,NA,NA,NA,NA,NA,1017,14.8,13.1,NA,NA,NA
2025,1,3,0,0,270,4.6,NA,NA,NA,NA,NA,1016.8,13.6,13.1,NA,NA,NA
2025,1,3,1,0,290,5.1,NA,NA,NA,NA,NA,1016.2,13.2,13,NA,NA,NA
2025,1,3,2,0,300,2.6,NA,NA,NA,NA,NA,1016.1,13.3,13,NA,NA,NA
2025,1,3,3,0,320,3.1,NA,NA,NA,NA,NA,1016,13.4,12.9,NA,NA,NA
2025,1,3,4,0,0,0,NA,NA,NA,NA,NA,1016.2,13.2,12.9,NA,NA,NA
2025,1,3,5,0,0,0,NA,NA,NA,NA,NA,1016.1,12.7,12.9,NA,NA,NA
2025,1,3,6,0,0,0,NA,NA,NA,NA,NA,1015.9,12.6,13,NA,NA,NA
2025,1,3,7,0,0,0,NA,NA,NA,NA,NA,1016.2,12.6,12.9,NA,NA,NA
2025,1,3,8,0,40,2.1,NA,NA,NA,NA,NA,1016.1,12.5,12.9,NA,NA,NA
2025,1,3,9,10,10,1,NA,NA,NA,NA,NA,1016.6,12.2,12.9,NA,NA,NA
2025,1,3,10,10,50,2.1,NA,NA,NA,NA,NA,1016.3,12.2,12.8,NA,NA,NA
2025,1,3,11,10,270,0.5,NA,NA,NA,NA,NA,1016.7,12,12.8,NA,NA,NA
2025,1,3,12,10,40,1.5,NA,NA,NA,NA,NA,1016.1,12.3,12.8,NA,NA,NA
2025,1,3,13,10,120,2.6,NA,NA,NA,NA,NA,1016.1,12.3,12.8,NA,NA,NA
2025,1,3,14,10,190,3.6,NA,NA,NA,NA,NA,1016.5,12.4,12.8,NA,NA,NA
2025,1,3,15,10,170,3.6,NA,NA,NA,NA,NA,1017.6,11.9,12.8,NA,NA,NA
2025,1,3,16,10,170,4.1,NA,NA,NA,NA,NA,1017.6,12.2,12.8,NA,NA,NA
2025,1,3,17,10,0,0,NA,NA,NA,NA,NA,1018,12.1,12.8,NA,NA,NA
2025,1,3,18,10,0,0,NA,NA,NA,NA,NA,1018.7,11.6,12.9,NA,NA,NA
2025,1,3,19,10,0,0,NA,NA,NA,NA,NA,1018.5,11.4,12.9,NA,NA,NA
2025,1,3,20,10,160,5.7,NA,NA,NA,NA,NA,1018,12.1,12.9,NA,NA,NA
2025,1,3,21,10,180,6.7,NA,NA,NA,NA,NA,1017.5,12.2,12.9,NA,NA,NA
2025,1,3,22,10,190,5.1,NA,NA,NA,NA,NA,1017.3,12.8,12.9,NA,NA,NA
2025,1,3,23,10,220,4.1,NA,NA,NA,NA,NA,1018.1,13,12.9,NA,NA,NA
2025,1,4,0,10,260,4.6,NA,NA,NA,NA,NA,1018.5,13.2,12.9,NA,NA,NA
2025,1,4,1,10,270,4.6,NA,NA,NA,NA,NA,1018.8,12.8,12.9,NA,NA,NA
2025,1,4,2,10,280,4.6,NA,NA,NA,NA,NA,1019.4,12.7,12.9,NA,NA,NA
2025,1,4,3,10,320,2.6,NA,NA,NA,NA,NA,1020.2,12.6,12.9,NA,NA,NA
2025,1,4,4,10,290,3.1,NA,NA,NA,NA,NA,1020.5,12.7,12.9,NA,NA,NA
2025,1,4,5,10,280,2.6,NA,NA,NA,NA,NA,1020.9,12.6,12.9,NA,NA,NA
2025,1,4,6,10,0,0,NA,NA,NA,NA,NA,1021.8,12,12.8,NA,NA,NA
2025,1,4,7,10,340,3.1,NA,NA,NA,NA,NA,1022.1,11.1,12.8,NA,NA,NA
2025,1,4,8,10,350,3.1,NA,NA,NA,NA,NA,1021.8,10.2,12.8,NA,NA,NA
2025,1,4,9,10,40,3.1,NA,NA,NA,NA,NA,1021.8,11,12.8,NA,NA,NA
2025,1,4,10,10,40,3.6,NA,NA,NA,NA,NA,1022.4,10.3,12.8,NA,NA,NA
2025,1,4,11,10,0,0,NA,NA,NA,NA,NA,1022.9,9.4,12.8,NA,NA,NA
2025,1,4,12,10,30,2.1,NA,NA,NA,NA,NA,1022.9,9.3,12.8,NA,NA,NA
2025,1,4,13,10,20,3.6,NA,NA,NA,NA,NA,1023,8.9,12.8,NA,NA,NA
2025,1,4,14,10,0,0,NA,NA,NA,NA,NA,1023.6,8.9,12.8,NA,NA,NA
2025,1,4,15,10,10,4.6,NA,NA,NA,NA,NA,1024.2,9.4,12.8,NA,NA,NA
2025,1,4,16,10,10,3.6,NA,NA,NA,NA,NA,1024.6,9.7,12.8,NA,NA,NA
2025,1,4,17,10,10,2.6,NA,NA,NA,NA,NA,1026.1,9.8,12.8,NA,NA,NA
2025,1,4,18,10,10,3.1,NA,NA,NA,NA,NA,1026.2,9.9,12.8,NA,NA,NA
2025,1,4,19,10,30,3.1,NA,NA,NA,NA,NA,1025.1,10.4,12.9,NA,NA,NA
2025,1,4,20,10,60,1.5,NA,NA,NA,NA,NA,1024.3,11,12.9,NA,NA,NA
2025,1,4,21,0,20,2.1,NA,NA,NA,NA,NA,1023.8,11.1,12.9,NA,NA,NA
2025,1,4,22,0,330,1,NA,NA,NA,NA,NA,1023.5,11.5,13,NA,NA,NA
2025,1,4,23,0,230,2.6,NA,NA,NA,NA,NA,1023.8,12,13,NA,NA,NA
2025,1,5,0,0,300,6.2,NA,NA,NA,NA,NA,1023.8,12.8,12.9,NA,NA,NA
2025,1,5,1,0,290,6.7,NA,NA,NA,NA,NA,1024,12.5,12.9,NA,NA,NA
2025,1,5,2,0,310,5.1,NA,NA,NA,NA,NA,1024.1,12.5,12.9,NA,NA,NA
2025,1,5,3,0,290,6.2,NA,NA,NA,NA,NA,1024.6,12.4,12.9,NA,NA,NA
2025,1,5,4,0,320,6.2,NA,NA,NA,NA,NA,1025.1,12.3,12.8,NA,NA,NA
2025,1,5,5,0,350,3.6,NA,NA,NA,NA,NA,1025.2,11.8,12.9,NA,NA,NA
2025,1,5,6,0,10,3.6,NA,NA,NA,NA,NA,1025.7,11.4,12.9,NA,NA,NA
2025,1,5,7,0,340,2.1,NA,NA,NA,NA,NA,1026.4,11.5,12.8,NA,NA,NA
2025,1,5,8,10,0,0,NA,NA,NA,NA,NA,1026,11.3,12.8,NA,NA,NA
2025,1,5,9,10,10,2.1,NA,NA,NA,NA,NA,1025.5,11.2,12.8,NA,NA,NA
2025,1,5,10,10,20,2.1,NA,NA,NA,NA,NA,1025.4,11,12.8,NA,NA,NA
2025,1,5,11,10,20,3.1,NA,NA,NA,NA,NA,1025.3,10.4,12.8,NA,NA,NA
2025,1,5,12,10,20,2.6,NA,NA,NA,NA,NA,1024.9,10.4,12.8,NA,NA,NA
2025,1,5,13,10,30,3.1,NA,NA,NA,NA,NA,1024.8,10.2,12.8,NA,NA,NA
2025,1,5,14,10,30,2.6,NA,NA,NA,NA,NA,1025.3,10.2,12.8,NA,NA,NA
2025,1,5,16,10,30,2.1,NA,NA,NA,NA,NA,1025.9,10.1,12.8,NA,NA,NA
2025,1,5,17,10,20,2.1,NA,NA,NA,NA,NA,1026.5,10,12.8,NA,NA,NA
2025,1,5,18,10,30,2.6,NA,NA,NA,NA,NA,1026.7,10.3,12.8,NA,NA,NA
2025,1,5,19,10,60,2.6,NA,NA,NA,NA,NA,1026.1,10.8,12.9,NA,NA,NA
2025,1,5,20,20,350,2.1,NA,NA,NA,NA,NA,1025.6,11.3,13,NA,NA,NA
2025,1,5,21,10,10,1.5,NA,NA,NA,NA,NA,1024.7,12,13.1,NA,NA,NA
2025,1,5,22,10,0,0,NA,NA,NA,NA,NA,1023.9,12.7,13.1,NA,NA,NA
2025,1,5,23,10,0,0,NA,NA,NA,NA,NA,1023.5,12.8,13.1,NA,NA,NA
2025,1,6,0,10,0,0,NA,NA,NA,NA,NA,1023,12.8,13,NA,NA,NA
2025,1,6,2,10,0,0,NA,NA,NA,NA,NA,1023.2,12.7,12.9,NA,NA,NA
2025,1,6,3,10,0,0,NA,NA,NA,NA,NA,1023.4,12.6,12.8,NA,NA,NA
2025,1,6,4,10,0,0,NA,NA,NA,NA,NA,1024.3,12.3,12.8,NA,NA,NA
2025,1,6,5,10,0,0,NA,NA,NA,NA,NA,1024,12.5,12.8,NA,NA,NA
2025,1,6,6,10,0,0,NA,NA,NA,NA,NA,1023.8,12.5,12.8,NA,NA,NA
2025,1,6,7,10,0,0,NA,NA,NA,NA,NA,1024.2,12.4,12.8,NA,NA,NA
2025,1,6,8,10,0,0,NA,NA,NA,NA,NA,1023.9,12.2,12.9,NA,NA,NA
2025,1,6,9,10,0,0,NA,NA,NA,NA,NA,1023.8,12.2,12.8,NA,NA,NA
2025,1,6,10,10,0,0,NA,NA,NA,NA,NA,1023.6,12,12.8,NA,NA,NA
2025,1,6,11,10,0,0,NA,NA,NA,NA,NA,1023.4,11.4,12.7,NA,NA,NA
2025,1,6,12,10,0,0,NA,NA,NA,NA,NA,1022.9,11.6,12.7,NA,NA,NA
2025,1,6,13,10,0,0,NA,NA,NA,NA,NA,1022.4,11.3,12.7,NA,NA,NA
2025,1,6,14,10,0,0,NA,NA,NA,NA,NA,1022.7,10.5,12.8,NA,NA,NA
2025,1,6,15,10,0,0,NA,NA,NA,NA,NA,1023.3,10.6,12.8,NA,NA,NA
2025,1,6,16,10,0,0,NA,NA,NA,NA,NA,1023.6,10.9,12.7,NA,NA,NA
2025,1,6,17,10,0,0,NA,NA,NA,NA,NA,1024,10.7,12.7,NA,NA,NA
2025,1,6,18,10,0,0,NA,NA,NA,NA,NA,1024.3,10.4,12.8,NA,NA,NA
2025,1,6,19,10,0,0,NA,NA,NA,NA,NA,1023.4,11.3,12.8,NA,NA,NA
2025,1,6,20,10,0,0,NA,NA,NA,NA,NA,1022.3,11,12.9,NA,NA,NA
2025,1,6,21,10,290,9.3,NA,NA,NA,NA,NA,1020.8,11.7,12.8,NA,NA,NA
2025,1,6,22,10,300,7.2,NA,NA,NA,NA,NA,1019.4,12.2,12.8,NA,NA,NA
2025,1,6,23,10,320,7.2,NA,NA,NA,NA,NA,1019.5,12,12.8,NA,NA,NA
2025,1,7,0,10,310,9.3,NA,NA,NA,NA,NA,1019.1,11.8,12.8,NA,NA,NA
2025,1,7,1,10,310,7.7,NA,NA,NA,NA,NA,1019.2,11.6,12.8,NA,NA,NA
2025,1,7,2,10,300,9.8,NA,NA,NA,NA,NA,1019.6,11.6,12.7,NA,NA,NA
2025,1,7,4,10,0,0,NA,NA,NA,NA,NA,1020.8,11,12.7,NA,NA,NA
2025,1,7,5,10,320,4.6,NA,NA,NA,NA,NA,1021.5,11.9,12.7,NA,NA,NA
2025,1,7,6,10,290,5.1,NA,NA,NA,NA,NA,1021.1,11.3,12.7,NA,NA,NA
2025,1,7,7,10,310,6.7,NA,NA,NA,NA,NA,1021,11.2,12.7,NA,NA,NA
2025,1,7,8,10,310,6.7,NA,NA,NA,NA,NA,1020.5,11,12.7,NA,NA,NA
2025,1,7,9,10,300,6.7,NA,NA,NA,NA,NA,1020.2,11.1,12.7,NA,NA,NA
2025,1,7,10,10,340,12.9,NA,NA,NA,NA,NA,1018.6,15.3,12.7,NA,NA,NA
2025,1,7,11,10,340,9.8,NA,NA,NA,NA,NA,1019.3,15.3,12.7,NA,NA,NA
2025,1,7,12,10,330,8.2,NA,NA,NA,NA,NA,1019,14.7,12.7,NA,NA,NA
2025,1,7,13,10,320,5.7,NA,NA,NA,NA,NA,1019.6,14.3,12.7,NA,NA,NA
2025,1,7,14,10,330,6.2,NA,NA,NA,NA,NA,1020.1,14.7,12.7,NA,NA,NA
2025,1,7,15,10,330,6.7,NA,NA,NA,NA,NA,1020.7,14.6,12.7,NA,NA,NA
2025,1,7,16,10,340,7.2,NA,NA,NA,NA,NA,1021.1,14.7,12.7,NA,NA,NA
2025,1,7,18,10,340,5.7,NA,NA,NA,NA,NA,1022.4,14.8,12.7,NA,NA,NA
2025,1,7,19,10,340,6.7,NA,NA,NA,NA,NA,1022.4,14.9,12.7,NA,NA,NA
2025,1,7,20,10,350,8.2,NA,NA,NA,NA,NA,1021.2,15.3,12.7,NA,NA,NA
2025,1,7,21,10,360,7.2,NA,NA,NA,NA,NA,1020,15.4,12.8,NA,NA,NA
2025,1,7,22,10,320,3.6,NA,NA,NA,NA,NA,1020,15.3,12.8,NA,NA,NA
2025,1,7,23,10,0,0,NA,NA,NA,NA,NA,1019.7,15,12.9,NA,NA,NA
2025,1,8,0,10,320,4.6,NA,NA,NA,NA,NA,1019.7,15.8,12.8,NA,NA,NA
2025,1,8,1,10,300,4.6,NA,NA,NA,NA,NA,1020.4,15.4,12.8,NA,NA,NA
2025,1,8,2,10,260,4.1,NA,NA,NA,NA,NA,1020.7,14.9,12.8,NA,NA,NA
2025,1,8,3,10,340,7.2,NA,NA,NA,NA,NA,1020,16,12.7,NA,NA,NA
2025,1,8,4,10,340,9.3,NA,NA,NA,NA,NA,1020.1,16.4,12.7,NA,NA,NA
2025,1,8,5,10,340,9.8,NA,NA,NA,NA,NA,1020,16.3,12.7,NA,NA,NA
2025,1,8,6,10,350,5.7,NA,NA,NA,NA,NA,1020.4,16.1,12.6,NA,NA,NA
2025,1,8,7,10,0,0,NA,NA,NA,NA,NA,1021.2,13.7,12.6,NA,NA,NA
2025,1,8,8,10,20,1,NA,NA,NA,NA,NA,1020.9,15.3,12.6,NA,NA,NA
2025,1,8,9,10,50,2.6,NA,NA,NA,NA,NA,1020.7,13.8,12.6,NA,NA,NA
2025,1,8,10,10,40,6.2,NA,NA,NA,NA,NA,1020.5,14.2,12.6,NA,NA,NA
2025,1,8,11,10,360,4.6,NA,NA,NA,NA,NA,1021.9,13.7,12.5,NA,NA,NA
2025,1,8,12,10,30,2.6,NA,NA,NA,NA,NA,1021.7,13.5,12.5,NA,NA,NA
2025,1,8,13,10,30,0.5,NA,NA,NA,NA,NA,1021.9,13.4,12.5,NA,NA,NA
2025,1,8,14,10,10,4.1,NA,NA,NA,NA,NA,1022.1,13.7,12.5,NA,NA,NA
2025,1,8,15,10,40,3.1,NA,NA,NA,NA,NA,1022.8,12.9,12.5,NA,NA,NA
2025,1,8,16,10,30,2.6,NA,NA,NA,NA,NA,1023.6,11.9,12.5,NA,NA,NA
2025,1,8,17,10,30,4.6,NA,NA,NA,NA,NA,1023.8,11,12.5,NA,NA,NA
2025,1,8,18,10,30,4.6,NA,NA,NA,NA,NA,1024.3,11,12.5,NA,NA,NA
2025,1,8,19,10,30,3.6,NA,NA,NA,NA,NA,1024.1,11.9,12.6,NA,NA,NA
2025,1,8,20,10,20,3.1,NA,NA,NA,NA,NA,1023.7,12.4,12.6,NA,NA,NA
2025,1,8,21,0,50,3.6,NA,NA,NA,NA,NA,1022.7,13.2,12.8,NA,NA,NA
2025,1,8,22,0,30,0.5,NA,NA,NA,NA,NA,1022.1,14.2,12.9,NA,NA,NA
2025,1,8,23,0,280,3.6,NA,NA,NA,NA,NA,1021.8,13.7,13,NA,NA,NA
2025,1,9,0,0,290,6.7,NA,NA,NA,NA,NA,1021.6,13.2,12.9,NA,NA,NA
2025,1,9,1,0,290,4.6,NA,NA,NA,NA,NA,1021.6,13.2,12.7,NA,NA,NA
2025,1,9,2,0,290,4.6,NA,NA,NA,NA,NA,1022,12.9,12.7,NA,NA,NA
2025,1,9,3,0,300,4.1,NA,NA,NA,NA,NA,1021.9,12.7,12.6,NA,NA,NA
2025,1,9,4,0,60,1,NA,NA,NA,NA,NA,1021.8,12.6,12.6,NA,NA,NA
2025,1,9,5,0,0,0,NA,NA,NA,NA,NA,1021.8,12.2,12.6,NA,NA,NA
2025,1,9,6,0,0,0,NA,NA,NA,NA,NA,1021.6,12.3,12.6,NA,NA,NA
2025,1,9,7,0,60,3.6,NA,NA,NA,NA,NA,1021.9,12.5,12.6,NA,NA,NA
2025,1,9,8,10,30,3.1,NA,NA,NA,NA,NA,1021.6,11.4,12.6,NA,NA,NA
2025,1,9,9,10,30,3.6,NA,NA,NA,NA,NA,1021.2,11,12.6,NA,NA,NA
2025,1,9,10,10,20,5.1,NA,NA,NA,NA,NA,1020.9,10.2,12.6,NA,NA,NA
2025,1,9,11,10,30,5.7,NA,NA,NA,NA,NA,1020.4,10.1,12.6,NA,NA,NA
2025,1,9,12,10,30,6.7,NA,NA,NA,NA,NA,1019.8,10.5,12.6,NA,NA,NA
2025,1,9,14,10,30,6.7,NA,NA,NA,NA,NA,1020.3,10.8,12.6,NA,NA,NA
2025,1,9,15,10,40,7.7,NA,NA,NA,NA,NA,1020.5,10,12.6,NA,NA,NA
2025,1,9,16,10,40,5.7,NA,NA,NA,NA,NA,1021.5,10.8,12.6,NA,NA,NA
2025,1,9,17,10,20,6.7,NA,NA,NA,NA,NA,1022.4,11.4,12.6,NA,NA,NA
2025,1,9,18,10,30,5.1,NA,NA,NA,NA,NA,1022.5,11.5,12.6,NA,NA,NA
2025,1,9,19,10,20,3.6,NA,NA,NA,NA,NA,1022.4,12.1,12.6,NA,NA,NA
2025,1,9,20,10,320,2.1,NA,NA,NA,NA,NA,1021.6,12.7,12.6,NA,NA,NA
2025,1,9,21,10,310,3.1,NA,NA,NA,NA,NA,1020.9,12.3,12.8,NA,NA,NA
2025,1,9,22,10,290,4.1,NA,NA,NA,NA,NA,1020.5,12.8,12.8,NA,NA,NA
2025,1,9,23,10,280,3.1,NA,NA,NA,NA,NA,1020.4,13.2,12.8,NA,NA,NA
2025,1,10,0,10,290,4.1,NA,NA,NA,NA,NA,1020.6,13.2,12.8,NA,NA,NA
2025,1,10,1,10,290,4.1,NA,NA,NA,NA,NA,1020.7,13,12.8,NA,NA,NA
2025,1,10,2,10,290,2.1,NA,NA,NA,NA,NA,1020.8,12.9,12.7,NA,NA,NA
2025,1,10,3,10,60,1,NA,NA,NA,NA,NA,1021.3,12.5,12.7,NA,NA,NA
2025,1,10,4,10,350,1,NA,NA,NA,NA,NA,1021.7,12.4,12.7,NA,NA,NA
2025,1,10,5,10,60,2.6,NA,NA,NA,NA,NA,1022,12.3,12.7,NA,NA,NA
2025,1,10,6,10,20,3.1,NA,NA,NA,NA,NA,1022.5,12.9,12.6,NA,NA,NA
2025,1,10,7,10,30,4.6,NA,NA,NA,NA,NA,1022.6,12.3,12.7,NA,NA,NA
2025,1,10,8,10,20,5.7,NA,NA,NA,NA,NA,1023,12,12.6,NA,NA,NA
2025,1,10,9,10,10,5.7,NA,NA,NA,NA,NA,1023.5,11.4,12.6,NA,NA,NA
2025,1,10,10,10,30,8.2,NA,NA,NA,NA,NA,1024.3,11.8,12.6,NA,NA,NA
2025,1,10,11,10,30,6.7,NA,NA,NA,NA,NA,1024.1,11.3,12.6,NA,NA,NA
2025,1,10,12,10,20,7.7,NA,NA,NA,NA,NA,1024.1,10.6,12.6,NA,NA,NA
2025,1,10,13,10,40,6.2,NA,NA,NA,NA,NA,1024.6,10.8,12.6,NA,NA,NA
2025,1,10,14,10,20,6.7,NA,NA,NA,NA,NA,1025,10.5,12.6,NA,NA,NA
2025,1,10,15,10,20,6.2,NA,NA,NA,NA,NA,1025.5,10.7,12.5,NA,NA,NA
2025,1,10,16,10,20,6.7,NA,NA,NA,NA,NA,1026.1,10,12.5,NA,NA,NA
2025,1,10,17,10,40,5.1,NA,NA,NA,NA,NA,1027,10.1,12.5,NA,NA,NA
2025,1,10,18,10,20,3.6,NA,NA,NA,NA,NA,1027.6,10.5,12.5,NA,NA,NA
2025,1,10,19,10,20,5.1,NA,NA,NA,NA,NA,1027.5,11.7,12.5,NA,NA,NA
2025,1,10,20,10,360,2.1,NA,NA,NA,NA,NA,1027,12.9,12.5,NA,NA,NA
2025,1,10,21,10,330,1.5,NA,NA,NA,NA,NA,1026.4,13,12.6,NA,NA,NA
2025,1,10,22,10,0,0,NA,NA,NA,NA,NA,1025.5,13.4,12.8,NA,NA,NA
2025,1,10,23,10,290,2.6,NA,NA,NA,NA,NA,1025.7,14.1,12.9,NA,NA,NA
2025,1,11,0,10,300,3.1,NA,NA,NA,NA,NA,1025.5,14,12.8,NA,NA,NA
2025,1,11,1,10,260,2.1,NA,NA,NA,NA,NA,1025.1,13.6,12.7,NA,NA,NA
2025,1,11,2,10,0,0,NA,NA,NA,NA,NA,1024.8,13.1,12.6,NA,NA,NA
2025,1,11,3,10,260,2.6,NA,NA,NA,NA,NA,1024.8,12.8,12.6,NA,NA,NA
2025,1,11,4,10,290,5.7,NA,NA,NA,NA,NA,1024.6,12.6,12.6,NA,NA,NA
2025,1,11,5,10,290,6.7,NA,NA,NA,NA,NA,1024.5,12,12.5,NA,NA,NA
2025,1,11,6,10,280,5.1,NA,NA,NA,NA,NA,1024.6,12,12.5,NA,NA,NA
2025,1,11,7,10,290,5.1,NA,NA,NA,NA,NA,1024.4,11.9,12.5,NA,NA,NA
2025,1,11,8,10,310,5.7,NA,NA,NA,NA,NA,1023.7,11.9,12.5,NA,NA,NA
2025,1,11,9,10,320,5.7,NA,NA,NA,NA,NA,1023,12,12.5,NA,NA,NA
2025,1,11,10,10,350,4.6,NA,NA,NA,NA,NA,1022.8,10.8,12.4,NA,NA,NA
2025,1,11,11,10,360,5.7,NA,NA,NA,NA,NA,1022.5,10.8,12.4,NA,NA,NA
2025,1,11,12,10,20,4.6,NA,NA,NA,NA,NA,1022.1,10.8,12.4,NA,NA,NA
2025,1,11,13,10,40,2.6,NA,NA,NA,NA,NA,1022,10.6,12.4,NA,NA,NA
2025,1,11,14,10,30,2.1,NA,NA,NA,NA,NA,1022.2,10.5,12.4,NA,NA,NA
2025,1,11,15,10,0,0,NA,NA,NA,NA,NA,1022.4,10.6,12.3,NA,NA,NA
2025,1,11,16,10,340,0.5,NA,NA,NA,NA,NA,1022.9,11.6,12.3,NA,NA,NA
2025,1,11,17,10,360,4.1,NA,NA,NA,NA,NA,1023.5,12.2,12.1,NA,NA,NA
2025,1,11,18,10,40,1,NA,NA,NA,NA,NA,1024,11.8,12.1,NA,NA,NA
2025,1,11,19,10,330,2.6,NA,NA,NA,NA,NA,1023.6,12.4,11.9,NA,NA,NA
2025,1,11,20,10,120,1.5,NA,NA,NA,NA,NA,1022.4,13.2,12.3,NA,NA,NA
2025,1,11,21,10,70,1,NA,NA,NA,NA,NA,1021.5,14.5,12.6,NA,NA,NA
2025,1,11,22,10,280,6.2,NA,NA,NA,NA,NA,1020.6,13.2,12.5,NA,NA,NA
2025,1,11,23,10,270,6.2,NA,NA,NA,NA,NA,1020.4,13.2,12.4,NA,NA,NA
2025,1,12,0,10,290,8.2,NA,NA,NA,NA,NA,1019.5,13.2,12.3,NA,NA,NA
2025,1,12,1,10,300,6.2,NA,NA,NA,NA,NA,1019.6,12.8,12.1,NA,NA,NA
2025,1,12,2,10,310,6.2,NA,NA,NA,NA,NA,1020.2,13.5,12,NA,NA,NA
2025,1,12,3,10,330,6.7,NA,NA,NA,NA,NA,1020.4,14.1,12.1,NA,NA,NA
2025,1,12,4,10,300,3.6,NA,NA,NA,NA,NA,1020.9,14,12,NA,NA,NA
2025,1,12,5,10,280,3.1,NA,NA,NA,NA,NA,1020.8,13.7,12,NA,NA,NA
2025,1,12,6,10,320,5.1,NA,NA,NA,NA,NA,1021.2,15,11.9,NA,NA,NA
2025,1,12,7,10,350,4.1,NA,NA,NA,NA,NA,1021.1,13.1,11.9,NA,NA,NA
2025,1,12,8,10,320,6.2,NA,NA,NA,NA,NA,1020.4,13.1,11.8,NA,NA,NA
2025,1,12,9,10,300,7.7,NA,NA,NA,NA,NA,1020.1,12.7,11.7,NA,NA,NA
2025,1,12,10,10,280,5.7,NA,NA,NA,NA,NA,1020.3,13,11.8,NA,NA,NA
2025,1,12,11,10,20,5.7,NA,NA,NA,NA,NA,1020.3,13.2,11.8,NA,NA,NA
2025,1,12,12,10,120,2.6,NA,NA,NA,NA,NA,1020.1,12.6,11.8,NA,NA,NA
2025,1,12,13,10,0,0,NA,NA,NA,NA,NA,1019.8,12.8,11.8,NA,NA,NA
2025,1,12,14,10,20,1.5,NA,NA,NA,NA,NA,1020.3,12.8,11.8,NA,NA,NA
2025,1,12,15,10,30,3.6,NA,NA,NA,NA,NA,1020.9,12.3,11.9,NA,NA,NA
2025,1,12,16,10,50,4.6,NA,NA,NA,NA,NA,1021.3,12,11.9,NA,NA,NA
2025,1,12,17,10,50,4.6,NA,NA,NA,NA,NA,1021.5,11.1,12,NA,NA,NA
2025,1,12,18,10,50,4.6,NA,NA,NA,NA,NA,1022,11.2,12.1,NA,NA,NA
2025,1,12,20,0,130,0.5,NA,NA,NA,NA,NA,1020.7,13,12.3,NA,NA,NA
2025,1,12,21,10,220,3.1,NA,NA,NA,NA,NA,1020.1,12.9,12.4,NA,NA,NA
2025,1,12,22,10,240,1.5,NA,NA,NA,NA,NA,1019.7,13.1,12.5,NA,NA,NA
2025,1,12,23,10,280,3.6,NA,NA,NA,NA,NA,1019.4,13,12.4,NA,NA,NA
2025,1,13,0,10,270,4.6,NA,NA,NA,NA,NA,1019.2,12.9,12.6,NA,NA,NA
2025,1,13,1,10,280,6.2,NA,NA,NA,NA,NA,1019.1,12.2,12.4,NA,NA,NA
2025,1,13,2,10,310,4.6,NA,NA,NA,NA,NA,1019.1,12.4,12.3,NA,NA,NA
2025,1,13,3,10,300,4.6,NA,NA,NA,NA,NA,1019.6,12.4,12.2,NA,NA,NA
2025,1,13,4,10,330,3.6,NA,NA,NA,NA,NA,1019.8,12.1,12.2,NA,NA,NA
2025,1,13,5,10,0,0,NA,NA,NA,NA,NA,1019.8,12,12.2,NA,NA,NA
2025,1,13,6,10,250,1.5,NA,NA,NA,NA,NA,1019.6,11.8,12.2,NA,NA,NA
2025,1,13,7,10,300,5.1,NA,NA,NA,NA,NA,1019,11.2,12.2,NA,NA,NA
2025,1,13,8,10,10,3.6,NA,NA,NA,NA,NA,1019.4,10.2,12.2,NA,NA,NA
2025,1,13,9,10,30,3.1,NA,NA,NA,NA,NA,1019.3,10.2,12.2,NA,NA,NA
2025,1,13,10,10,20,5.1,NA,NA,NA,NA,NA,1018.8,9.4,12.1,NA,NA,NA
2025,1,13,11,10,30,5.7,NA,NA,NA,NA,NA,1019,8.7,12,NA,NA,NA
2025,1,13,12,10,40,5.7,NA,NA,NA,NA,NA,1019.1,8.8,11.8,NA,NA,NA
2025,1,13,13,10,20,7.2,NA,NA,NA,NA,NA,1019.9,8.8,11.9,NA,NA,NA
2025,1,13,14,10,10,6.7,NA,NA,NA,NA,NA,1020.6,10.4,11.8,NA,NA,NA
2025,1,13,15,10,20,6.7,NA,NA,NA,NA,NA,1021.8,10,11.7,NA,NA,NA
2025,1,13,16,10,40,6.7,NA,NA,NA,NA,NA,1022.8,10.2,11.7,NA,NA,NA
2025,1,13,17,10,20,6.2,NA,NA,NA,NA,NA,1024.3,10,11.7,NA,NA,NA
2025,1,13,18,10,10,5.7,NA,NA,NA,NA,NA,1025.4,11,11.6,NA,NA,NA
2025,1,13,19,10,10,6.7,NA,NA,NA,NA,NA,1024.8,11.4,11.6,NA,NA,NA
2025,1,13,20,10,10,6.7,NA,NA,NA,NA,NA,1024.4,12.5,11.6,NA,NA,NA
2025,1,13,21,10,20,5.7,NA,NA,NA,NA,NA,1023.5,13,11.5,NA,NA,NA
2025,1,13,22,10,20,4.6,NA,NA,NA,NA,NA,1022.9,13.3,11.6,NA,NA,NA
2025,1,13,23,10,360,3.1,NA,NA,NA,NA,NA,1023.6,13.1,11.7,NA,NA,NA
2025,1,14,0,10,0,0,NA,NA,NA,NA,NA,1024,13.8,11.8,NA,NA,NA
2025,1,14,1,10,0,0,NA,NA,NA,NA,NA,1024.7,14.1,11.9,NA,NA,NA
2025,1,14,2,10,310,3.1,NA,NA,NA,NA,NA,1025.7,13,11.9,NA,NA,NA
2025,1,14,3,10,360,3.6,NA,NA,NA,NA,NA,1026.4,12.6,11.9,NA,NA,NA
2025,1,14,4,10,10,3.1,NA,NA,NA,NA,NA,1026.7,12.8,11.8,NA,NA,NA
2025,1,14,5,10,40,2.1,NA,NA,NA,NA,NA,1026.9,12.2,11.8,NA,NA,NA
2025,1,14,6,10,30,2.6,NA,NA,NA,NA,NA,1027.5,11.8,11.7,NA,NA,NA
2025,1,14,7,10,40,1,NA,NA,NA,NA,NA,1027.7,11.7,11.6,NA,NA,NA
2025,1,14,8,10,30,3.1,NA,NA,NA,NA,NA,1027.3,10.7,11.6,NA,NA,NA
2025,1,14,9,10,360,4.1,NA,NA,NA,NA,NA,1027.3,10.5,11.6,NA,NA,NA
2025,1,14,10,10,10,5.1,NA,NA,NA,NA,NA,1027.6,9.8,11.8,NA,NA,NA
2025,1,14,11,10,20,3.1,NA,NA,NA,NA,NA,1027.8,9.9,11.7,NA,NA,NA
2025,1,14,12,10,30,6.2,NA,NA,NA,NA,NA,1027,9.1,11.7,NA,NA,NA
2025,1,14,13,10,30,6.7,NA,NA,NA,NA,NA,1026.9,8.3,11.6,NA,NA,NA
2025,1,14,14,10,20,6.2,NA,NA,NA,NA,NA,1027,8.2,11.5,NA,NA,NA
2025,1,14,15,10,20,5.1,NA,NA,NA,NA,NA,1027.2,8.2,11.4,NA,NA,NA
2025,1,14,16,10,20,5.7,NA,NA,NA,NA,NA,1027.5,7.4,11.4,NA,NA,NA
2025,1,14,17,10,30,6.2,NA,NA,NA,NA,NA,1027.7,8,11.4,NA,NA,NA
2025,1,14,18,10,30,5.1,NA,NA,NA,NA,NA,1027.8,8.9,11.5,NA,NA,NA
2025,1,14,19,10,30,4.1,NA,NA,NA,NA,NA,1027.3,10,11.7,NA,NA,NA
2025,1,14,20,10,20,3.1,NA,NA,NA,NA,NA,1026.4,11.3,11.9,NA,NA,NA
2025,1,14,21,10,310,4.1,NA,NA,NA,NA,NA,1025.5,11.4,12,NA,NA,NA
2025,1,14,22,10,280,2.6,NA,NA,NA,NA,NA,1024.9,11.7,12.1,NA,NA,NA
2025,1,14,23,10,280,5.1,NA,NA,NA,NA,NA,1024.7,11.8,12.1,NA,NA,NA
2025,1,15,0,10,280,5.1,NA,NA,NA,NA,NA,1024.5,11.8,12.2,NA,NA,NA
2025,1,15,1,10,280,4.6,NA,NA,NA,NA,NA,1024.1,11.6,12.3,NA,NA,NA
2025,1,15,2,10,280,3.1,NA,NA,NA,NA,NA,1024.4,11.6,12.2,NA,NA,NA
2025,1,15,3,10,300,3.6,NA,NA,NA,NA,NA,1024.5,11.8,12.2,NA,NA,NA
2025,1,15,4,10,310,1.5,NA,NA,NA,NA,NA,1024.4,11.6,12.1,NA,NA,NA
2025,1,15,5,10,0,0,NA,NA,NA,NA,NA,1024.4,11.5,12,NA,NA,NA
2025,1,15,6,10,0,0,NA,NA,NA,NA,NA,1024.5,11.2,12,NA,NA,NA
2025,1,15,7,10,90,1,NA,NA,NA,NA,NA,1024.4,11.3,11.9,NA,NA,NA
2025,1,15,8,10,30,3.6,NA,NA,NA,NA,NA,1024.1,9.8,11.9,NA,NA,NA
2025,1,15,9,10,40,6.2,NA,NA,NA,NA,NA,1023.8,9.2,11.9,NA,NA,NA
2025,1,15,10,10,40,6.7,NA,NA,NA,NA,NA,1023.9,9.6,12,NA,NA,NA
2025,1,15,11,10,20,7.2,NA,NA,NA,NA,NA,1023.8,9.7,12,NA,NA,NA
2025,1,15,12,10,20,5.7,NA,NA,NA,NA,NA,1023.5,10,12,NA,NA,NA
2025,1,15,13,10,30,6.2,NA,NA,NA,NA,NA,1023.5,9.3,12,NA,NA,NA
2025,1,15,14,10,30,7.2,NA,NA,NA,NA,NA,1023.4,8.7,12,NA,NA,NA
2025,1,15,15,10,30,5.7,NA,NA,NA,NA,NA,1023.8,8.7,12,NA,NA,NA
2025,1,15,16,10,20,7.2,NA,NA,NA,NA,NA,1023.6,7.6,11.9,NA,NA,NA
2025,1,15,17,10,20,7.7,NA,NA,NA,NA,NA,1024,7.9,11.9,NA,NA,NA
2025,1,15,18,10,30,5.7,NA,NA,NA,NA,NA,1024.2,9.7,11.9,NA,NA,NA
2025,1,15,19,10,50,3.6,NA,NA,NA,NA,NA,1024.3,10.7,11.9,NA,NA,NA
2025,1,15,20,10,0,0,NA,NA,NA,NA,NA,1023.8,12.4,12,NA,NA,NA
2025,1,15,21,10,0,0,NA,NA,NA,NA,NA,1023,12,12.2,NA,NA,NA
2025,1,15,22,10,0,0,NA,NA,NA,NA,NA,1022.1,12.9,12.3,NA,NA,NA
2025,1,15,23,10,60,1.5,NA,NA,NA,NA,NA,1021.9,12.6,12.7,NA,NA,NA
2025,1,16,0,10,0,0,NA,NA,NA,NA,NA,1021.9,13.4,12.6,NA,NA,NA
2025,1,16,1,10,310,1,NA,NA,NA,NA,NA,1022,12,12.8,NA,NA,NA
2025,1,16,2,10,300,1,NA,NA,NA,NA,NA,1022.1,11.6,12.8,NA,NA,NA
2025,1,16,3,10,0,0,NA,NA,NA,NA,NA,1022.2,11.5,12.6,NA,NA,NA
2025,1,16,4,10,0,0,NA,NA,NA,NA,NA,1022.3,11.4,12.5,NA,NA,NA
2025,1,16,5,10,0,0,NA,NA,NA,NA,NA,1022.6,11.4,12.4,NA,NA,NA
2025,1,16,6,10,0,0,NA,NA,NA,NA,NA,1022.8,11.3,12.3,NA,NA,NA
2025,1,16,7,10,30,3.1,NA,NA,NA,NA,NA,1022.3,10.9,12.2,NA,NA,NA
2025,1,16,8,10,20,2.1,NA,NA,NA,NA,NA,1021.9,10.4,12.2,NA,NA,NA
2025,1,16,9,10,0,0,NA,NA,NA,NA,NA,1021.8,10.1,12.1,NA,NA,NA
2025,1,16,10,10,20,6.7,NA,NA,NA,NA,NA,1021.6,9.8,12.1,NA,NA,NA
2025,1,16,11,10,0,0,NA,NA,NA,NA,NA,1021.7,10.5,12,NA,NA,NA
2025,1,16,12,10,0,0,NA,NA,NA,NA,NA,1021.3,10.3,12.3,NA,NA,NA
2025,1,16,13,10,0,0,NA,NA,NA,NA,NA,1021.1,10.6,12.5,NA,NA,NA
2025,1,16,14,10,0,0,NA,NA,NA,NA,NA,1021.1,10,12.5,NA,NA,NA
2025,1,16,15,10,0,0,NA,NA,NA,NA,NA,1021,9.8,12.5,NA,NA,NA
2025,1,16,16,10,0,0,NA,NA,NA,NA,NA,1021.1,9.2,12.5,NA,NA,NA
2025,1,16,17,10,0,0,NA,NA,NA,NA,NA,1021.1,9.8,12.5,NA,NA,NA
2025,1,16,18,10,0,0,NA,NA,NA,NA,NA,1021.6,11.2,12.5,NA,NA,NA
2025,1,16,19,10,0,0,NA,NA,NA,NA,NA,1021.4,12.4,12.5,NA,NA,NA
2025,1,16,20,10,0,0,NA,NA,NA,NA,NA,1020.4,12.8,12.6,NA,NA,NA
2025,1,16,21,10,0,0,NA,NA,NA,NA,NA,1019.7,13.4,12.7,NA,NA,NA
2025,1,16,22,10,0,0,NA,NA,NA,NA,NA,1019.2,13.4,12.8,NA,NA,NA
2025,1,16,23,10,0,0,NA,NA,NA,NA,NA,1018.9,12.2,12.7,NA,NA,NA
2025,1,17,0,10,0,0,NA,NA,NA,NA,NA,1019.4,12.4,12.6,NA,NA,NA
2025,1,17,1,10,0,0,NA,NA,NA,NA,NA,1019.6,12.3,12.5,NA,NA,NA
2025,1,17,2,10,0,0,NA,NA,NA,NA,NA,1020,12.3,12.5,NA,NA,NA
2025,1,17,3,10,0,0,NA,NA,NA,NA,NA,1020.2,12.1,12.5,NA,NA,NA
2025,1,17,4,10,0,0,NA,NA,NA,NA,NA,1020.4,12,12.5,NA,NA,NA
2025,1,17,5,10,0,0,NA,NA,NA,NA,NA,1020.7,11.9,12.5,NA,NA,NA
2025,1,17,6,10,0,0,NA,NA,NA,NA,NA,1020.9,11.2,12.3,NA,NA,NA
2025,1,17,7,10,0,0,NA,NA,NA,NA,NA,1021.1,10.7,12.3,NA,NA,NA
2025,1,17,8,10,0,0,NA,NA,NA,NA,NA,1021.4,10.6,12.2,NA,NA,NA
2025,1,17,9,10,0,0,NA,NA,NA,NA,NA,1021.4,10.2,12.1,NA,NA,NA
2025,1,17,10,10,0,0,NA,NA,NA,NA,NA,1021.4,10.2,12.1,NA,NA,NA
2025,1,17,11,10,0,0,NA,NA,NA,NA,NA,1021.7,9.5,12.1,NA,NA,NA
2025,1,17,12,10,0,0,NA,NA,NA,NA,NA,1021.5,9.6,12.2,NA,NA,NA
2025,1,17,13,10,0,0,NA,NA,NA,NA,NA,1021.5,9.2,12.2,NA,NA,NA
2025,1,17,14,10,0,0,NA,NA,NA,NA,NA,1022,8.8,12.3,NA,NA,NA
2025,1,17,15,10,0,0,NA,NA,NA,NA,NA,1022.5,8.9,12.3,NA,NA,NA
2025,1,17,16,10,0,0,NA,NA,NA,NA,NA,1023.2,8.7,12.3,NA,NA,NA
2025,1,17,17,10,0,0,NA,NA,NA,NA,NA,1024,8.7,12.3,NA,NA,NA
2025,1,17,18,10,0,0,NA,NA,NA,NA,NA,1024.2,8.2,12.3,NA,NA,NA
2025,1,17,19,10,0,0,NA,NA,NA,NA,NA,1024.8,8.8,12.3,NA,NA,NA
2025,1,17,20,10,0,0,NA,NA,NA,NA,NA,1024.2,9.8,12.3,NA,NA,NA
2025,1,17,21,10,0,0,NA,NA,NA,NA,NA,1023.2,10.4,12.4,NA,NA,NA
2025,1,17,22,10,0,0,NA,NA,NA,NA,NA,1022.7,11.4,12.4,NA,NA,NA
2025,1,17,23,10,0,0,NA,NA,NA,NA,NA,1022.5,11.3,12.5,NA,NA,NA
2025,1,18,0,10,0,0,NA,NA,NA,NA,NA,1022.7,11.1,12.4,NA,NA,NA
2025,1,18,1,10,0,0,NA,NA,NA,NA,NA,1022.9,10.9,12.2,NA,NA,NA
2025,1,18,2,10,0,0,NA,NA,NA,NA,NA,1023.1,11,12.2,NA,NA,NA
2025,1,18,3,10,0,0,NA,NA,NA,NA,NA,1023.3,10.8,12.2,NA,NA,NA
2025,1,18,4,10,0,0,NA,NA,NA,NA,NA,1023.4,10.8,12.1,NA,NA,NA
2025,1,18,5,10,0,0,NA,NA,NA,NA,NA,1023.6,10.5,12.1,NA,NA,NA
2025,1,18,6,10,0,0,NA,NA,NA,NA,NA,1023.6,10.5,12.1,NA,NA,NA
2025,1,18,7,10,0,0,NA,NA,NA,NA,NA,1023.8,10.2,12.1,NA,NA,NA
2025,1,18,8,10,0,0,NA,NA,NA,NA,NA,1023.7,10.3,12.1,NA,NA,NA
2025,1,18,9,10,0,0,NA,NA,NA,NA,NA,1024,10.2,12.2,NA,NA,NA
2025,1,18,10,10,0,0,NA,NA,NA,NA,NA,1024,10.2,12.3,NA,NA,NA
2025,1,18,11,10,0,0,NA,NA,NA,NA,NA,1023.9,9.8,12.3,NA,NA,NA
2025,1,18,12,10,0,0,NA,NA,NA,NA,NA,1023.9,9.5,12.3,NA,NA,NA
2025,1,18,13,10,0,0,NA,NA,NA,NA,NA,1023.7,9.3,12.4,NA,NA,NA
2025,1,18,14,10,0,0,NA,NA,NA,NA,NA,1024,8.8,12.4,NA,NA,NA
2025,1,18,15,10,0,0,NA,NA,NA,NA,NA,1024.4,8.8,12.3,NA,NA,NA
2025,1,18,16,10,0,0,NA,NA,NA,NA,NA,1024.7,8.4,12.2,NA,NA,NA
2025,1,18,17,10,0,0,NA,NA,NA,NA,NA,1025.6,7.8,12.1,NA,NA,NA
2025,1,18,18,10,0,0,NA,NA,NA,NA,NA,1026,7.8,12.1,NA,NA,NA
2025,1,18,19,10,0,0,NA,NA,NA,NA,NA,1025.6,8,12.2,NA,NA,NA
2025,1,18,20,10,0,0,NA,NA,NA,NA,NA,1025,8.6,12.2,NA,NA,NA
2025,1,18,21,10,0,0,NA,NA,NA,NA,NA,1024.1,9.1,12.3,NA,NA,NA
2025,1,18,22,10,0,0,NA,NA,NA,NA,NA,1023.4,10.1,12.3,NA,NA,NA
2025,1,18,23,10,0,0,NA,NA,NA,NA,NA,1023.2,10.4,12.4,NA,NA,NA
2025,1,19,0,10,0,0,NA,NA,NA,NA,NA,1023,10.8,12.4,NA,NA,NA
2025,1,19,1,10,0,0,NA,NA,NA,NA,NA,1023.1,10.8,12.4,NA,NA,NA
2025,1,19,2,10,0,0,NA,NA,NA,NA,NA,1023.5,10.8,12.3,NA,NA,NA
2025,1,19,3,10,0,0,NA,NA,NA,NA,NA,1023.7,10.7,12.3,NA,NA,NA
2025,1,19,4,10,0,0,NA,NA,NA,NA,NA,1023.8,10.8,12.3,NA,NA,NA
2025,1,19,5,10,0,0,NA,NA,NA,NA,NA,1024,10.7,12.2,NA,NA,NA
2025,1,19,6,10,0,0,NA,NA,NA,NA,NA,1024.1,10.6,12.2,NA,NA,NA
2025,1,19,7,10,0,0,NA,NA,NA,NA,NA,1024.4,10.5,12.1,NA,NA,NA
2025,1,19,8,10,0,0,NA,NA,NA,NA,NA,1024.1,10.5,12.1,NA,NA,NA
2025,1,19,9,10,0,0,NA,NA,NA,NA,NA,1024.2,10.6,12.1,NA,NA,NA
2025,1,19,10,10,0,0,NA,NA,NA,NA,NA,1024.6,10.2,12.1,NA,NA,NA
2025,1,19,11,10,0,0,NA,NA,NA,NA,NA,1024.3,9.9,12,NA,NA,NA
2025,1,19,12,10,0,0,NA,NA,NA,NA,NA,1024,9.8,12,NA,NA,NA
2025,1,19,13,10,0,0,NA,NA,NA,NA,NA,1023.8,9.9,12,NA,NA,NA
2025,1,19,14,10,0,0,NA,NA,NA,NA,NA,1024.3,8.9,12,NA,NA,NA
2025,1,19,15,10,0,0,NA,NA,NA,NA,NA,1024.6,8.7,12,NA,NA,NA
2025,1,19,16,10,0,0,NA,NA,NA,NA,NA,1024.7,8.8,12,NA,NA,NA
2025,1,19,17,0,0,0,NA,NA,NA,NA,NA,1025.2,8.4,12,NA,NA,NA
2025,1,19,18,10,0,0,NA,NA,NA,NA,NA,1025.2,8.3,11.9,NA,NA,NA
2025,1,19,19,10,0,0,NA,NA,NA,NA,NA,1024.8,8.6,12,NA,NA,NA
2025,1,19,20,10,0,0,NA,NA,NA,NA,NA,1023.9,9,12,NA,NA,NA
2025,1,19,21,0,0,0,NA,NA,NA,NA,NA,1023.2,9.5,12.1,NA,NA,NA
2025,1,19,22,0,0,0,NA,NA,NA,NA,NA,1022.4,10.1,12.1,NA,NA,NA
2025,1,19,23,10,0,0,NA,NA,NA,NA,NA,1021.8,10.3,12.1,NA,NA,NA
2025,1,20,0,10,0,0,NA,NA,NA,NA,NA,1021.3,10.3,12,NA,NA,NA
2025,1,20,1,10,0,0,NA,NA,NA,NA,NA,1021,10.1,12.1,NA,NA,NA
2025,1,20,2,0,0,0,NA,NA,NA,NA,NA,1020.8,10.3,12,NA,NA,NA
2025,1,20,3,0,0,0,NA,NA,NA,NA,NA,1020.3,10.2,12,NA,NA,NA
2025,1,20,4,0,0,0,NA,NA,NA,NA,NA,1020,10.5,12,NA,NA,NA
2025,1,20,5,0,0,0,NA,NA,NA,NA,NA,1020,10.7,11.9,NA,NA,NA
2025,1,20,6,0,0,0,NA,NA,NA,NA,NA,1020.3,10.2,11.9,NA,NA,NA
2025,1,20,7,0,0,0,NA,NA,NA,NA,NA,1020.8,9.5,11.9,NA,NA,NA
2025,1,20,8,0,0,0,NA,NA,NA,NA,NA,1021.2,9,11.8,NA,NA,NA
2025,1,20,9,10,0,0,NA,NA,NA,NA,NA,1021.3,9,11.8,NA,NA,NA
2025,1,20,10,0,0,0,NA,NA,NA,NA,NA,1021.7,9,11.8,NA,NA,NA
2025,1,20,11,0,0,0,NA,NA,NA,NA,NA,1021.7,8.7,11.8,NA,NA,NA
2025,1,20,12,10,0,0,NA,NA,NA,NA,NA,1021.6,8,11.8,NA,NA,NA
2025,1,20,13,10,0,0,NA,NA,NA,NA,NA,1021.2,7.8,11.8,NA,NA,NA
2025,1,20,14,0,0,0,NA,NA,NA,NA,NA,1021.1,8.2,11.8,NA,NA,NA
2025,1,20,15,10,0,0,NA,NA,NA,NA,NA,1021.3,7.4,11.9,NA,NA,NA
2025,1,20,16,0,0,0,NA,NA,NA,NA,NA,1021.7,7.1,11.9,NA,NA,NA
2025,1,20,17,0,0,0,NA,NA,NA,NA,NA,1022.2,8.3,11.9,NA,NA,NA
2025,1,20,18,0,0,0,NA,NA,NA,NA,NA,1022,10.4,12,NA,NA,NA
2025,1,20,19,0,0,0,NA,NA,NA,NA,NA,1022.5,10.7,12,NA,NA,NA
2025,1,20,20,0,0,0,NA,NA,NA,NA,NA,1023.1,11.9,12,NA,NA,NA
2025,1,20,21,0,0,0,NA,NA,NA,NA,NA,1023.5,12.9,12,NA,NA,NA
2025,1,20,22,0,0,0,NA,NA,NA,NA,NA,1023.4,12.9,12.2,NA,NA,NA
2025,1,20,23,0,0,0,NA,NA,NA,NA,NA,1023.6,12.3,12.1,NA,NA,NA
2025,1,21,0,0,0,0,NA,NA,NA,NA,NA,1024.1,12.5,12.1,NA,NA,NA
2025,1,21,1,0,0,0,NA,NA,NA,NA,NA,1024.8,12.7,12,NA,NA,NA
2025,1,21,2,0,0,0,NA,NA,NA,NA,NA,1025.9,11.8,12,NA,NA,NA
2025,1,21,3,0,0,0,NA,NA,NA,NA,NA,1026.7,11.5,12.1,NA,NA,NA
2025,1,21,4,0,0,0,NA,NA,NA,NA,NA,1027.2,12,12.1,NA,NA,NA
2025,1,21,5,0,0,0,NA,NA,NA,NA,NA,1028,12.7,12.2,NA,NA,NA
2025,1,21,6,0,0,0,NA,NA,NA,NA,NA,1029.2,12,12.3,NA,NA,NA
2025,1,21,7,0,0,0,NA,NA,NA,NA,NA,1029.8,11.7,12.2,NA,NA,NA
2025,1,21,8,0,0,0,NA,NA,NA,NA,NA,1029.9,11.2,12.3,NA,NA,NA
2025,1,21,9,0,0,0,NA,NA,NA,NA,NA,1029.9,10.7,12.3,NA,NA,NA
2025,1,21,10,0,0,0,NA,NA,NA,NA,NA,1030.3,11,12.2,NA,NA,NA
2025,1,21,11,0,0,0,NA,NA,NA,NA,NA,1030.3,9.9,12.2,NA,NA,NA
2025,1,21,12,10,0,0,NA,NA,NA,NA,NA,1030.3,9.8,12.2,NA,NA,NA
2025,1,21,13,10,0,0,NA,NA,NA,NA,NA,1030.5,9.8,12.1,NA,NA,NA
2025,1,21,14,0,0,0,NA,NA,NA,NA,NA,1030.8,9.3,12.1,NA,NA,NA
2025,1,21,15,10,0,0,NA,NA,NA,NA,NA,1031.3,8.7,12,NA,NA,NA
2025,1,21,16,10,0,0,NA,NA,NA,NA,NA,1031.6,8.6,12,NA,NA,NA
2025,1,21,17,10,0,0,NA,NA,NA,NA,NA,1031.8,9.2,12,NA,NA,NA
2025,1,21,18,10,0,0,NA,NA,NA,NA,NA,1032.6,10.3,12,NA,NA,NA
2025,1,21,19,0,0,0,NA,NA,NA,NA,NA,1033,11.3,12,NA,NA,NA
2025,1,21,20,10,0,0,NA,NA,NA,NA,NA,1032.4,11.9,12.1,NA,NA,NA
2025,1,21,21,10,0,0,NA,NA,NA,NA,NA,1031.5,12.7,12.3,NA,NA,NA
2025,1,21,22,10,0,0,NA,NA,NA,NA,NA,1030.8,12.6,12.3,NA,NA,NA
2025,1,21,23,10,0,0,NA,NA,NA,NA,NA,1030.4,12.5,12.3,NA,NA,NA
2025,1,22,0,10,0,0,NA,NA,NA,NA,NA,1029.9,12.9,12.3,NA,NA,NA
2025,1,22,1,0,0,0,NA,NA,NA,NA,NA,1029.5,12.1,12.3,NA,NA,NA
2025,1,22,2,10,0,0,NA,NA,NA,NA,NA,1029.5,12.6,12.2,NA,NA,NA
2025,1,22,3,10,0,0,NA,NA,NA,NA,NA,1029.7,12.2,12.3,NA,NA,NA
2025,1,22,4,10,0,0,NA,NA,NA,NA,NA,1029.7,11.9,12.2,NA,NA,NA
2025,1,22,5,10,0,0,NA,NA,NA,NA,NA,1029.7,11.5,12.2,NA,NA,NA
2025,1,22,6,10,0,0,NA,NA,NA,NA,NA,1029.5,11.7,12.2,NA,NA,NA
2025,1,22,7,10,0,0,NA,NA,NA,NA,NA,1029.5,11.5,12.2,NA,NA,NA
2025,1,22,8,10,0,0,NA,NA,NA,NA,NA,1029.1,11.3,12.2,NA,NA,NA
2025,1,22,9,10,0,0,NA,NA,NA,NA,NA,1028.5,11.2,12.2,NA,NA,NA
2025,1,22,10,10,0,0,NA,NA,NA,NA,NA,1028,11.3,12.2,NA,NA,NA
2025,1,22,11,10,50,0.5,NA,NA,NA,NA,NA,1027.9,10.9,12.2,NA,NA,NA
2025,1,22,12,10,0,0,NA,NA,NA,NA,NA,1027.6,9.6,12.2,NA,NA,NA
2025,1,22,13,10,0,0,NA,NA,NA,NA,NA,1027.4,10.6,12.1,NA,NA,NA
2025,1,22,14,10,0,0,NA,NA,NA,NA,NA,1027.3,10.4,12.1,NA,NA,NA
2025,1,22,15,10,30,0.5,NA,NA,NA,NA,NA,1027.1,9,12.1,NA,NA,NA
2025,1,22,16,10,20,0.5,NA,NA,NA,NA,NA,1027.4,9,12.1,NA,NA,NA
2025,1,22,17,10,20,0.5,NA,NA,NA,NA,NA,1027.7,8.9,12.1,NA,NA,NA
2025,1,22,18,10,20,0.5,NA,NA,NA,NA,NA,1028.2,9.4,12.1,NA,NA,NA
2025,1,22,19,10,0,0,NA,NA,NA,NA,NA,1027.8,10.9,12.1,NA,NA,NA
2025,1,22,20,10,0,0,NA,NA,NA,NA,NA,1026.9,12.7,12.2,NA,NA,NA
2025,1,22,21,10,0,0,NA,NA,NA,NA,NA,1025.7,12,12.4,NA,NA,NA
2025,1,22,22,10,0,0,NA,NA,NA,NA,NA,1024.9,12.7,12.4,NA,NA,NA
2025,1,22,23,10,0,0,NA,NA,NA,NA,NA,1024.5,12.7,12.3,NA,NA,NA
2025,1,23,0,10,0,0,NA,NA,NA,NA,NA,1024.2,12.6,12.3,NA,NA,NA
2025,1,23,1,10,0,0,NA,NA,NA,NA,NA,1024,12.5,12.3,NA,NA,NA
2025,1,23,2,10,0,0,NA,NA,NA,NA,NA,1024,12.2,12.3,NA,NA,NA
2025,1,23,3,10,0,0,NA,NA,NA,NA,NA,1024.4,12.4,12.2,NA,NA,NA
2025,1,23,4,10,0,0,NA,NA,NA,NA,NA,1024.9,12.3,12.2,NA,NA,NA
2025,1,23,5,10,0,0,NA,NA,NA,NA,NA,1025.3,12.4,12.2,NA,NA,NA
2025,1,23,6,10,0,0,NA,NA,NA,NA,NA,1025.5,12.1,12.1,NA,NA,NA
2025,1,23,7,10,0,0,NA,NA,NA,NA,NA,1026.1,13,12.1,NA,NA,NA
2025,1,23,8,10,0,0,NA,NA,NA,NA,NA,1026.2,13,12.1,NA,NA,NA
2025,1,23,9,10,0,0,NA,NA,NA,NA,NA,1025.8,11.8,12.1,NA,NA,NA
2025,1,23,10,10,0,0,NA,NA,NA,NA,NA,1025.5,11.1,12.1,NA,NA,NA
2025,1,23,11,10,10,0.5,NA,NA,NA,NA,NA,1025.5,11,12.1,NA,NA,NA
2025,1,23,12,10,10,0.5,NA,NA,NA,NA,NA,1025.2,11.8,12.1,NA,NA,NA
2025,1,23,13,10,30,0.5,NA,NA,NA,NA,NA,1025.2,11.4,12,NA,NA,NA
2025,1,23,14,10,30,0.5,NA,NA,NA,NA,NA,1025.1,11.6,12,NA,NA,NA
2025,1,23,15,10,20,0.5,NA,NA,NA,NA,NA,1025.3,11.8,12,NA,NA,NA
2025,1,23,16,10,30,0.5,NA,NA,NA,NA,NA,1025.6,11.4,12,NA,NA,NA
2025,1,23,17,10,30,0.5,NA,NA,NA,NA,NA,1026,11.1,12,NA,NA,NA
2025,1,23,18,10,0,0,NA,NA,NA,NA,NA,1026,12,12,NA,NA,NA
2025,1,23,19,10,0,0,NA,NA,NA,NA,NA,1026,13,12,NA,NA,NA
2025,1,23,20,10,0,0,NA,NA,NA,NA,NA,1026.1,13.2,12.1,NA,NA,NA
2025,1,23,21,10,0,0,NA,NA,NA,NA,NA,1025.3,14,12.2,NA,NA,NA
2025,1,23,22,10,0,0,NA,NA,NA,NA,NA,1024.5,15.1,12.3,NA,NA,NA
2025,1,23,23,10,0,0,NA,NA,NA,NA,NA,1024.2,14.9,12.5,NA,NA,NA
2025,1,24,0,10,0,0,NA,NA,NA,NA,NA,1024,14.3,12.2,NA,NA,NA
2025,1,24,1,10,0,0,NA,NA,NA,NA,NA,1023.7,13.9,12.3,NA,NA,NA
2025,1,24,2,10,0,0,NA,NA,NA,NA,NA,1023.6,12.3,12.2,NA,NA,NA
2025,1,24,3,10,0,0,NA,NA,NA,NA,NA,1023.4,12.2,12.1,NA,NA,NA
2025,1,24,4,10,0,0,NA,NA,NA,NA,NA,1023.5,11.9,12.1,NA,NA,NA
2025,1,24,5,10,0,0,NA,NA,NA,NA,NA,1023.3,12.4,12.1,NA,NA,NA
2025,1,24,6,10,0,0,NA,NA,NA,NA,NA,1023.5,11.5,12,NA,NA,NA
2025,1,24,7,10,0,0,NA,NA,NA,NA,NA,1023,11.3,12.1,NA,NA,NA
2025,1,24,8,10,0,0,NA,NA,NA,NA,NA,1022.7,10.8,12.1,NA,NA,NA
2025,1,24,9,10,0,0,NA,NA,NA,NA,NA,1022.1,10.6,12,NA,NA,NA
2025,1,24,10,10,0,0,NA,NA,NA,NA,NA,1021.9,10.6,12,NA,NA,NA
2025,1,24,11,9,10,0.5,NA,NA,NA,NA,NA,1021.6,10.8,12,NA,NA,NA
2025,1,24,12,9,10,0.5,NA,NA,NA,NA,NA,1020.6,11,12,NA,NA,NA
2025,1,24,13,9,30,1,NA,NA,NA,NA,NA,1019.8,9.2,11.9,NA,NA,NA
2025,1,24,14,9,0,0,NA,NA,NA,NA,NA,1019.4,8.9,11.7,NA,NA,NA
2025,1,24,15,9,10,0.5,NA,NA,NA,NA,NA,1019.1,8.7,11.6,NA,NA,NA
2025,1,24,16,9,20,0.5,NA,NA,NA,NA,NA,1018.7,8.6,11.6,NA,NA,NA
2025,1,24,17,9,10,1,NA,NA,NA,NA,NA,1019.1,8.9,11.6,NA,NA,NA
2025,1,24,18,9,350,0.5,NA,NA,NA,NA,NA,1019.3,9.4,11.6,NA,NA,NA
2025,1,24,19,9,320,0.5,NA,NA,NA,NA,NA,1018.7,10.6,11.7,NA,NA,NA
2025,1,24,20,9,0,0,NA,NA,NA,NA,NA,1017.5,11,11.8,NA,NA,NA
2025,1,24,21,9,0,0,NA,NA,NA,NA,NA,1015.6,11,11.8,NA,NA,NA
2025,1,24,22,9,0,0,NA,NA,NA,NA,NA,1014.8,10.5,11.8,NA,NA,NA
2025,1,24,23,9,0,0,NA,NA,NA,NA,NA,1014.2,11.4,11.7,NA,NA,NA
2025,1,25,0,9,0,0,NA,NA,NA,NA,NA,1013.6,11.2,11.7,NA,NA,NA
2025,1,25,1,9,0,0,NA,NA,NA,NA,NA,1013.2,11.2,11.7,NA,NA,NA
2025,1,25,2,9,0,0,NA,NA,NA,NA,NA,1012.4,11.2,11.7,NA,NA,NA
2025,1,25,3,9,0,0,NA,NA,NA,NA,NA,1012.1,11.2,11.7,NA,NA,NA
2025,1,25,4,9,270,0.5,NA,NA,NA,NA,NA,1011.9,11.1,11.7,NA,NA,NA
2025,1,25,5,9,0,0,NA,NA,NA,NA,NA,1011.7,11.4,11.7,NA,NA,NA
2025,1,25,6,9,0,0,NA,NA,NA,NA,NA,1011.4,11.1,11.7,NA,NA,NA
2025,1,25,7,9,0,0,NA,NA,NA,NA,NA,1010.8,11,11.7,NA,NA,NA
2025,1,25,8,9,0,0,NA,NA,NA,NA,NA,1010.4,11.1,11.7,NA,NA,NA
2025,1,25,9,9,240,0.5,NA,NA,NA,NA,NA,1009.6,11.2,11.7,NA,NA,NA
2025,1,25,10,9,230,0.5,NA,NA,NA,NA,NA,1009.1,11.3,11.7,NA,NA,NA
2025,1,25,11,9,0,0,NA,NA,NA,NA,NA,1008.6,11.2,11.7,NA,NA,NA
2025,1,25,12,9,0,0,NA,NA,NA,NA,NA,1008.1,11.2,11.6,NA,NA,NA
2025,1,25,13,9,240,0.5,NA,NA,NA,NA,NA,1007.6,11,11.6,NA,NA,NA
2025,1,25,14,9,0,0,NA,NA,NA,NA,NA,1007.5,10.8,11.5,NA,NA,NA
2025,1,25,15,9,0,0,NA,NA,NA,NA,NA,1007.6,10.8,11.5,NA,NA,NA
2025,1,25,16,9,220,0.5,NA,NA,NA,NA,NA,1007.8,10.5,11.4,NA,NA,NA
2025,1,25,17,9,200,1,NA,NA,NA,NA,NA,1008,10.7,11.4,NA,NA,NA
2025,1,25,18,9,210,1,NA,NA,NA,NA,NA,1008.3,10.7,11.4,NA,NA,NA
2025,1,25,19,9,0,0,NA,NA,NA,NA,NA,1008.1,10.8,11.4,NA,NA,NA
2025,1,25,20,9,130,1,NA,NA,NA,NA,NA,1007.7,10,11.5,NA,NA,NA
2025,1,25,21,9,360,1,NA,NA,NA,NA,NA,1007,10.3,11.5,NA,NA,NA
2025,1,25,22,9,310,1,NA,NA,NA,NA,NA,1006.9,10.8,11.6,NA,NA,NA
2025,1,25,23,9,0,0,NA,NA,NA,NA,NA,1007.1,10.5,11.7,NA,NA,NA
2025,1,26,0,9,70,0.5,NA,NA,NA,NA,NA,1007.3,10.6,11.6,NA,NA,NA
2025,1,26,1,9,0,0,NA,NA,NA,NA,NA,1007.8,10.7,11.5,NA,NA,NA
2025,1,26,2,9,0,0,NA,NA,NA,NA,NA,1008,10.5,11.5,NA,NA,NA
2025,1,26,3,9,290,0.5,NA,NA,NA,NA,NA,1008.6,10.5,11.5,NA,NA,NA
2025,1,26,4,9,60,1,NA,NA,NA,NA,NA,1008.8,10.2,11.5,NA,NA,NA
2025,1,26,5,9,360,1.5,NA,NA,NA,NA,NA,1009.5,10.1,11.4,NA,NA,NA
2025,1,26,6,9,20,1,NA,NA,NA,NA,NA,1010.2,9.8,11.4,NA,NA,NA
2025,1,26,7,9,30,1,NA,NA,NA,NA,NA,1010.8,9.8,11.4,NA,NA,NA
2025,1,26,8,9,30,1,NA,NA,NA,NA,NA,1011.3,9.6,11.4,NA,NA,NA
2025,1,26,9,9,0,0,NA,NA,NA,NA,NA,1012,9.4,11.4,NA,NA,NA
2025,1,26,10,9,10,1,NA,NA,NA,NA,NA,1012.4,9.2,11.5,NA,NA,NA
2025,1,26,11,9,0,0,NA,NA,NA,NA,NA,1012.5,9,11.5,NA,NA,NA
2025,1,26,12,9,20,1,NA,NA,NA,NA,NA,1012.9,9.3,11.6,NA,NA,NA
2025,1,26,13,9,10,0.5,NA,NA,NA,NA,NA,1012.7,9,11.6,NA,NA,NA
2025,1,26,14,9,10,1,NA,NA,NA,NA,NA,1013.5,9,11.6,NA,NA,NA
2025,1,26,15,9,10,1,NA,NA,NA,NA,NA,1014.3,9.1,11.6,NA,NA,NA
2025,1,26,16,9,20,1,NA,NA,NA,NA,NA,1015,9.1,11.8,NA,NA,NA
2025,1,26,17,9,10,1,NA,NA,NA,NA,NA,1015.4,8.9,11.8,NA,NA,NA
2025,1,26,18,9,360,1,NA,NA,NA,NA,NA,1016.5,9.4,11.9,NA,NA,NA
2025,1,26,19,9,350,1,NA,NA,NA,NA,NA,1017,9.8,11.9,NA,NA,NA
2025,1,26,20,9,20,1.5,NA,NA,NA,NA,NA,1016.9,10.5,11.9,NA,NA,NA
2025,1,26,21,9,360,1.5,NA,NA,NA,NA,NA,1016.4,11,12,NA,NA,NA
2025,1,26,22,9,360,1.5,NA,NA,NA,NA,NA,1016.2,11.4,12,NA,NA,NA
2025,1,26,23,9,360,1.5,NA,NA,NA,NA,NA,1016.4,12.1,12.1,NA,NA,NA
2025,1,27,0,9,350,1,NA,NA,NA,NA,NA,1016.4,12.6,12.1,NA,NA,NA
2025,1,27,1,9,310,1.5,NA,NA,NA,NA,NA,1016.5,11.5,12,NA,NA,NA
2025,1,27,2,9,330,2.1,NA,NA,NA,NA,NA,1016.9,11.9,12,NA,NA,NA
2025,1,27,3,9,350,1.5,NA,NA,NA,NA,NA,1017.5,12.2,12,NA,NA,NA
2025,1,27,4,9,350,1,NA,NA,NA,NA,NA,1018,11.8,12,NA,NA,NA
2025,1,27,5,9,320,1,NA,NA,NA,NA,NA,1018.4,11.7,12,NA,NA,NA
2025,1,27,6,9,290,2.1,NA,NA,NA,NA,NA,1018.7,10.9,12,NA,NA,NA
2025,1,27,7,9,290,2.1,NA,NA,NA,NA,NA,1018.8,10.8,12,NA,NA,NA
2025,1,27,8,9,40,1,NA,NA,NA,NA,NA,1019,10.5,12,NA,NA,NA
2025,1,27,9,9,0,0,NA,NA,NA,NA,NA,1019,9.9,12,NA,NA,NA
2025,1,27,10,9,30,0.5,NA,NA,NA,NA,NA,1019,9,11.9,NA,NA,NA
2025,1,27,11,9,20,0.5,NA,NA,NA,NA,NA,1019,8.4,11.9,NA,NA,NA
2025,1,27,12,9,20,1,NA,NA,NA,NA,NA,1018.9,8.4,11.9,NA,NA,NA
2025,1,27,13,9,360,1,NA,NA,NA,NA,NA,1018.7,7.7,11.8,NA,NA,NA
2025,1,27,14,9,0,0,NA,NA,NA,NA,NA,1019.1,7.3,11.7,NA,NA,NA
2025,1,27,15,9,10,0.5,NA,NA,NA,NA,NA,1019.8,7.5,11.8,NA,NA,NA
2025,1,27,16,9,0,0,NA,NA,NA,NA,NA,1020.4,7.2,11.8,NA,NA,NA
2025,1,27,17,9,0,0,NA,NA,NA,NA,NA,1021.2,7.4,11.8,NA,NA,NA
2025,1,27,18,9,30,1,NA,NA,NA,NA,NA,1021.9,8.4,11.8,NA,NA,NA
2025,1,27,19,9,20,1,NA,NA,NA,NA,NA,1022.2,8.8,11.9,NA,NA,NA
2025,1,27,20,9,10,1.5,NA,NA,NA,NA,NA,1021.5,9.6,12,NA,NA,NA
2025,1,27,21,9,10,1,NA,NA,NA,NA,NA,1020.8,10,12.2,NA,NA,NA
2025,1,27,22,9,240,1.5,NA,NA,NA,NA,NA,1020.5,10.6,12.4,NA,NA,NA
2025,1,27,23,9,260,1.5,NA,NA,NA,NA,NA,1020.2,10.9,12.2,NA,NA,NA
2025,1,28,0,9,260,2.1,NA,NA,NA,NA,NA,1019.8,11.4,12.1,NA,NA,NA
2025,1,28,1,9,270,1.5,NA,NA,NA,NA,NA,1019.7,11.9,12,NA,NA,NA
2025,1,28,2,9,270,1,NA,NA,NA,NA,NA,1019.6,11.7,11.9,NA,NA,NA
2025,1,28,3,9,300,1.5,NA,NA,NA,NA,NA,1020,11.9,11.8,NA,NA,NA
2025,1,28,4,9,0,0,NA,NA,NA,NA,NA,1020,11.3,11.8,NA,NA,NA
2025,1,28,5,9,360,1,NA,NA,NA,NA,NA,1020.4,11.1,11.8,NA,NA,NA
2025,1,28,6,9,20,1,NA,NA,NA,NA,NA,1020.8,10.8,11.8,NA,NA,NA
2025,1,28,7,9,10,1,NA,NA,NA,NA,NA,1020.9,10.1,11.8,NA,NA,NA
2025,1,28,8,9,20,1,NA,NA,NA,NA,NA,1020.9,9.8,11.8,NA,NA,NA
2025,1,28,9,9,350,1,NA,NA,NA,NA,NA,1020.7,9.4,11.7,NA,NA,NA
2025,1,28,10,9,30,1,NA,NA,NA,NA,NA,1020.6,9,11.7,NA,NA,NA
2025,1,28,11,9,20,1,NA,NA,NA,NA,NA,1020,8.8,11.7,NA,NA,NA
2025,1,28,12,9,30,1,NA,NA,NA,NA,NA,1019.7,8.3,11.8,NA,NA,NA
2025,1,28,13,9,0,0,NA,NA,NA,NA,NA,1019.3,7.9,11.8,NA,NA,NA
2025,1,28,14,9,0,0,NA,NA,NA,NA,NA,1019.3,7.6,11.9,NA,NA,NA
2025,1,28,15,9,10,1,NA,NA,NA,NA,NA,1019.6,6.9,11.8,NA,NA,NA
2025,1,28,16,9,360,1.5,NA,NA,NA,NA,NA,1019.9,6.6,11.8,NA,NA,NA
2025,1,28,17,9,10,1.5,NA,NA,NA,NA,NA,1020,6.6,11.8,NA,NA,NA
2025,1,28,18,9,10,1.5,NA,NA,NA,NA,NA,1020.5,7,11.8,NA,NA,NA
2025,1,28,19,9,10,2.6,NA,NA,NA,NA,NA,1020.7,8,11.8,NA,NA,NA
2025,1,28,20,9,250,1,NA,NA,NA,NA,NA,1020,9.3,11.9,NA,NA,NA
2025,1,28,21,9,270,2.1,NA,NA,NA,NA,NA,1018.6,10,12,NA,NA,NA
2025,1,28,22,9,260,1.5,NA,NA,NA,NA,NA,1018.1,11.1,12,NA,NA,NA
2025,1,28,23,9,260,1,NA,NA,NA,NA,NA,1017.9,11.4,11.9,NA,NA,NA
2025,1,29,0,9,260,1.5,NA,NA,NA,NA,NA,1017.6,11.4,11.9,NA,NA,NA
2025,1,29,1,9,270,1,NA,NA,NA,NA,NA,1017.1,11.3,11.8,NA,NA,NA
2025,1,29,2,9,280,1.5,NA,NA,NA,NA,NA,1017.2,11.1,11.7,NA,NA,NA
2025,1,29,3,9,280,0.5,NA,NA,NA,NA,NA,1017.1,11,11.7,NA,NA,NA
2025,1,29,4,9,290,1,NA,NA,NA,NA,NA,1017.4,10.8,11.6,NA,NA,NA
2025,1,29,5,9,290,1.5,NA,NA,NA,NA,NA,1017.9,10.8,11.6,NA,NA,NA
2025,1,29,6,9,300,1,NA,NA,NA,NA,NA,1018.1,10.7,11.5,NA,NA,NA
2025,1,29,7,9,300,1.5,NA,NA,NA,NA,NA,1018.2,10.4,11.5,NA,NA,NA
2025,1,29,8,9,290,1,NA,NA,NA,NA,NA,1018,10.2,11.5,NA,NA,NA
2025,1,29,9,9,320,1,NA,NA,NA,NA,NA,1018.1,9.9,11.5,NA,NA,NA
2025,1,29,10,9,310,1,NA,NA,NA,NA,NA,1018.3,9.9,11.5,NA,NA,NA
2025,1,29,11,9,330,1,NA,NA,NA,NA,NA,1018.5,9.7,11.5,NA,NA,NA
2025,1,29,12,9,300,1,NA,NA,NA,NA,NA,1018.7,9.6,11.5,NA,NA,NA
2025,1,29,13,9,300,1.5,NA,NA,NA,NA,NA,1019.2,9.9,11.5,NA,NA,NA
2025,1,29,14,9,310,1.5,NA,NA,NA,NA,NA,1019.7,9.9,11.5,NA,NA,NA
2025,1,29,15,9,10,1.5,NA,NA,NA,NA,NA,1020.4,9.6,11.5,NA,NA,NA
2025,1,29,16,9,360,1,NA,NA,NA,NA,NA,1020.8,9.4,11.6,NA,NA,NA
2025,1,29,17,9,30,1,NA,NA,NA,NA,NA,1021.5,9.8,11.6,NA,NA,NA
2025,1,29,18,9,20,1.5,NA,NA,NA,NA,NA,1022.3,9.3,11.5,NA,NA,NA
2025,1,29,19,9,20,1.5,NA,NA,NA,NA,NA,1022.3,9.3,11.6,NA,NA,NA
2025,1,29,20,9,30,1.5,NA,NA,NA,NA,NA,1021.9,9.5,11.6,NA,NA,NA
2025,1,29,21,9,50,2.1,NA,NA,NA,NA,NA,1021,9.7,11.6,NA,NA,NA
2025,1,29,22,9,70,2.6,NA,NA,NA,NA,NA,1020.8,10.2,11.6,NA,NA,NA
2025,1,29,23,9,230,2.1,NA,NA,NA,NA,NA,1020.5,10.6,11.7,NA,NA,NA
2025,1,30,0,9,240,2.6,NA,NA,NA,NA,NA,1020.2,10.8,11.7,NA,NA,NA
2025,1,30,1,9,240,2.6,NA,NA,NA,NA,NA,1020.3,10.7,11.6,NA,NA,NA
2025,1,30,2,9,250,2.1,NA,NA,NA,NA,NA,1020.4,10.5,11.6,NA,NA,NA
2025,1,30,3,9,260,1,NA,NA,NA,NA,NA,1020.8,10.6,11.6,NA,NA,NA
2025,1,30,4,9,270,1.5,NA,NA,NA,NA,NA,1020.9,10.7,11.5,NA,NA,NA
2025,1,30,5,9,280,1,NA,NA,NA,NA,NA,1021.4,10.6,11.5,NA,NA,NA
2025,1,30,6,9,320,1,NA,NA,NA,NA,NA,1021.8,10.4,11.5,NA,NA,NA
2025,1,30,6,59,330,1.5,NA,NA,NA,NA,NA,1022.2,10.2,11.5,NA,NA,NA
2025,1,30,8,9,320,1.5,NA,NA,NA,NA,NA,1022.7,10,11.5,NA,NA,NA
2025,1,30,9,9,310,1.5,NA,NA,NA,NA,NA,1022.3,10.2,11.5,NA,NA,NA
2025,1,30,10,9,320,2.1,NA,NA,NA,NA,NA,1022.2,10.2,11.6,NA,NA,NA
2025,1,30,11,9,360,1.5,NA,NA,NA,NA,NA,1022.2,10,11.5,NA,NA,NA
2025,1,30,12,9,10,1,NA,NA,NA,NA,NA,1022.2,9.8,11.5,NA,NA,NA
2025,1,30,13,9,330,2.1,NA,NA,NA,NA,NA,1022.2,10,11.5,NA,NA,NA
2025,1,30,14,9,20,2.1,NA,NA,NA,NA,NA,1022.5,9.9,11.5,NA,NA,NA
2025,1,30,15,9,20,2.1,NA,NA,NA,NA,NA,1023.4,9.6,11.5,NA,NA,NA
2025,1,30,16,9,40,1,NA,NA,NA,NA,NA,1023.6,8.6,11.5,NA,NA,NA
2025,1,30,17,9,40,1.5,NA,NA,NA,NA,NA,1024.6,8.1,11.6,NA,NA,NA
2025,1,30,18,9,50,1.5,NA,NA,NA,NA,NA,1025.2,8.3,11.6,NA,NA,NA
2025,1,30,19,9,40,2.1,NA,NA,NA,NA,NA,1025.5,8.7,11.7,NA,NA,NA
2025,1,30,20,9,40,2.1,NA,NA,NA,NA,NA,1025.6,9.1,11.8,NA,NA,NA
2025,1,30,21,9,50,2.6,NA,NA,NA,NA,NA,1025.1,9.5,11.8,NA,NA,NA
2025,1,30,22,9,20,3.1,NA,NA,NA,NA,NA,1024.1,9.7,11.9,NA,NA,NA
2025,1,30,23,9,40,2.1,NA,NA,NA,NA,NA,1023.9,10.2,11.9,NA,NA,NA
2025,1,31,0,9,260,2.6,NA,NA,NA,NA,NA,1024.2,10.4,11.9,NA,NA,NA
2025,1,31,1,9,210,4.1,NA,NA,NA,NA,NA,1023.8,10.3,11.8,NA,NA,NA
2025,1,31,2,9,210,3.6,NA,NA,NA,NA,NA,1023.6,10,11.7,NA,NA,NA
2025,1,31,3,9,200,4.1,NA,NA,NA,NA,NA,1024.1,10,11.7,NA,NA,NA
2025,1,31,4,9,170,4.1,NA,NA,NA,NA,NA,1024.3,10,11.7,NA,NA,NA
2025,1,31,5,9,180,3.6,NA,NA,NA,NA,NA,1024.7,10.2,11.6,NA,NA,NA
2025,1,31,6,9,210,4.1,NA,NA,NA,NA,NA,1024.9,10.1,11.6,NA,NA,NA
2025,1,31,7,9,120,3.1,NA,NA,NA,NA,NA,1024.6,10.3,11.5,NA,NA,NA
2025,1,31,8,9,50,3.6,NA,NA,NA,NA,NA,1024.3,10.3,11.6,NA,NA,NA
2025,1,31,9,9,30,3.1,NA,NA,NA,NA,NA,1023.9,9.7,11.6,NA,NA,NA
2025,1,31,10,9,30,2.1,NA,NA,NA,NA,NA,1023.9,9.7,11.5,NA,NA,NA
2025,1,31,11,9,50,2.1,NA,NA,NA,NA,NA,1024.3,9.8,11.6,NA,NA,NA
2025,1,31,12,9,100,1.5,NA,NA,NA,NA,NA,1023.8,9.9,11.8,NA,NA,NA
2025,1,31,13,9,50,1,NA,NA,NA,NA,NA,1023.5,9.6,11.9,NA,NA,NA
2025,1,31,14,9,40,1,NA,NA,NA,NA,NA,1023.8,9.3,11.9,NA,NA,NA
2025,1,31,15,9,30,1.5,NA,NA,NA,NA,NA,1024.5,9.5,11.9,NA,NA,NA
2025,1,31,16,9,30,1.5,NA,NA,NA,NA,NA,1025.2,9.2,12,NA,NA,NA
2025,1,31,17,9,50,1.5,NA,NA,NA,NA,NA,1025.5,9.1,12,NA,NA,NA
2025,1,31,18,9,50,1,NA,NA,NA,NA,NA,1026.4,10,12,NA,NA,NA
2025,1,31,19,9,50,1,NA,NA,NA,NA,NA,1026.2,9.8,12.1,NA,NA,NA
2025,1,31,20,9,40,1.5,NA,NA,NA,NA,NA,1025.3,10.1,12.1,NA,NA,NA
2025,1,31,21,9,90,2.1,NA,NA,NA,NA,NA,1024.6,10.7,12.1,NA,NA,NA
2025,1,31,22,9,150,1,NA,NA,NA,NA,NA,1024,11.6,12.1,NA,NA,NA
2025,1,31,23,9,150,1.5,NA,NA,NA,NA,NA,1023.4,11.3,12,NA,NA,NA
2025,2,1,0,9,120,2.6,NA,NA,NA,NA,NA,1024,11.1,12,NA,NA,NA
2025,2,1,1,9,10,3.1,NA,NA,NA,NA,NA,1023.6,9.9,12.1,NA,NA,NA
2025,2,1,2,9,50,1.5,NA,NA,NA,NA,NA,1023.6,10.1,12.1,NA,NA,NA
2025,2,1,3,9,40,1.5,NA,NA,NA,NA,NA,1023.8,10.4,12,NA,NA,NA
2025,2,1,4,9,20,1.5,NA,NA,NA,NA,NA,1023.8,10.2,12,NA,NA,NA
2025,2,1,5,9,40,1,NA,NA,NA,NA,NA,1023.7,10.7,12,NA,NA,NA
2025,2,1,6,9,360,1,NA,NA,NA,NA,NA,1023.9,10.5,12,NA,NA,NA
2025,2,1,7,9,30,1,NA,NA,NA,NA,NA,1023.8,10.6,12,NA,NA,NA
2025,2,1,8,9,60,1.5,NA,NA,NA,NA,NA,1023.7,11.2,12,NA,NA,NA
2025,2,1,8,59,90,1.5,NA,NA,NA,NA,NA,1023.8,11.1,12,NA,NA,NA
2025,2,1,9,59,20,1,NA,NA,NA,NA,NA,1023.2,11,12,NA,NA,NA
2025,2,1,10,59,350,1.5,NA,NA,NA,NA,NA,1022.6,11.6,12,NA,NA,NA
2025,2,1,11,59,20,2.1,NA,NA,NA,NA,NA,1022.6,11.4,12,NA,NA,NA
2025,2,1,12,59,90,1.5,NA,NA,NA,NA,NA,1022.2,11.8,12,NA,NA,NA
2025,2,1,13,59,40,1.5,NA,NA,NA,NA,NA,1021.8,11.7,12,NA,NA,NA
2025,2,1,14,59,40,1.5,NA,NA,NA,NA,NA,1021.4,11.7,12,NA,NA,NA
2025,2,1,15,59,60,1.5,NA,NA,NA,NA,NA,1021.2,11.6,12,NA,NA,NA
2025,2,1,16,59,10,1.5,NA,NA,NA,NA,NA,1021,10.2,12,NA,NA,NA
2025,2,1,17,59,360,1.5,NA,NA,NA,NA,NA,1021,9.9,12,NA,NA,NA
2025,2,1,18,59,360,1.5,NA,NA,NA,NA,NA,1021.4,10.2,11.9,NA,NA,NA
2025,2,1,19,59,160,1.5,NA,NA,NA,NA,NA,1020.6,12.5,12,NA,NA,NA
2025,2,1,21,9,170,1.5,NA,NA,NA,NA,NA,1020.2,12.4,12,NA,NA,NA
2025,2,1,22,9,160,2.6,NA,NA,NA,NA,NA,1019.7,12.5,11.9,NA,NA,NA
2025,2,1,23,9,160,1.5,NA,NA,NA,NA,NA,1019.8,12.6,11.9,NA,NA,NA
2025,2,2,0,9,160,2.6,NA,NA,NA,NA,NA,1019.7,12.7,12,NA,NA,NA
2025,2,2,1,9,160,2.1,NA,NA,NA,NA,NA,1019.3,12.8,11.9,NA,NA,NA
2025,2,2,2,9,170,2.6,NA,NA,NA,NA,NA,1019,12.9,11.9,NA,NA,NA
2025,2,2,3,9,170,3.6,NA,NA,NA,NA,NA,1018.9,12.9,11.9,NA,NA,NA
2025,2,2,4,9,160,3.6,NA,NA,NA,NA,NA,1019,12.8,11.9,NA,NA,NA
2025,2,2,5,9,160,3.1,NA,NA,NA,NA,NA,1019.1,12.5,11.9,NA,NA,NA
2025,2,2,6,9,160,4.6,NA,NA,NA,NA,NA,1019.4,12.5,11.8,NA,NA,NA
2025,2,2,7,9,150,4.6,NA,NA,NA,NA,NA,1019.5,12.4,11.8,NA,NA,NA
2025,2,2,8,9,140,3.6,NA,NA,NA,NA,NA,1019.1,12.5,11.8,NA,NA,NA
2025,2,2,9,9,150,2.6,NA,NA,NA,NA,NA,1018.8,12.7,11.8,NA,NA,NA
2025,2,2,10,9,140,2.6,NA,NA,NA,NA,NA,1018.7,12.6,11.8,NA,NA,NA
2025,2,2,11,9,150,3.6,NA,NA,NA,NA,NA,1018.6,12.5,11.8,NA,NA,NA
2025,2,2,12,9,160,3.6,NA,NA,NA,NA,NA,1018.4,12.6,11.8,NA,NA,NA
2025,2,2,13,9,150,2.1,NA,NA,NA,NA,NA,1018,12.3,11.9,NA,NA,NA
2025,2,2,14,9,160,2.6,NA,NA,NA,NA,NA,1018,12.4,11.8,NA,NA,NA
2025,2,2,15,9,140,3.1,NA,NA,NA,NA,NA,1018.2,12.4,11.8,NA,NA,NA
2025,2,2,16,9,140,1.5,NA,NA,NA,NA,NA,1018.2,12.9,11.9,NA,NA,NA
2025,2,2,17,9,150,1.5,NA,NA,NA,NA,NA,1018.5,13.2,11.9,NA,NA,NA
2025,2,2,18,9,150,1,NA,NA,NA,NA,NA,1018.9,13.4,11.9,NA,NA,NA
2025,2,2,19,9,150,1,NA,NA,NA,NA,NA,1019,13.6,11.9,NA,NA,NA
2025,2,2,20,9,170,1,NA,NA,NA,NA,NA,1018.7,13,12,NA,NA,NA
2025,2,2,20,59,170,1.5,NA,NA,NA,NA,NA,1018.1,13.1,12,NA,NA,NA
2025,2,2,21,59,170,1.5,NA,NA,NA,NA,NA,1017.7,12.9,12,NA,NA,NA
2025,2,2,22,59,170,1.5,NA,NA,NA,NA,NA,1017.2,12.8,12,NA,NA,NA
2025,2,2,23,59,170,1,NA,NA,NA,NA,NA,1017.1,12.6,12,NA,NA,NA
2025,2,3,1,59,200,1.5,NA,NA,NA,NA,NA,1016.2,12.4,12,NA,NA,NA
2025,2,3,2,59,180,1.5,NA,NA,NA,NA,NA,1016,12.5,11.9,NA,NA,NA
2025,2,3,3,59,180,1.5,NA,NA,NA,NA,NA,1015.9,12.2,11.9,NA,NA,NA
2025,2,3,4,59,170,1,NA,NA,NA,NA,NA,1015.9,12.3,12,NA,NA,NA
2025,2,3,5,59,150,1.5,NA,NA,NA,NA,NA,1016.1,12,12,NA,NA,NA
2025,2,3,6,59,160,1,NA,NA,NA,NA,NA,1015.8,11.6,12,NA,NA,NA
2025,2,3,7,59,170,1.5,NA,NA,NA,NA,NA,1016.4,11.4,12,NA,NA,NA
2025,2,3,9,9,160,3.1,NA,NA,NA,NA,NA,1015.8,11.4,12,NA,NA,NA
2025,2,3,10,9,170,3.1,NA,NA,NA,NA,NA,1015.5,11.5,12,NA,NA,NA
2025,2,3,11,9,160,4.1,NA,NA,NA,NA,NA,1015.1,11.6,11.9,NA,NA,NA
2025,2,3,12,9,150,2.6,NA,NA,NA,NA,NA,1014.6,11.8,11.9,NA,NA,NA
2025,2,3,13,9,140,2.1,NA,NA,NA,NA,NA,1014.2,11.8,11.9,NA,NA,NA
2025,2,3,14,9,140,3.1,NA,NA,NA,NA,NA,1013.6,11.6,11.9,NA,NA,NA
2025,2,3,15,9,140,3.1,NA,NA,NA,NA,NA,1013.5,11.9,11.9,NA,NA,NA
2025,2,3,16,9,150,2.6,NA,NA,NA,NA,NA,1013.2,11.8,11.9,NA,NA,NA
2025,2,3,17,9,140,2.6,NA,NA,NA,NA,NA,1013.3,12,11.9,NA,NA,NA
2025,2,3,18,9,110,1,NA,NA,NA,NA,NA,1013.3,12.2,11.9,NA,NA,NA
2025,2,3,19,9,160,1,NA,NA,NA,NA,NA,1013.3,13,11.9,NA,NA,NA
2025,2,3,20,9,150,2.1,NA,NA,NA,NA,NA,1012.7,12.8,11.9,NA,NA,NA
2025,2,3,21,9,140,1.5,NA,NA,NA,NA,NA,1011.5,12.9,11.9,NA,NA,NA
2025,2,3,22,9,130,1.5,NA,NA,NA,NA,NA,1010.6,13,11.9,NA,NA,NA
2025,2,3,23,9,140,1,NA,NA,NA,NA,NA,1010.6,13.2,11.9,NA,NA,NA
2025,2,4,0,9,150,1.5,NA,NA,NA,NA,NA,1010.3,13.2,11.8,NA,NA,NA
2025,2,4,1,9,140,1,NA,NA,NA,NA,NA,1010,13.2,11.8,NA,NA,NA
2025,2,4,2,9,140,1.5,NA,NA,NA,NA,NA,1009.8,13.3,11.8,NA,NA,NA
2025,2,4,3,9,150,1,NA,NA,NA,NA,NA,1009.8,13.2,11.8,NA,NA,NA
2025,2,4,4,9,140,1.5,NA,NA,NA,NA,NA,1009.6,13.3,11.9,NA,NA,NA
2025,2,4,5,9,150,1,NA,NA,NA,NA,NA,1009.7,13.4,12,NA,NA,NA
2025,2,4,6,9,140,1.5,NA,NA,NA,NA,NA,1009.9,13.5,12,NA,NA,NA
2025,2,4,7,9,150,2.1,NA,NA,NA,NA,NA,1009.7,13.2,12,NA,NA,NA
2025,2,4,8,9,150,1,NA,NA,NA,NA,NA,1009.6,13.2,12,NA,NA,NA
2025,2,4,9,9,150,1,NA,NA,NA,NA,NA,1009.1,13.6,12,NA,NA,NA
2025,2,4,10,9,140,1.5,NA,NA,NA,NA,NA,1008.4,13.4,12,NA,NA,NA
2025,2,4,11,9,120,1.5,NA,NA,NA,NA,NA,1008.1,13.9,12,NA,NA,NA
2025,2,4,12,9,120,1,NA,NA,NA,NA,NA,1007.2,13.9,12,NA,NA,NA
2025,2,4,13,9,140,1.5,NA,NA,NA,NA,NA,1007,13.7,12,NA,NA,NA
2025,2,4,14,9,140,1.5,NA,NA,NA,NA,NA,1007.1,13.5,12,NA,NA,NA
2025,2,4,15,9,130,1.5,NA,NA,NA,NA,NA,1007,13.8,12.1,NA,NA,NA
2025,2,4,16,9,130,0.5,NA,NA,NA,NA,NA,1007.1,13.6,12.2,NA,NA,NA
2025,2,4,17,9,140,9.8,NA,NA,NA,NA,NA,1007.1,13.8,12.2,NA,NA,NA
2025,2,4,18,9,140,13.4,NA,NA,NA,NA,NA,1007,14.1,12.2,NA,NA,NA
2025,2,4,19,9,130,13.4,NA,NA,NA,NA,NA,1006.5,14.2,12.2,NA,NA,NA
2025,2,4,20,9,130,12.9,NA,NA,NA,NA,NA,1005.4,14.2,12.2,NA,NA,NA
2025,2,4,21,9,140,13.4,NA,NA,NA,NA,NA,1004.3,13.8,12.2,NA,NA,NA
2025,2,4,22,9,120,18,NA,NA,NA,NA,NA,1002.9,14.2,12.2,NA,NA,NA
2025,2,4,23,9,130,13.9,NA,NA,NA,NA,NA,1002.2,14.1,12.2,NA,NA,NA
2025,2,5,0,9,140,13.4,NA,NA,NA,NA,NA,1001.9,14.3,12.1,NA,NA,NA
2025,2,5,1,9,150,14.9,NA,NA,NA,NA,NA,1002.2,13.4,12.1,NA,NA,NA
2025,2,5,2,9,160,13.4,NA,NA,NA,NA,NA,1003,13.4,12.1,NA,NA,NA
2025,2,5,3,9,270,9.3,NA,NA,NA,NA,NA,1006.6,10.5,12.1,NA,NA,NA
2025,2,5,4,9,270,10.3,NA,NA,NA,NA,NA,1007.4,11,12.1,NA,NA,NA
2025,2,5,5,9,290,9.8,NA,NA,NA,NA,NA,1010.1,10.8,12.1,NA,NA,NA
2025,2,5,6,9,280,8.2,NA,NA,NA,NA,NA,1011.8,10.5,12.1,NA,NA,NA
2025,2,5,7,9,300,9.3,NA,NA,NA,NA,NA,1012.9,10.2,12,NA,NA,NA
2025,2,5,8,9,310,8.8,NA,NA,NA,NA,NA,1013.9,9.9,12.1,NA,NA,NA
2025,2,5,9,9,340,5.7,NA,NA,NA,NA,NA,1015,9.7,12.2,NA,NA,NA
2025,2,5,10,9,340,5.1,NA,NA,NA,NA,NA,1015.8,9.5,12.2,NA,NA,NA
2025,2,5,11,9,330,6.2,NA,NA,NA,NA,NA,1016.3,9.6,12.2,NA,NA,NA
2025,2,5,12,9,340,8.2,NA,NA,NA,NA,NA,1016.7,10,12.3,NA,NA,NA
2025,2,5,13,9,20,6.2,NA,NA,NA,NA,NA,1017.7,9.4,12.3,NA,NA,NA
2025,2,5,14,9,30,5.1,NA,NA,NA,NA,NA,1018.2,9,12.4,NA,NA,NA
2025,2,5,15,9,350,5.7,NA,NA,NA,NA,NA,1019.1,8.7,12.4,NA,NA,NA
2025,2,5,16,9,30,4.1,NA,NA,NA,NA,NA,1019.7,9,12.4,NA,NA,NA
2025,2,5,17,9,40,4.6,NA,NA,NA,NA,NA,1020.5,9,12.5,NA,NA,NA
2025,2,5,18,9,20,5.7,NA,NA,NA,NA,NA,1021,8.8,12.5,NA,NA,NA
2025,2,5,19,9,360,4.6,NA,NA,NA,NA,NA,1021.1,9.4,12.5,NA,NA,NA
2025,2,5,20,9,340,3.6,NA,NA,NA,NA,NA,1020.8,9.8,12.6,NA,NA,NA
2025,2,5,21,9,340,3.6,NA,NA,NA,NA,NA,1019.4,10.5,12.7,NA,NA,NA
2025,2,5,22,9,310,5.7,NA,NA,NA,NA,NA,1018.3,10.9,12.8,NA,NA,NA
2025,2,5,23,9,300,7.7,NA,NA,NA,NA,NA,1017.3,11.6,12.7,NA,NA,NA
2025,2,6,0,9,300,7.2,NA,NA,NA,NA,NA,1016.4,11.9,12.7,NA,NA,NA
2025,2,6,1,9,300,7.2,NA,NA,NA,NA,NA,1015.8,12,12.6,NA,NA,NA
2025,2,6,2,9,330,5.7,NA,NA,NA,NA,NA,1014.7,12,12.6,NA,NA,NA
2025,2,6,3,9,30,5.7,NA,NA,NA,NA,NA,1014.2,12.7,12.6,NA,NA,NA
2025,2,6,4,9,20,8.2,NA,NA,NA,NA,NA,1014.2,12.4,12.6,NA,NA,NA
2025,2,6,5,9,20,7.7,NA,NA,NA,NA,NA,1014.4,11.8,12.5,NA,NA,NA
2025,2,6,6,9,10,6.7,NA,NA,NA,NA,NA,1014.3,11.5,12.5,NA,NA,NA
2025,2,6,7,9,30,6.7,NA,NA,NA,NA,NA,1014,11.3,12.5,NA,NA,NA
2025,2,6,8,9,40,6.2,NA,NA,NA,NA,NA,1013.5,11.5,12.5,NA,NA,NA
2025,2,6,9,9,30,7.7,NA,NA,NA,NA,NA,1012.8,11,12.5,NA,NA,NA
2025,2,6,10,9,30,7.2,NA,NA,NA,NA,NA,1011.5,10.8,12.5,NA,NA,NA
2025,2,6,11,9,40,7.2,NA,NA,NA,NA,NA,1011.6,10.7,12.5,NA,NA,NA
2025,2,6,12,9,40,7.7,NA,NA,NA,NA,NA,1009.8,10.5,12.5,NA,NA,NA
2025,2,6,13,9,30,5.7,NA,NA,NA,NA,NA,1010.2,10.5,12.5,NA,NA,NA
2025,2,6,14,9,180,3.1,NA,NA,NA,NA,NA,1011.2,10.9,12.4,NA,NA,NA
2025,2,6,15,9,190,8.2,NA,NA,NA,NA,NA,1011.7,11.8,12.5,NA,NA,NA
2025,2,6,16,9,150,8.8,NA,NA,NA,NA,NA,1010.9,11.9,12.5,NA,NA,NA
2025,2,6,17,9,90,6.7,NA,NA,NA,NA,NA,1010.6,10.5,12.5,NA,NA,NA
2025,2,6,18,9,120,4.6,NA,NA,NA,NA,NA,1010,11.2,12.5,NA,NA,NA
2025,2,6,19,9,50,4.6,NA,NA,NA,NA,NA,1009.2,11.2,12.5,NA,NA,NA
2025,2,6,22,9,140,12.9,NA,NA,NA,NA,NA,1005.7,13.9,12.5,NA,NA,NA
2025,2,6,23,9,130,13.9,NA,NA,NA,NA,NA,1005,14.3,12.6,NA,NA,NA
2025,2,7,0,9,140,13.4,NA,NA,NA,NA,NA,1005,14.2,12.6,NA,NA,NA
2025,2,7,1,9,140,12.9,NA,NA,NA,NA,NA,1005.5,14,12.6,NA,NA,NA
2025,2,7,2,9,150,12.9,NA,NA,NA,NA,NA,1005.8,13.9,12.6,NA,NA,NA
2025,2,7,3,9,150,11.8,NA,NA,NA,NA,NA,1006.6,14.1,12.6,NA,NA,NA
2025,2,7,4,9,160,12.9,NA,NA,NA,NA,NA,1007.3,13.8,12.6,NA,NA,NA
2025,2,7,5,9,160,10.3,NA,NA,NA,NA,NA,1009.1,13.6,12.6,NA,NA,NA
2025,2,7,6,9,190,11.3,NA,NA,NA,NA,NA,1010.3,12.9,12.6,NA,NA,NA
2025,2,7,7,9,250,9.8,NA,NA,NA,NA,NA,1011.3,12.2,12.6,NA,NA,NA
2025,2,7,8,9,240,10.8,NA,NA,NA,NA,NA,1012.6,11.4,12.6,NA,NA,NA
2025,2,7,9,9,230,5.7,NA,NA,NA,NA,NA,1014.4,11.5,12.6,NA,NA,NA
2025,2,7,10,9,240,7.2,NA,NA,NA,NA,NA,1014.9,11.4,12.6,NA,NA,NA
2025,2,7,11,9,240,6.2,NA,NA,NA,NA,NA,1015.7,11.3,12.5,NA,NA,NA
2025,2,7,12,9,240,6.2,NA,NA,NA,NA,NA,1016.1,11.4,12.6,NA,NA,NA
2025,2,7,13,9,230,4.6,NA,NA,NA,NA,NA,1016.8,11.4,12.6,NA,NA,NA
2025,2,7,14,9,230,3.1,NA,NA,NA,NA,NA,1017.6,11.6,12.6,NA,NA,NA
2025,2,7,15,9,240,3.6,NA,NA,NA,NA,NA,1018.4,11.8,12.6,NA,NA,NA
2025,2,7,16,9,240,3.6,NA,NA,NA,NA,NA,1019.2,12,12.6,NA,NA,NA
2025,2,7,17,9,240,7.7,NA,NA,NA,NA,NA,1020.7,10.8,12.6,NA,NA,NA
2025,2,7,18,9,270,5.7,NA,NA,NA,NA,NA,1021.8,10,12.6,NA,NA,NA
2025,2,7,19,9,270,4.6,NA,NA,NA,NA,NA,1023.1,11.3,12.6,NA,NA,NA
2025,2,7,20,9,300,4.1,NA,NA,NA,NA,NA,1022,11.5,12.7,NA,NA,NA
2025,2,7,21,9,270,3.1,NA,NA,NA,NA,NA,1022.2,11.9,12.8,NA,NA,NA
2025,2,7,22,9,260,4.1,NA,NA,NA,NA,NA,1022.3,12.1,12.9,NA,NA,NA
2025,2,7,23,9,280,4.6,NA,NA,NA,NA,NA,1022.4,12,12.9,NA,NA,NA
2025,2,8,0,9,290,5.1,NA,NA,NA,NA,NA,1022.7,11.9,12.9,NA,NA,NA
2025,2,8,1,9,300,6.2,NA,NA,NA,NA,NA,1022.7,11.7,12.8,NA,NA,NA
2025,2,8,2,9,310,7.2,NA,NA,NA,NA,NA,1022.5,11.8,12.7,NA,NA,NA
2025,2,8,3,9,330,6.7,NA,NA,NA,NA,NA,1023.1,12,12.7,NA,NA,NA
2025,2,8,4,9,320,6.2,NA,NA,NA,NA,NA,1023.8,11.6,12.6,NA,NA,NA
2025,2,8,5,9,310,8.8,NA,NA,NA,NA,NA,1023.9,11,12.6,NA,NA,NA
2025,2,8,6,9,340,7.7,NA,NA,NA,NA,NA,1024.2,10.9,12.6,NA,NA,NA
2025,2,8,7,9,290,8.2,NA,NA,NA,NA,NA,1024.1,10.8,12.6,NA,NA,NA
2025,2,8,8,9,320,6.2,NA,NA,NA,NA,NA,1024.3,10.6,12.6,NA,NA,NA
2025,2,8,9,9,340,5.1,NA,NA,NA,NA,NA,1024.3,10,12.6,NA,NA,NA
2025,2,8,10,9,360,3.6,NA,NA,NA,NA,NA,1024.1,9.3,12.6,NA,NA,NA
2025,2,8,11,9,350,3.6,NA,NA,NA,NA,NA,1024.2,9.6,12.6,NA,NA,NA
2025,2,8,12,9,10,4.1,NA,NA,NA,NA,NA,1024.2,9.6,12.6,NA,NA,NA
2025,2,8,13,9,350,3.6,NA,NA,NA,NA,NA,1024.3,10,12.6,NA,NA,NA
2025,2,8,14,9,10,3.1,NA,NA,NA,NA,NA,1024.6,9.2,12.6,NA,NA,NA
2025,2,8,15,9,360,3.1,NA,NA,NA,NA,NA,1025.3,9,12.6,NA,NA,NA
2025,2,8,16,9,60,4.1,NA,NA,NA,NA,NA,1026.3,9.5,12.6,NA,NA,NA
2025,2,8,17,9,30,3.1,NA,NA,NA,NA,NA,1026.9,9.1,12.6,NA,NA,NA
2025,2,8,18,9,350,4.1,NA,NA,NA,NA,NA,1027.3,9.5,12.6,NA,NA,NA
2025,2,8,19,9,300,3.1,NA,NA,NA,NA,NA,1027.2,10,12.7,NA,NA,NA
2025,2,8,20,9,300,5.1,NA,NA,NA,NA,NA,1026.6,10.5,12.7,NA,NA,NA
2025,2,8,21,9,280,6.7,NA,NA,NA,NA,NA,1025.5,11,12.7,NA,NA,NA
2025,2,8,22,9,290,7.7,NA,NA,NA,NA,NA,1024.8,11.3,12.7,NA,NA,NA
2025,2,8,22,59,300,7.2,NA,NA,NA,NA,NA,1024.5,11.6,12.7,NA,NA,NA
2025,2,9,0,9,290,8.2,NA,NA,NA,NA,NA,1024.1,12,12.7,NA,NA,NA
2025,2,9,1,9,290,9.3,NA,NA,NA,NA,NA,1023.6,11.9,12.7,NA,NA,NA
2025,2,9,1,59,290,9.3,NA,NA,NA,NA,NA,1023.3,12,12.6,NA,NA,NA
2025,2,9,3,9,10,8.8,NA,NA,NA,NA,NA,1023.4,11.6,12.6,NA,NA,NA
2025,2,9,4,9,350,7.7,NA,NA,NA,NA,NA,1023.8,11.5,12.6,NA,NA,NA
2025,2,9,5,9,160,6.7,NA,NA,NA,NA,NA,1024.2,11.3,12.6,NA,NA,NA
2025,2,9,6,9,190,6.7,NA,NA,NA,NA,NA,1023.7,11.4,12.6,NA,NA,NA
2025,2,9,7,9,180,5.1,NA,NA,NA,NA,NA,1024.4,11.2,12.5,NA,NA,NA
2025,2,9,8,9,150,4.6,NA,NA,NA,NA,NA,1024.5,10.6,12.5,NA,NA,NA
2025,2,9,9,9,270,5.7,NA,NA,NA,NA,NA,1024.2,9.9,12.5,NA,NA,NA
2025,2,9,10,9,80,5.1,NA,NA,NA,NA,NA,1023.9,9.9,12.5,NA,NA,NA
2025,2,9,11,9,140,5.1,NA,NA,NA,NA,NA,1023.6,9.9,12.5,NA,NA,NA
2025,2,9,12,9,100,4.6,NA,NA,NA,NA,NA,1023.2,9.1,12.5,NA,NA,NA
2025,2,9,13,9,110,3.1,NA,NA,NA,NA,NA,1023.2,8.8,12.5,NA,NA,NA
2025,2,9,14,9,130,4.1,NA,NA,NA,NA,NA,1022.7,8.9,12.5,NA,NA,NA
2025,2,9,15,9,80,5.1,NA,NA,NA,NA,NA,1022.8,9,12.5,NA,NA,NA
2025,2,9,16,9,110,4.6,NA,NA,NA,NA,NA,1023.3,8.9,12.5,NA,NA,NA
2025,2,9,17,9,250,4.6,NA,NA,NA,NA,NA,1023.6,8.8,12.5,NA,NA,NA
2025,2,9,18,9,110,4.1,NA,NA,NA,NA,NA,1023.7,8.9,12.6,NA,NA,NA
2025,2,9,19,9,150,4.1,NA,NA,NA,NA,NA,1023.5,9.3,12.6,NA,NA,NA
2025,2,9,20,9,20,4.1,NA,NA,NA,NA,NA,1022.5,9.9,12.7,NA,NA,NA
2025,2,9,21,9,320,3.1,NA,NA,NA,NA,NA,1021.4,11.3,13,NA,NA,NA
2025,2,9,22,9,230,4.6,NA,NA,NA,NA,NA,1020.5,11.5,13,NA,NA,NA
2025,2,9,22,59,50,7.7,NA,NA,NA,NA,NA,1019.9,11.8,12.8,NA,NA,NA
2025,2,10,0,9,270,9.8,NA,NA,NA,NA,NA,1019.4,11.7,12.7,NA,NA,NA
2025,2,10,1,9,260,8.2,NA,NA,NA,NA,NA,1019.1,11.6,12.6,NA,NA,NA
2025,2,10,2,9,290,8.2,NA,NA,NA,NA,NA,1019,11.6,12.6,NA,NA,NA
2025,2,10,3,9,340,8.2,NA,NA,NA,NA,NA,1019,11.6,12.5,NA,NA,NA
2025,2,10,4,9,300,8.8,NA,NA,NA,NA,NA,1019.4,11.7,12.5,NA,NA,NA
2025,2,10,5,9,320,6.2,NA,NA,NA,NA,NA,1019.7,11.7,12.5,NA,NA,NA
2025,2,10,6,9,360,5.7,NA,NA,NA,NA,NA,1020.2,11.2,12.6,NA,NA,NA
2025,2,10,7,9,310,8.8,NA,NA,NA,NA,NA,1020.5,10.9,12.5,NA,NA,NA
2025,2,10,8,9,310,8.8,NA,NA,NA,NA,NA,1020.5,11.2,12.5,NA,NA,NA
2025,2,10,9,9,360,7.2,NA,NA,NA,NA,NA,1020.5,10.3,12.5,NA,NA,NA
2025,2,10,10,9,20,5.7,NA,NA,NA,NA,NA,1020.4,10.4,12.5,NA,NA,NA
2025,2,10,11,9,20,6.2,NA,NA,NA,NA,NA,1020,9.5,12.4,NA,NA,NA
2025,2,10,12,9,30,6.7,NA,NA,NA,NA,NA,1019.9,8.9,12.4,NA,NA,NA
2025,2,10,13,9,350,6.7,NA,NA,NA,NA,NA,1019.7,8.4,12.5,NA,NA,NA
2025,2,10,13,59,50,3.1,NA,NA,NA,NA,NA,1019.8,7.8,12.4,NA,NA,NA
2025,2,10,15,9,30,7.2,NA,NA,NA,NA,NA,1020,7.6,12.4,NA,NA,NA
2025,2,10,15,59,350,3.1,NA,NA,NA,NA,NA,1020.4,7.5,12.4,NA,NA,NA
2025,2,10,17,9,30,6.7,NA,NA,NA,NA,NA,1020.8,7.8,12.4,NA,NA,NA
2025,2,10,17,59,30,2.1,NA,NA,NA,NA,NA,1021,8,12.4,NA,NA,NA
2025,2,10,19,9,30,4.6,NA,NA,NA,NA,NA,1021.2,9.2,12.5,NA,NA,NA
2025,2,10,19,59,210,1.5,NA,NA,NA,NA,NA,1020.8,10,12.6,NA,NA,NA
2025,2,10,20,59,230,1.5,NA,NA,NA,NA,NA,1020.1,10.1,12.8,NA,NA,NA
2025,2,10,22,9,250,6.2,NA,NA,NA,NA,NA,1019.1,11,12.8,NA,NA,NA
2025,2,10,23,9,230,8.8,NA,NA,NA,NA,NA,1018.6,10.8,12.7,NA,NA,NA
2025,2,11,0,9,280,8.2,NA,NA,NA,NA,NA,1018.2,10.7,12.6,NA,NA,NA
2025,2,11,0,59,270,8.8,NA,NA,NA,NA,NA,1017.9,10.5,12.5,NA,NA,NA
2025,2,11,2,9,150,9.8,NA,NA,NA,NA,NA,1017.9,10.3,12.5,NA,NA,NA
2025,2,11,3,9,290,9.8,NA,NA,NA,NA,NA,1017.9,10.3,12.4,NA,NA,NA
2025,2,11,4,9,300,9.8,NA,NA,NA,NA,NA,1017.7,10.1,12.3,NA,NA,NA
2025,2,11,5,9,280,9.3,NA,NA,NA,NA,NA,1017.8,10,12.3,NA,NA,NA
2025,2,11,5,59,70,8.8,NA,NA,NA,NA,NA,1018.3,10,12.3,NA,NA,NA
2025,2,11,7,9,350,6.7,NA,NA,NA,NA,NA,1018.1,9.7,12.3,NA,NA,NA
2025,2,11,8,9,300,7.2,NA,NA,NA,NA,NA,1018.2,9.6,12.2,NA,NA,NA
2025,2,11,8,59,140,5.1,NA,NA,NA,NA,NA,1017.9,9.5,12.3,NA,NA,NA
2025,2,11,9,59,280,5.1,NA,NA,NA,NA,NA,1017.7,9.4,12.3,NA,NA,NA
2025,2,11,10,59,260,3.1,NA,NA,NA,NA,NA,1017.6,9.3,12.2,NA,NA,NA
2025,2,11,11,59,300,3.6,NA,NA,NA,NA,NA,1017.2,9.1,12.2,NA,NA,NA
2025,2,11,12,59,340,2.6,NA,NA,NA,NA,NA,1017.2,8.8,12.2,NA,NA,NA
2025,2,11,13,59,90,2.6,NA,NA,NA,NA,NA,1017.1,8.8,12.2,NA,NA,NA
2025,2,11,14,59,170,2.1,NA,NA,NA,NA,NA,1017.5,8.4,12.2,NA,NA,NA
2025,2,11,16,9,290,4.1,NA,NA,NA,NA,NA,1017.8,9,12.1,NA,NA,NA
2025,2,11,16,59,80,1.5,NA,NA,NA,NA,NA,1018.2,9.5,12.2,NA,NA,NA
2025,2,11,18,9,190,2.1,NA,NA,NA,NA,NA,1018.4,10,12.3,NA,NA,NA
2025,2,11,19,9,210,3.1,NA,NA,NA,NA,NA,1018.6,10.2,12.3,NA,NA,NA
2025,2,11,19,59,210,2.6,NA,NA,NA,NA,NA,1018.7,10.4,12.4,NA,NA,NA
2025,2,11,20,59,200,3.1,NA,NA,NA,NA,NA,1017.9,10.4,12.4,NA,NA,NA
2025,2,11,21,59,140,8.2,NA,NA,NA,NA,NA,1016.3,10.7,12.5,NA,NA,NA
2025,2,11,23,9,160,8.2,NA,NA,NA,NA,NA,1015.7,10.6,12.4,NA,NA,NA
2025,2,11,23,59,160,8.8,NA,NA,NA,NA,NA,1015.8,10.5,12.4,NA,NA,NA
2025,2,12,0,59,220,8.2,NA,NA,NA,NA,NA,1016.1,10.5,12.4,NA,NA,NA
2025,2,12,1,59,160,7.2,NA,NA,NA,NA,NA,1015.5,10.3,12.4,NA,NA,NA
2025,2,12,2,59,170,5.7,NA,NA,NA,NA,NA,1015,10.4,12.3,NA,NA,NA
2025,2,12,4,9,270,6.2,NA,NA,NA,NA,NA,1014.3,10.8,12.3,NA,NA,NA
2025,2,12,4,59,230,2.1,NA,NA,NA,NA,NA,1014.3,9.4,12.3,NA,NA,NA
2025,2,12,5,59,310,3.6,NA,NA,NA,NA,NA,1013.8,8.8,12.2,NA,NA,NA
2025,2,12,6,59,100,4.6,NA,NA,NA,NA,NA,1013.6,8.7,12.2,NA,NA,NA
2025,2,12,7,59,230,7.2,NA,NA,NA,NA,NA,1013.1,8.1,12.2,NA,NA,NA
2025,2,12,8,59,30,6.7,NA,NA,NA,NA,NA,1012.9,8.3,12.2,NA,NA,NA
2025,2,12,9,59,260,5.7,NA,NA,NA,NA,NA,1012.4,8.2,12.2,NA,NA,NA
2025,2,12,10,59,350,7.2,NA,NA,NA,NA,NA,1011.6,8,12.2,NA,NA,NA
2025,2,12,11,59,160,9.3,NA,NA,NA,NA,NA,1010.9,8.2,12.2,NA,NA,NA
2025,2,12,12,59,250,8.8,NA,NA,NA,NA,NA,1010.7,8.2,12.2,NA,NA,NA
2025,2,12,13,59,20,9.8,NA,NA,NA,NA,NA,1009.8,8.2,12.2,NA,NA,NA
2025,2,12,14,59,30,9.3,NA,NA,NA,NA,NA,1010.6,8.5,12.2,NA,NA,NA
2025,2,12,15,59,330,9.3,NA,NA,NA,NA,NA,1011,8.8,12.2,NA,NA,NA
2025,2,12,16,59,250,7.7,NA,NA,NA,NA,NA,1011,8.5,12.3,NA,NA,NA
2025,2,12,17,59,190,5.7,NA,NA,NA,NA,NA,1011.2,9.3,12.3,NA,NA,NA
2025,2,12,18,59,20,6.2,NA,NA,NA,NA,NA,1011.7,10,12.3,NA,NA,NA
2025,2,12,19,59,130,5.1,NA,NA,NA,NA,NA,1011.1,10.4,12.3,NA,NA,NA
2025,2,12,20,59,40,3.1,NA,NA,NA,NA,NA,1010.6,10.8,12.3,NA,NA,NA
2025,2,12,21,59,260,3.1,NA,NA,NA,NA,NA,1009.5,10.9,12.3,NA,NA,NA
2025,2,12,22,59,330,1.5,NA,NA,NA,NA,NA,1009.2,11,12.3,NA,NA,NA
2025,2,12,23,59,250,2.1,NA,NA,NA,NA,NA,1009,11.2,12.3,NA,NA,NA
2025,2,13,0,59,170,3.1,NA,NA,NA,NA,NA,1008.3,11.1,12.3,NA,NA,NA
2025,2,13,1,59,290,2.6,NA,NA,NA,NA,NA,1008.1,10.6,12.3,NA,NA,NA
2025,2,13,2,59,140,1.5,NA,NA,NA,NA,NA,1007.8,10.1,12.3,NA,NA,NA
2025,2,13,3,59,10,3.1,NA,NA,NA,NA,NA,1007.7,10.2,12.3,NA,NA,NA
2025,2,13,4,59,350,2.6,NA,NA,NA,NA,NA,1007.6,10.6,12.2,NA,NA,NA
2025,2,13,5,59,40,5.7,NA,NA,NA,NA,NA,1006.9,10.9,12.2,NA,NA,NA
2025,2,13,6,59,110,4.1,NA,NA,NA,NA,NA,1005.8,11.3,12.2,NA,NA,NA
2025,2,13,7,59,160,10.8,NA,NA,NA,NA,NA,1003.8,12.7,12.2,NA,NA,NA
2025,2,13,8,59,140,11.3,NA,NA,NA,NA,NA,1003.5,12.6,12.1,NA,NA,NA
2025,2,13,9,59,200,10.8,NA,NA,NA,NA,NA,1002.5,13,12.1,NA,NA,NA
2025,2,13,10,59,160,11.8,NA,NA,NA,NA,NA,1001.8,12.8,12,NA,NA,NA
2025,2,13,11,59,210,11.3,NA,NA,NA,NA,NA,1001.7,12.9,12,NA,NA,NA
2025,2,13,12,59,120,10.8,NA,NA,NA,NA,NA,1001.2,12.8,12.2,NA,NA,NA
2025,2,13,13,59,190,7.7,NA,NA,NA,NA,NA,1002.4,12.7,12.2,NA,NA,NA
2025,2,13,14,59,360,9.8,NA,NA,NA,NA,NA,1001.4,12,12.2,NA,NA,NA
2025,2,13,15,59,120,9.3,NA,NA,NA,NA,NA,1002.2,12.5,12.2,NA,NA,NA
2025,2,13,16,59,190,9.3,NA,NA,NA,NA,NA,1002.4,12.4,12.2,NA,NA,NA
2025,2,13,17,59,170,7.7,NA,NA,NA,NA,NA,1003.3,12.7,12.2,NA,NA,NA
2025,2,13,18,59,340,9.3,NA,NA,NA,NA,NA,1003.7,12.9,12.2,NA,NA,NA
2025,2,13,19,59,240,10.8,NA,NA,NA,NA,NA,1003.3,12.6,12.1,NA,NA,NA
2025,2,13,20,59,90,11.3,NA,NA,NA,NA,NA,1003.2,12.2,12.1,NA,NA,NA
2025,2,13,21,59,290,10.3,NA,NA,NA,NA,NA,1003.4,12.8,12.1,NA,NA,NA
2025,2,13,22,59,300,9.3,NA,NA,NA,NA,NA,1003.5,12.9,12.1,NA,NA,NA
2025,2,13,23,59,350,9.3,NA,NA,NA,NA,NA,1004.2,13,12.1,NA,NA,NA
2025,2,14,0,59,280,9.3,NA,NA,NA,NA,NA,1005.3,12.9,12.1,NA,NA,NA
2025,2,14,1,59,260,8.2,NA,NA,NA,NA,NA,1006.8,12.7,12.1,NA,NA,NA
2025,2,14,2,59,320,8.2,NA,NA,NA,NA,NA,1006.6,12.8,12.1,NA,NA,NA
2025,2,14,3,59,310,7.7,NA,NA,NA,NA,NA,1007.3,12.7,12.1,NA,NA,NA
2025,2,14,4,59,350,10.8,NA,NA,NA,NA,NA,1007.9,12.4,12.1,NA,NA,NA
2025,2,14,5,59,230,7.2,NA,NA,NA,NA,NA,1009.4,12.2,12.1,NA,NA,NA
2025,2,14,6,59,240,9.8,NA,NA,NA,NA,NA,1009.9,12.6,12.1,NA,NA,NA
2025,2,14,7,59,30,7.2,NA,NA,NA,NA,NA,1011.4,12.4,12.1,NA,NA,NA
2025,2,14,8,59,40,6.7,NA,NA,NA,NA,NA,1012,12.3,12.1,NA,NA,NA
2025,2,14,9,59,350,7.7,NA,NA,NA,NA,NA,1012.8,12.4,12.1,NA,NA,NA
2025,2,14,10,59,230,7.2,NA,NA,NA,NA,NA,1013.1,12.3,12.1,NA,NA,NA
2025,2,14,11,59,330,9.3,NA,NA,NA,NA,NA,1013.9,11.7,12.1,NA,NA,NA
2025,2,14,12,59,260,7.2,NA,NA,NA,NA,NA,1015.6,11.3,12.1,NA,NA,NA
2025,2,14,13,59,350,9.3,NA,NA,NA,NA,NA,1016.4,11.9,12.1,NA,NA,NA
2025,2,14,14,59,150,6.7,NA,NA,NA,NA,NA,1017.5,11.8,12.1,NA,NA,NA
2025,2,14,15,59,10,8.2,NA,NA,NA,NA,NA,1018.6,11.7,12.1,NA,NA,NA
2025,2,14,16,59,310,7.7,NA,NA,NA,NA,NA,1020.1,11.8,12.1,NA,NA,NA
2025,2,14,17,59,260,6.7,NA,NA,NA,NA,NA,1021.3,11.8,12.2,NA,NA,NA
2025,2,14,18,59,110,7.2,NA,NA,NA,NA,NA,1022.2,11.8,12.2,NA,NA,NA
2025,2,14,19,59,190,6.7,NA,NA,NA,NA,NA,1022.9,11.5,12.2,NA,NA,NA
2025,2,14,20,59,30,7.7,NA,NA,NA,NA,NA,1022.9,11.8,12.2,NA,NA,NA
2025,2,14,21,59,40,10.3,NA,NA,NA,NA,NA,1022.3,11.6,12.2,NA,NA,NA
2025,2,14,22,59,60,7.7,NA,NA,NA,NA,NA,1022.9,11.9,12.2,NA,NA,NA
2025,2,14,23,59,310,8.2,NA,NA,NA,NA,NA,1023.1,11.9,12.2,NA,NA,NA
2025,2,15,0,59,30,9.3,NA,NA,NA,NA,NA,1023.2,11.9,12.2,NA,NA,NA
2025,2,15,1,59,110,10.8,NA,NA,NA,NA,NA,1023.2,11.5,12.1,NA,NA,NA
2025,2,15,2,59,70,8.8,NA,NA,NA,NA,NA,1024.1,11.5,12.1,NA,NA,NA
2025,2,15,3,59,120,8.2,NA,NA,NA,NA,NA,1024.5,11.1,12.1,NA,NA,NA
2025,2,15,4,59,110,8.2,NA,NA,NA,NA,NA,1025,11,12.1,NA,NA,NA
2025,2,15,5,59,270,7.2,NA,NA,NA,NA,NA,1025.5,11,12.1,NA,NA,NA
2025,2,15,6,59,260,5.7,NA,NA,NA,NA,NA,1025.7,10.8,12.1,NA,NA,NA
2025,2,15,7,59,160,3.6,NA,NA,NA,NA,NA,1025.5,9.7,12,NA,NA,NA
2025,2,15,8,59,240,3.1,NA,NA,NA,NA,NA,1025.7,9.4,12,NA,NA,NA
2025,2,15,9,59,340,4.1,NA,NA,NA,NA,NA,1026,9.7,12,NA,NA,NA
2025,2,15,10,59,340,3.6,NA,NA,NA,NA,NA,1025.8,9.6,12,NA,NA,NA
2025,2,15,11,59,330,3.6,NA,NA,NA,NA,NA,1025.9,9.2,12,NA,NA,NA
2025,2,15,12,59,340,3.1,NA,NA,NA,NA,NA,1025.8,9.2,12,NA,NA,NA
2025,2,15,13,59,10,5.1,NA,NA,NA,NA,NA,1025.5,9,12.1,NA,NA,NA
2025,2,15,14,59,230,4.6,NA,NA,NA,NA,NA,1025.9,9.2,12.1,NA,NA,NA
2025,2,15,15,59,360,4.1,NA,NA,NA,NA,NA,1026.6,8.3,12.1,NA,NA,NA
2025,2,15,16,59,30,4.6,NA,NA,NA,NA,NA,1027.6,8.3,12.1,NA,NA,NA
2025,2,15,17,59,300,4.6,NA,NA,NA,NA,NA,1027.6,8.6,12.1,NA,NA,NA
2025,2,15,18,59,120,4.1,NA,NA,NA,NA,NA,1027.9,9.1,12.2,NA,NA,NA
2025,2,15,19,59,220,3.1,NA,NA,NA,NA,NA,1027.6,9.8,12.3,NA,NA,NA
2025,2,15,20,59,360,2.1,NA,NA,NA,NA,NA,1027.2,10.7,12.5,NA,NA,NA
2025,2,15,21,59,80,4.6,NA,NA,NA,NA,NA,1026.6,11.2,12.5,NA,NA,NA
2025,2,15,22,59,30,3.1,NA,NA,NA,NA,NA,1025.4,11.5,12.5,NA,NA,NA
2025,2,15,23,59,80,4.1,NA,NA,NA,NA,NA,1025,11.6,12.5,NA,NA,NA
2025,2,16,0,59,30,5.1,NA,NA,NA,NA,NA,1024.6,11.5,12.4,NA,NA,NA
2025,2,16,1,59,270,4.6,NA,NA,NA,NA,NA,1024.7,11.7,12.4,NA,NA,NA
2025,2,16,2,59,40,6.7,NA,NA,NA,NA,NA,1024.7,11.6,12.3,NA,NA,NA
2025,2,16,3,59,130,6.2,NA,NA,NA,NA,NA,1024.8,11.6,12.3,NA,NA,NA
2025,2,16,4,59,340,6.2,NA,NA,NA,NA,NA,1025.1,11.6,12.3,NA,NA,NA
2025,2,16,5,59,240,4.6,NA,NA,NA,NA,NA,1024.8,11.5,12.2,NA,NA,NA
2025,2,16,6,59,270,4.6,NA,NA,NA,NA,NA,1024.6,11.4,12.2,NA,NA,NA
2025,2,16,7,59,290,2.6,NA,NA,NA,NA,NA,1023.9,11.4,12.2,NA,NA,NA
2025,2,16,8,59,300,2.1,NA,NA,NA,NA,NA,1023.2,11.2,12.2,NA,NA,NA
2025,2,16,9,59,260,3.1,NA,NA,NA,NA,NA,1023.2,11.3,12.1,NA,NA,NA
2025,2,16,10,59,270,3.6,NA,NA,NA,NA,NA,1023.2,10.4,12.1,NA,NA,NA
2025,2,16,11,59,280,1,NA,NA,NA,NA,NA,1022.7,10.8,12.1,NA,NA,NA
2025,2,16,12,59,190,5.7,NA,NA,NA,NA,NA,1022.2,10,12.1,NA,NA,NA
2025,2,16,13,59,90,5.1,NA,NA,NA,NA,NA,1021.9,9.6,12,NA,NA,NA
2025,2,16,14,59,60,4.6,NA,NA,NA,NA,NA,1022,9.3,12,NA,NA,NA
2025,2,16,15,59,130,5.1,NA,NA,NA,NA,NA,1021.8,9.4,12,NA,NA,NA
2025,2,16,16,59,350,5.1,NA,NA,NA,NA,NA,1022,9.4,12.1,NA,NA,NA
2025,2,16,17,59,340,5.1,NA,NA,NA,NA,NA,1022,10.3,12.1,NA,NA,NA
2025,2,16,18,59,120,4.1,NA,NA,NA,NA,NA,1021.5,11,12.2,NA,NA,NA
2025,2,16,19,59,80,1.5,NA,NA,NA,NA,NA,1021.1,11.8,12.3,NA,NA,NA
2025,2,16,20,59,140,3.1,NA,NA,NA,NA,NA,1020.2,11.9,12.3,NA,NA,NA
2025,2,16,21,59,350,5.1,NA,NA,NA,NA,NA,1019.5,12,12.8,NA,NA,NA
2025,2,16,22,59,150,5.7,NA,NA,NA,NA,NA,1019.3,12.4,12.4,NA,NA,NA
2025,2,16,23,59,340,4.6,NA,NA,NA,NA,NA,1018.6,12.3,12.3,NA,NA,NA
2025,2,17,0,59,180,5.7,NA,NA,NA,NA,NA,1017.9,12.2,12.4,NA,NA,NA
2025,2,17,1,59,70,4.1,NA,NA,NA,NA,NA,1017.8,12,12.3,NA,NA,NA
2025,2,17,2,59,190,4.6,NA,NA,NA,NA,NA,1018,12,12.4,NA,NA,NA
2025,2,17,3,59,240,3.6,NA,NA,NA,NA,NA,1018.5,11.9,12.4,NA,NA,NA
2025,2,17,4,59,260,5.1,NA,NA,NA,NA,NA,1018.6,11.8,12.5,NA,NA,NA
2025,2,17,5,59,290,5.1,NA,NA,NA,NA,NA,1018.5,11.4,12.4,NA,NA,NA
2025,2,17,6,59,300,2.1,NA,NA,NA,NA,NA,1018.8,11.3,12.3,NA,NA,NA
2025,2,17,7,59,260,4.6,NA,NA,NA,NA,NA,1019,11.5,12.3,NA,NA,NA
2025,2,17,8,59,280,3.6,NA,NA,NA,NA,NA,1018.9,11.4,12.3,NA,NA,NA
2025,2,17,9,59,260,3.6,NA,NA,NA,NA,NA,1018,10.8,12.3,NA,NA,NA
2025,2,17,10,59,230,2.1,NA,NA,NA,NA,NA,1018,10.8,12.3,NA,NA,NA
2025,2,17,11,59,310,2.1,NA,NA,NA,NA,NA,1017.8,10.7,12.3,NA,NA,NA
2025,2,17,12,59,290,2.6,NA,NA,NA,NA,NA,1019,10.1,12.3,NA,NA,NA
2025,2,17,13,59,260,1.5,NA,NA,NA,NA,NA,1019.5,9.8,12.3,NA,NA,NA
2025,2,17,14,59,250,7.2,NA,NA,NA,NA,NA,1019.3,10.2,12.2,NA,NA,NA
2025,2,17,15,59,290,5.7,NA,NA,NA,NA,NA,1019.6,10.4,12.2,NA,NA,NA
2025,2,17,16,59,300,5.1,NA,NA,NA,NA,NA,1020.2,9.7,12.2,NA,NA,NA
2025,2,17,17,59,310,5.1,NA,NA,NA,NA,NA,1020.1,10.2,12.3,NA,NA,NA
2025,2,17,18,59,130,4.6,NA,NA,NA,NA,NA,1020.1,10.6,12.4,NA,NA,NA
2025,2,17,19,59,310,1.5,NA,NA,NA,NA,NA,1020,11.4,12.5,NA,NA,NA
2025,2,17,20,59,250,5.1,NA,NA,NA,NA,NA,1020.2,11.5,12.7,NA,NA,NA
2025,2,17,21,59,100,7.7,NA,NA,NA,NA,NA,1019,12,12.8,NA,NA,NA
2025,2,17,22,59,40,8.8,NA,NA,NA,NA,NA,1018.4,12.1,12.6,NA,NA,NA
2025,2,17,23,59,70,10.3,NA,NA,NA,NA,NA,1018.5,12,12.3,NA,NA,NA
2025,2,18,0,59,80,9.3,NA,NA,NA,NA,NA,1018.4,12.1,12.3,NA,NA,NA
2025,2,18,1,59,160,9.3,NA,NA,NA,NA,NA,1018.7,12.1,12.3,NA,NA,NA
2025,2,18,2,59,70,10.3,NA,NA,NA,NA,NA,1019.2,11.9,12.2,NA,NA,NA
2025,2,18,3,59,70,8.8,NA,NA,NA,NA,NA,1019.4,11.7,12.3,NA,NA,NA
2025,2,18,4,59,80,8.8,NA,NA,NA,NA,NA,1019.8,11.5,12.2,NA,NA,NA
2025,2,18,5,59,20,6.7,NA,NA,NA,NA,NA,1020.4,11.4,12.1,NA,NA,NA
2025,2,18,6,59,270,8.2,NA,NA,NA,NA,NA,1020.1,11.2,12.1,NA,NA,NA
2025,2,18,7,59,150,7.2,NA,NA,NA,NA,NA,1020,11.1,12.1,NA,NA,NA
2025,2,18,8,59,170,8.2,NA,NA,NA,NA,NA,1020.3,11.2,12.1,NA,NA,NA
2025,2,18,9,59,310,5.1,NA,NA,NA,NA,NA,1020.5,10.9,12.1,NA,NA,NA
2025,2,18,10,59,330,4.6,NA,NA,NA,NA,NA,1019.9,10.4,12.2,NA,NA,NA
2025,2,18,11,59,240,4.1,NA,NA,NA,NA,NA,1019.7,10.6,12.1,NA,NA,NA
2025,2,18,12,59,330,1.5,NA,NA,NA,NA,NA,1020.4,10.5,12.2,NA,NA,NA
2025,2,18,13,59,160,3.1,NA,NA,NA,NA,NA,1020.9,10.6,12.1,NA,NA,NA
2025,2,18,14,59,80,5.1,NA,NA,NA,NA,NA,1020.7,10.2,12.1,NA,NA,NA
2025,2,18,15,59,10,4.6,NA,NA,NA,NA,NA,1020.8,9.9,12.2,NA,NA,NA
2025,2,18,16,59,240,4.1,NA,NA,NA,NA,NA,1021.6,10.1,12.2,NA,NA,NA
2025,2,18,17,59,40,4.6,NA,NA,NA,NA,NA,1021.7,10.7,12.2,NA,NA,NA
2025,2,18,18,59,40,4.1,NA,NA,NA,NA,NA,1022,11,12.3,NA,NA,NA
2025,2,18,19,59,10,2.6,NA,NA,NA,NA,NA,1021.5,11.4,12.5,NA,NA,NA
2025,2,18,21,9,300,4.1,NA,NA,NA,NA,NA,1021,11.6,12.6,NA,NA,NA
2025,2,18,22,9,300,5.7,NA,NA,NA,NA,NA,1020.4,11.8,12.6,NA,NA,NA
2025,2,18,23,9,330,5.7,NA,NA,NA,NA,NA,1019.9,12.2,12.5,NA,NA,NA
2025,2,19,0,9,310,6.2,NA,NA,NA,NA,NA,1019.7,12.1,12.6,NA,NA,NA
2025,2,19,1,9,50,7.2,NA,NA,NA,NA,NA,1020,12,12.3,NA,NA,NA
2025,2,19,2,9,160,6.2,NA,NA,NA,NA,NA,1020.2,11.9,12.3,NA,NA,NA
2025,2,19,3,9,320,3.1,NA,NA,NA,NA,NA,1020.5,12.1,12.2,NA,NA,NA
2025,2,19,5,9,200,5.7,NA,NA,NA,NA,NA,1021,12.3,12.1,NA,NA,NA
2025,2,19,6,9,360,2.6,NA,NA,NA,NA,NA,1021,12,12.1,NA,NA,NA
2025,2,19,7,9,350,2.6,NA,NA,NA,NA,NA,1020.9,11.8,12.1,NA,NA,NA
2025,2,19,8,9,290,3.6,NA,NA,NA,NA,NA,1021.2,11.3,12.1,NA,NA,NA
2025,2,19,9,9,340,4.1,NA,NA,NA,NA,NA,1021.2,11.5,12.1,NA,NA,NA
2025,2,19,10,9,350,4.1,NA,NA,NA,NA,NA,1020.5,11.5,12.1,NA,NA,NA
2025,2,19,11,9,20,5.1,NA,NA,NA,NA,NA,1019.9,11,12.1,NA,NA,NA
2025,2,19,12,9,350,4.1,NA,NA,NA,NA,NA,1020.5,11.2,12.1,NA,NA,NA
2025,2,19,13,9,350,3.1,NA,NA,NA,NA,NA,1020.3,11.3,12.1,NA,NA,NA
2025,2,19,14,9,360,5.1,NA,NA,NA,NA,NA,1020.1,11.5,12.1,NA,NA,NA
2025,2,19,15,9,320,3.6,NA,NA,NA,NA,NA,1021.1,11.5,12.1,NA,NA,NA
2025,2,19,16,9,270,4.1,NA,NA,NA,NA,NA,1021.8,11.7,12.1,NA,NA,NA
2025,2,19,17,9,260,3.6,NA,NA,NA,NA,NA,1022.6,11.8,12.1,NA,NA,NA
2025,2,19,18,9,260,1.5,NA,NA,NA,NA,NA,1023.3,12.1,12.2,NA,NA,NA
2025,2,19,19,9,170,1.5,NA,NA,NA,NA,NA,1022.9,12.6,12.2,NA,NA,NA
2025,2,19,20,9,140,2.1,NA,NA,NA,NA,NA,1022.7,12.4,12.3,NA,NA,NA
2025,2,19,21,9,240,3.6,NA,NA,NA,NA,NA,1022.3,11.9,12.6,NA,NA,NA
2025,2,19,22,9,290,2.6,NA,NA,NA,NA,NA,1022.5,11.6,12.6,NA,NA,NA
2025,2,19,23,9,300,1.5,NA,NA,NA,NA,NA,1022.7,11.7,12.5,NA,NA,NA
2025,2,20,0,9,290,2.1,NA,NA,NA,NA,NA,1022.6,11.8,12.7,NA,NA,NA
2025,2,20,2,9,290,6.2,NA,NA,NA,NA,NA,1021.6,12.4,12.5,NA,NA,NA
2025,2,20,3,9,300,7.2,NA,NA,NA,NA,NA,1021.2,12.1,12.4,NA,NA,NA
2025,2,20,4,9,200,3.1,NA,NA,NA,NA,NA,1021.4,11.9,12.3,NA,NA,NA
2025,2,20,5,9,180,2.1,NA,NA,NA,NA,NA,1021.4,10.7,12.2,NA,NA,NA
2025,2,20,6,9,80,2.6,NA,NA,NA,NA,NA,1021.5,10.4,12.2,NA,NA,NA
2025,2,20,7,9,160,1,NA,NA,NA,NA,NA,1022.1,10.4,12.3,NA,NA,NA
2025,2,20,8,9,270,6.2,NA,NA,NA,NA,NA,1022.1,11.1,12.3,NA,NA,NA
2025,2,20,9,9,320,4.6,NA,NA,NA,NA,NA,1021.8,10.8,12.2,NA,NA,NA
2025,2,20,10,9,50,3.6,NA,NA,NA,NA,NA,1021.5,10.8,12.1,NA,NA,NA
2025,2,20,11,9,290,2.1,NA,NA,NA,NA,NA,1021.1,10.8,12.1,NA,NA,NA
2025,2,20,12,9,350,1.5,NA,NA,NA,NA,NA,1020.7,10.3,12.1,NA,NA,NA
2025,2,20,13,9,200,1.5,NA,NA,NA,NA,NA,1020.7,10.1,12.2,NA,NA,NA
2025,2,20,14,9,40,3.1,NA,NA,NA,NA,NA,1020.3,9.5,12.1,NA,NA,NA
2025,2,20,15,9,130,2.6,NA,NA,NA,NA,NA,1021.1,9.2,12.1,NA,NA,NA
2025,2,20,16,9,230,1.5,NA,NA,NA,NA,NA,1022.2,9.9,12,NA,NA,NA
2025,2,20,17,9,240,2.1,NA,NA,NA,NA,NA,1023.2,11.1,12.1,NA,NA,NA
2025,2,20,18,9,130,1.5,NA,NA,NA,NA,NA,1022.4,11.8,12.2,NA,NA,NA
2025,2,20,19,9,80,4.1,NA,NA,NA,NA,NA,1022.3,10.7,12.4,NA,NA,NA
2025,2,20,20,9,210,1.5,NA,NA,NA,NA,NA,1021.4,11.9,12.5,NA,NA,NA
2025,2,20,22,9,290,4.1,NA,NA,NA,NA,NA,1019.2,12.9,12.7,NA,NA,NA
2025,2,20,22,59,280,6.2,NA,NA,NA,NA,NA,1018.9,12.6,12.9,NA,NA,NA
2025,2,20,23,59,80,6.2,NA,NA,NA,NA,NA,1018.6,12.4,12.5,NA,NA,NA
2025,2,21,0,59,300,6.2,NA,NA,NA,NA,NA,1018.3,12.2,12.5,NA,NA,NA
2025,2,21,1,59,220,7.7,NA,NA,NA,NA,NA,1018.7,11.9,12.3,NA,NA,NA
2025,2,21,2,59,80,8.2,NA,NA,NA,NA,NA,1019.3,12,12.2,NA,NA,NA
2025,2,21,3,59,120,7.2,NA,NA,NA,NA,NA,1019.4,12,12.1,NA,NA,NA
2025,2,21,4,59,180,6.7,NA,NA,NA,NA,NA,1019.8,11.8,12.1,NA,NA,NA
2025,2,21,5,59,210,4.1,NA,NA,NA,NA,NA,1019.7,11.6,12.1,NA,NA,NA
2025,2,21,6,59,340,3.1,NA,NA,NA,NA,NA,1019.6,11.6,12.1,NA,NA,NA
2025,2,21,7,59,340,2.1,NA,NA,NA,NA,NA,1019.5,11.4,12,NA,NA,NA
2025,2,21,8,59,340,1.5,NA,NA,NA,NA,NA,1019.3,11,12.1,NA,NA,NA
2025,2,21,9,59,340,2.6,NA,NA,NA,NA,NA,1019.3,11,12,NA,NA,NA
2025,2,21,10,59,150,2.6,NA,NA,NA,NA,NA,1019.2,10.8,12,NA,NA,NA
2025,2,21,11,59,330,4.1,NA,NA,NA,NA,NA,1019.2,10.8,12,NA,NA,NA
2025,2,21,12,59,270,4.6,NA,NA,NA,NA,NA,1019.1,11,12,NA,NA,NA
2025,2,21,13,59,310,5.1,NA,NA,NA,NA,NA,1018.8,10.2,12,NA,NA,NA
2025,2,21,14,59,250,5.1,NA,NA,NA,NA,NA,1018.9,10.4,12,NA,NA,NA
2025,2,21,15,59,120,5.1,NA,NA,NA,NA,NA,1019.9,9.8,12,NA,NA,NA
2025,2,21,16,59,190,4.1,NA,NA,NA,NA,NA,1020.8,10.2,12,NA,NA,NA
2025,2,21,17,59,120,3.6,NA,NA,NA,NA,NA,1021.2,10.5,12.1,NA,NA,NA
2025,2,21,18,59,340,3.6,NA,NA,NA,NA,NA,1021.6,11,12.2,NA,NA,NA
2025,2,21,19,59,10,2.1,NA,NA,NA,NA,NA,1021.6,12.2,12.4,NA,NA,NA
2025,2,21,20,59,280,4.6,NA,NA,NA,NA,NA,1021,12,12.5,NA,NA,NA
2025,2,21,21,59,290,4.6,NA,NA,NA,NA,NA,1020.1,12.5,12.5,NA,NA,NA
2025,2,21,22,59,260,5.1,NA,NA,NA,NA,NA,1019.9,12.4,12.6,NA,NA,NA
2025,2,21,23,59,270,8.8,NA,NA,NA,NA,NA,1020,12.6,12.4,NA,NA,NA
2025,2,22,0,59,80,9.8,NA,NA,NA,NA,NA,1019.7,11.5,12.2,NA,NA,NA
2025,2,22,1,59,130,7.2,NA,NA,NA,NA,NA,1019.8,11.9,12.2,NA,NA,NA
2025,2,22,2,59,60,4.6,NA,NA,NA,NA,NA,1019.7,12,12,NA,NA,NA
2025,2,22,3,59,350,3.1,NA,NA,NA,NA,NA,1020.2,11.9,12,NA,NA,NA
2025,2,22,4,59,290,3.1,NA,NA,NA,NA,NA,1020.7,11.7,12,NA,NA,NA
2025,2,22,5,59,220,8.2,NA,NA,NA,NA,NA,1021.5,10.4,11.9,NA,NA,NA
2025,2,22,6,59,150,6.2,NA,NA,NA,NA,NA,1022.2,10.1,11.9,NA,NA,NA
2025,2,22,7,59,280,4.6,NA,NA,NA,NA,NA,1023.1,10.9,11.9,NA,NA,NA
2025,2,22,8,59,240,2.6,NA,NA,NA,NA,NA,1023.3,11.4,11.9,NA,NA,NA
2025,2,22,9,59,260,3.6,NA,NA,NA,NA,NA,1022.6,11.3,11.8,NA,NA,NA
2025,2,22,10,59,200,4.6,NA,NA,NA,NA,NA,1022.1,9.7,11.9,NA,NA,NA
2025,2,22,11,59,180,5.7,NA,NA,NA,NA,NA,1022.2,9.6,11.8,NA,NA,NA
2025,2,22,12,59,20,4.6,NA,NA,NA,NA,NA,1022.9,10.4,11.9,NA,NA,NA
2025,2,22,13,59,30,3.6,NA,NA,NA,NA,NA,1023.1,11,11.9,NA,NA,NA
2025,2,22,14,59,60,4.1,NA,NA,NA,NA,NA,1023.7,11,11.9,NA,NA,NA
2025,2,22,15,59,290,4.1,NA,NA,NA,NA,NA,1024.6,10.3,11.9,NA,NA,NA
2025,2,22,16,59,190,3.1,NA,NA,NA,NA,NA,1026.3,10.9,11.9,NA,NA,NA
2025,2,22,18,59,330,4.1,NA,NA,NA,NA,NA,1025.3,11.7,12,NA,NA,NA
2025,2,22,19,59,290,4.6,NA,NA,NA,NA,NA,1024.7,12,12.2,NA,NA,NA
2025,2,22,20,59,80,6.7,NA,NA,NA,NA,NA,1023.6,11.4,12.2,NA,NA,NA
2025,2,22,21,59,80,9.3,NA,NA,NA,NA,NA,1023.2,10.4,12,NA,NA,NA
2025,2,22,22,59,110,6.7,NA,NA,NA,NA,NA,1022.9,11.1,12,NA,NA,NA
2025,2,22,23,59,120,7.2,NA,NA,NA,NA,NA,1023.3,10.9,12,NA,NA,NA
2025,2,23,0,59,80,8.8,NA,NA,NA,NA,NA,1023.2,10.7,12,NA,NA,NA
2025,2,23,1,59,50,7.2,NA,NA,NA,NA,NA,1023.6,11,12,NA,NA,NA
2025,2,23,2,59,20,2.1,NA,NA,NA,NA,NA,1024.8,11.1,12,NA,NA,NA
2025,2,23,3,59,90,5.7,NA,NA,NA,NA,NA,1024.9,11.4,12,NA,NA,NA
2025,2,23,4,59,130,4.6,NA,NA,NA,NA,NA,1025.1,11.7,12,NA,NA,NA
2025,2,23,5,59,330,3.6,NA,NA,NA,NA,NA,1025.8,11.7,12,NA,NA,NA
2025,2,23,6,59,320,3.1,NA,NA,NA,NA,NA,1026.1,11.6,12,NA,NA,NA
2025,2,23,7,59,320,3.1,NA,NA,NA,NA,NA,1026.2,11.4,12,NA,NA,NA
2025,2,23,8,59,280,3.1,NA,NA,NA,NA,NA,1026,11.4,12,NA,NA,NA
2025,2,23,10,59,290,1.5,NA,NA,NA,NA,NA,1024.7,11.3,11.9,NA,NA,NA
2025,2,23,11,59,90,2.1,NA,NA,NA,NA,NA,1024.1,11.3,11.9,NA,NA,NA
2025,2,23,12,59,130,4.1,NA,NA,NA,NA,NA,1024.4,10.6,11.9,NA,NA,NA
2025,2,23,13,59,50,5.7,NA,NA,NA,NA,NA,1024.1,10.7,11.9,NA,NA,NA
2025,2,23,14,59,210,7.2,NA,NA,NA,NA,NA,1023.8,11.1,11.9,NA,NA,NA
2025,2,23,15,59,170,5.7,NA,NA,NA,NA,NA,1025.5,11.2,11.9,NA,NA,NA
2025,2,23,16,59,270,5.1,NA,NA,NA,NA,NA,1025.9,11.8,11.9,NA,NA,NA
2025,2,23,17,59,90,4.1,NA,NA,NA,NA,NA,1026.2,12.1,12,NA,NA,NA
2025,2,23,18,59,40,7.2,NA,NA,NA,NA,NA,1026.3,12.1,12,NA,NA,NA
2025,2,23,20,9,20,5.7,NA,NA,NA,NA,NA,1026,12.2,12.1,NA,NA,NA
2025,2,23,20,59,70,6.7,NA,NA,NA,NA,NA,1025.2,12.4,12.2,NA,NA,NA
2025,2,23,21,59,10,1,NA,NA,NA,NA,NA,1023.9,13,12.3,NA,NA,NA
2025,2,23,22,59,270,6.2,NA,NA,NA,NA,NA,1023.4,12.8,12.5,NA,NA,NA
2025,2,23,23,59,50,6.7,NA,NA,NA,NA,NA,1022.8,12.8,12.4,NA,NA,NA
2025,2,24,0,59,120,6.7,NA,NA,NA,NA,NA,1022.7,12.6,12.3,NA,NA,NA
2025,2,24,1,59,80,7.7,NA,NA,NA,NA,NA,1022.6,12.5,12.2,NA,NA,NA
2025,2,24,2,59,80,5.1,NA,NA,NA,NA,NA,1023.2,12.3,12.2,NA,NA,NA
2025,2,24,3,59,300,4.1,NA,NA,NA,NA,NA,1023.3,12.2,12.1,NA,NA,NA
2025,2,24,4,59,50,2.6,NA,NA,NA,NA,NA,1022.8,12,12.1,NA,NA,NA
2025,2,24,5,59,190,1.5,NA,NA,NA,NA,NA,1022.2,11.9,12.2,NA,NA,NA
2025,2,24,7,59,60,3.6,NA,NA,NA,NA,NA,1021.3,11.9,12.2,NA,NA,NA
2025,2,24,8,59,270,1,NA,NA,NA,NA,NA,1021.1,11.9,12.2,NA,NA,NA
2025,2,24,9,59,150,6.2,NA,NA,NA,NA,NA,1021.2,11.7,12.2,NA,NA,NA
2025,2,24,10,59,50,8.8,NA,NA,NA,NA,NA,1021.3,11.4,12.1,NA,NA,NA
2025,2,24,11,59,340,8.2,NA,NA,NA,NA,NA,1021.6,11.3,12.1,NA,NA,NA
2025,2,24,12,59,20,5.1,NA,NA,NA,NA,NA,1022.8,11.5,12.1,NA,NA,NA
2025,2,24,13,59,60,6.2,NA,NA,NA,NA,NA,1022.9,11.8,12.2,NA,NA,NA
2025,2,24,14,59,360,5.7,NA,NA,NA,NA,NA,1022.6,12,12.2,NA,NA,NA
2025,2,24,15,59,220,4.1,NA,NA,NA,NA,NA,1021.9,11.8,12.1,NA,NA,NA
2025,2,24,16,59,280,3.1,NA,NA,NA,NA,NA,1021.9,12.2,12.1,NA,NA,NA
2025,2,24,17,59,310,2.6,NA,NA,NA,NA,NA,1023.2,12.4,12.3,NA,NA,NA
2025,2,24,18,59,310,3.1,NA,NA,NA,NA,NA,1024,12.1,12.4,NA,NA,NA
2025,2,24,19,59,220,1.5,NA,NA,NA,NA,NA,1023.9,12.5,12.5,NA,NA,NA
2025,2,24,20,59,230,4.6,NA,NA,NA,NA,NA,1023.4,12.6,12.8,NA,NA,NA
2025,2,24,21,59,200,4.6,NA,NA,NA,NA,NA,1022.7,12.5,12.7,NA,NA,NA
2025,2,24,22,59,140,5.1,NA,NA,NA,NA,NA,1022.2,13,12.6,NA,NA,NA
2025,2,24,23,59,20,5.7,NA,NA,NA,NA,NA,1022.2,13,12.5,NA,NA,NA
2025,2,25,0,59,140,6.2,NA,NA,NA,NA,NA,1021.9,12.9,12.5,NA,NA,NA
2025,2,25,1,59,260,6.2,NA,NA,NA,NA,NA,1021.8,12.9,12.5,NA,NA,NA
2025,2,25,2,59,240,5.1,NA,NA,NA,NA,NA,1022.1,12.9,12.4,NA,NA,NA
2025,2,25,3,59,220,5.7,NA,NA,NA,NA,NA,1022.3,12.8,12.3,NA,NA,NA
2025,2,25,4,59,300,5.1,NA,NA,NA,NA,NA,1022.8,12.4,12.4,NA,NA,NA
2025,2,25,5,59,70,2.6,NA,NA,NA,NA,NA,1022.9,12.2,12.3,NA,NA,NA
2025,2,25,6,59,260,2.6,NA,NA,NA,NA,NA,1023.2,12.2,12.2,NA,NA,NA
2025,2,25,7,59,300,3.6,NA,NA,NA,NA,NA,1023.4,12.6,12.3,NA,NA,NA
2025,2,25,8,59,100,4.1,NA,NA,NA,NA,NA,1023.6,12.3,12.3,NA,NA,NA
2025,2,25,9,59,40,5.1,NA,NA,NA,NA,NA,1023.3,11.9,12.2,NA,NA,NA
2025,2,25,10,59,40,1.5,NA,NA,NA,NA,NA,1022.8,11.6,12.2,NA,NA,NA
2025,2,25,11,59,10,3.6,NA,NA,NA,NA,NA,1022.2,11.2,12.2,NA,NA,NA
2025,2,25,12,59,350,2.6,NA,NA,NA,NA,NA,1022.2,11.5,12.1,NA,NA,NA
2025,2,25,13,59,40,1.5,NA,NA,NA,NA,NA,1022.1,11.4,12.1,NA,NA,NA
2025,2,25,14,59,290,1.5,NA,NA,NA,NA,NA,1022.2,11.3,12.1,NA,NA,NA
2025,2,25,15,59,280,1.5,NA,NA,NA,NA,NA,1022.2,11.6,12.1,NA,NA,NA
2025,2,25,16,59,30,1.5,NA,NA,NA,NA,NA,1022.3,11.5,12.2,NA,NA,NA
2025,2,25,17,59,230,2.1,NA,NA,NA,NA,NA,1022.2,12.1,12.3,NA,NA,NA
2025,2,25,18,59,280,6.2,NA,NA,NA,NA,NA,1022.1,11,12.3,NA,NA,NA
2025,2,25,19,59,290,4.6,NA,NA,NA,NA,NA,1021.6,11,12.3,NA,NA,NA
2025,2,25,21,9,80,5.7,NA,NA,NA,NA,NA,1020.4,12,12.5,NA,NA,NA
2025,2,25,21,59,290,8.2,NA,NA,NA,NA,NA,1019.5,12.4,12.5,NA,NA,NA
2025,2,25,22,59,220,8.2,NA,NA,NA,NA,NA,1018.8,12.8,12.3,NA,NA,NA
2025,2,25,23,59,80,7.7,NA,NA,NA,NA,NA,1017.9,12.6,12.1,NA,NA,NA
2025,2,26,0,59,70,8.2,NA,NA,NA,NA,NA,1017.5,12.9,11.9,NA,NA,NA
2025,2,26,1,59,80,8.2,NA,NA,NA,NA,NA,1017.6,12.5,11.9,NA,NA,NA
2025,2,26,2,59,80,8.2,NA,NA,NA,NA,NA,1017.6,12.4,11.9,NA,NA,NA
2025,2,26,3,59,110,7.2,NA,NA,NA,NA,NA,1017.6,12.2,11.8,NA,NA,NA
2025,2,26,4,59,70,7.7,NA,NA,NA,NA,NA,1018.3,11.9,11.7,NA,NA,NA
2025,2,26,5,59,10,5.7,NA,NA,NA,NA,NA,1018.3,11.8,11.7,NA,NA,NA
2025,2,26,6,59,250,2.6,NA,NA,NA,NA,NA,1018.3,11.7,11.8,NA,NA,NA
2025,2,26,7,59,270,1.5,NA,NA,NA,NA,NA,1018.2,11.6,11.8,NA,NA,NA
2025,2,26,8,59,260,2.6,NA,NA,NA,NA,NA,1017.7,11.5,11.9,NA,NA,NA
2025,2,26,9,59,190,5.1,NA,NA,NA,NA,NA,1017.3,11.7,11.9,NA,NA,NA
2025,2,26,10,59,90,4.6,NA,NA,NA,NA,NA,1017.4,11.5,12,NA,NA,NA
2025,2,26,11,59,40,5.1,NA,NA,NA,NA,NA,1016.7,11.9,11.9,NA,NA,NA
2025,2,26,12,59,240,6.7,NA,NA,NA,NA,NA,1016.2,12.1,11.9,NA,NA,NA
2025,2,26,13,59,30,5.7,NA,NA,NA,NA,NA,1016.6,11.1,11.9,NA,NA,NA
2025,2,26,14,59,220,5.7,NA,NA,NA,NA,NA,1017.7,10.6,11.9,NA,NA,NA
2025,2,26,15,59,220,5.1,NA,NA,NA,NA,NA,1018.6,10.8,11.8,NA,NA,NA
2025,2,26,16,59,330,4.6,NA,NA,NA,NA,NA,1019.1,11.2,11.8,NA,NA,NA
2025,2,26,17,59,330,5.1,NA,NA,NA,NA,NA,1019.2,12,11.8,NA,NA,NA
2025,2,26,18,59,40,2.6,NA,NA,NA,NA,NA,1019.1,12.6,11.9,NA,NA,NA
2025,2,26,19,59,350,3.1,NA,NA,NA,NA,NA,1017.8,13.2,12.1,NA,NA,NA
2025,2,26,20,59,80,4.1,NA,NA,NA,NA,NA,1016.8,13.2,12.4,NA,NA,NA
2025,2,26,21,59,290,4.1,NA,NA,NA,NA,NA,1016.1,14.2,12.6,NA,NA,NA
2025,2,26,22,59,280,7.2,NA,NA,NA,NA,NA,1016,13.4,12.5,NA,NA,NA
2025,2,26,23,59,70,5.1,NA,NA,NA,NA,NA,1015.4,13.6,12.2,NA,NA,NA
2025,2,27,0,59,180,4.1,NA,NA,NA,NA,NA,1015,13.8,12.2,NA,NA,NA
2025,2,27,1,59,110,5.7,NA,NA,NA,NA,NA,1015,13.7,12.1,NA,NA,NA
2025,2,27,2,59,50,7.7,NA,NA,NA,NA,NA,1015.7,13.2,11.8,NA,NA,NA
2025,2,27,3,59,270,7.7,NA,NA,NA,NA,NA,1016,12.5,11.7,NA,NA,NA
2025,2,27,4,59,80,6.2,NA,NA,NA,NA,NA,1016.4,12.2,11.7,NA,NA,NA
2025,2,27,5,59,180,1.5,NA,NA,NA,NA,NA,1016.9,12.1,11.7,NA,NA,NA
2025,2,27,6,59,200,1.5,NA,NA,NA,NA,NA,1016.8,11.6,11.7,NA,NA,NA
2025,2,27,7,59,290,1,NA,NA,NA,NA,NA,1016.9,11.5,11.7,NA,NA,NA
2025,2,27,8,59,340,4.1,NA,NA,NA,NA,NA,1016.9,11.6,11.7,NA,NA,NA
2025,2,27,9,59,240,4.6,NA,NA,NA,NA,NA,1016.7,11.6,11.8,NA,NA,NA
2025,2,27,10,59,50,5.1,NA,NA,NA,NA,NA,1016.2,12.1,11.7,NA,NA,NA
2025,2,27,11,59,260,3.6,NA,NA,NA,NA,NA,1016.1,11.8,11.7,NA,NA,NA
2025,2,27,12,59,140,4.1,NA,NA,NA,NA,NA,1016.5,12.1,11.7,NA,NA,NA
2025,2,27,13,59,200,4.1,NA,NA,NA,NA,NA,1016.8,11.9,11.7,NA,NA,NA
2025,2,27,14,59,150,5.7,NA,NA,NA,NA,NA,1016.9,12.3,11.7,NA,NA,NA
2025,2,27,15,59,140,7.7,NA,NA,NA,NA,NA,1016.6,12.2,11.7,NA,NA,NA
2025,2,27,16,59,150,7.7,NA,NA,NA,NA,NA,1016.6,12.9,11.8,NA,NA,NA
2025,2,27,17,59,170,8.8,NA,NA,NA,NA,NA,1016.4,14.3,11.8,NA,NA,NA
2025,2,27,18,59,150,6.7,NA,NA,NA,NA,NA,1016.8,14.5,11.9,NA,NA,NA
2025,2,27,19,59,270,5.1,NA,NA,NA,NA,NA,1015.9,15,11.9,NA,NA,NA
2025,2,27,20,59,140,6.2,NA,NA,NA,NA,NA,1014.8,16.1,12,NA,NA,NA
2025,2,27,21,59,40,7.7,NA,NA,NA,NA,NA,1014.7,15.1,12.1,NA,NA,NA
2025,2,27,22,59,340,8.2,NA,NA,NA,NA,NA,1014.9,12.9,12.1,NA,NA,NA
2025,2,27,23,59,70,3.6,NA,NA,NA,NA,NA,1014.7,13,12.1,NA,NA,NA
2025,2,28,0,59,90,3.1,NA,NA,NA,NA,NA,1015.1,12.9,12.2,NA,NA,NA
2025,2,28,1,59,60,1,NA,NA,NA,NA,NA,1015.1,12.2,12.1,NA,NA,NA
2025,2,28,2,59,180,1.5,NA,NA,NA,NA,NA,1015.6,11.9,12.1,NA,NA,NA
2025,2,28,3,59,120,2.6,NA,NA,NA,NA,NA,1015.5,11.9,12.1,NA,NA,NA
2025,2,28,4,59,160,2.1,NA,NA,NA,NA,NA,1015.3,12,12,NA,NA,NA
2025,2,28,5,59,330,3.1,NA,NA,NA,NA,NA,1014.9,12,12,NA,NA,NA
2025,2,28,6,59,240,1,NA,NA,NA,NA,NA,1014.6,12,11.9,NA,NA,NA
2025,2,28,7,59,40,2.1,NA,NA,NA,NA,NA,1014.4,12,11.9,NA,NA,NA
2025,2,28,8,59,20,1,NA,NA,NA,NA,NA,1014.1,12,11.9,NA,NA,NA
2025,2,28,9,59,360,3.6,NA,NA,NA,NA,NA,1013.7,11.8,11.9,NA,NA,NA
2025,2,28,10,59,30,3.1,NA,NA,NA,NA,NA,1013.3,11.9,11.9,NA,NA,NA
2025,2,28,11,59,360,4.6,NA,NA,NA,NA,NA,1012.6,12.1,11.9,NA,NA,NA
2025,2,28,12,59,60,3.6,NA,NA,NA,NA,NA,1012.8,11.7,11.9,NA,NA,NA
2025,2,28,13,59,230,4.6,NA,NA,NA,NA,NA,1013.1,12,11.9,NA,NA,NA
2025,2,28,14,59,70,6.7,NA,NA,NA,NA,NA,1013.7,12.1,11.9,NA,NA,NA
2025,2,28,15,59,80,5.7,NA,NA,NA,NA,NA,1014,11.9,11.9,NA,NA,NA
2025,2,28,16,59,240,4.6,NA,NA,NA,NA,NA,1014.6,11.9,11.9,NA,NA,NA
2025,2,28,17,59,340,2.6,NA,NA,NA,NA,NA,1014.7,12.1,12,NA,NA,NA
2025,2,28,18,59,220,1.5,NA,NA,NA,NA,NA,1014.6,12.2,12.1,NA,NA,NA
2025,2,28,19,59,330,2.1,NA,NA,NA,NA,NA,1014,12.3,12.3,NA,NA,NA
2025,2,28,20,59,210,3.6,NA,NA,NA,NA,NA,1013.8,11.9,12.4,NA,NA,NA
2025,2,28,21,59,220,4.1,NA,NA,NA,NA,NA,1013.4,12.1,12.3,NA,NA,NA
2025,2,28,22,59,40,4.1,NA,NA,NA,NA,NA,1013.1,12.1,12.3,NA,NA,NA
2025,3,1,0,59,80,3.6,NA,NA,NA,NA,NA,1012.9,12.2,12.3,NA,NA,NA
2025,3,1,1,59,170,4.1,NA,NA,NA,NA,NA,1013,12,12.3,NA,NA,NA
2025,3,1,2,59,180,5.1,NA,NA,NA,NA,NA,1013.4,12.7,12.2,NA,NA,NA
2025,3,1,3,59,230,4.6,NA,NA,NA,NA,NA,1013.3,12.3,12,NA,NA,NA
2025,3,1,4,59,60,6.2,NA,NA,NA,NA,NA,1013.2,11.5,12,NA,NA,NA
2025,3,1,5,59,70,4.1,NA,NA,NA,NA,NA,1014.1,10.9,12,NA,NA,NA
2025,3,1,6,59,330,5.1,NA,NA,NA,NA,NA,1014.5,10.8,12,NA,NA,NA
2025,3,1,7,59,60,7.2,NA,NA,NA,NA,NA,1014.6,10.4,12,NA,NA,NA
2025,3,1,8,59,350,4.1,NA,NA,NA,NA,NA,1014.4,10,12.1,NA,NA,NA
2025,3,1,9,59,310,3.6,NA,NA,NA,NA,NA,1014.3,9.8,12.1,NA,NA,NA
2025,3,1,10,59,180,1,NA,NA,NA,NA,NA,1014,10.1,12.1,NA,NA,NA
2025,3,1,11,59,300,2.6,NA,NA,NA,NA,NA,1013.4,9.8,12.1,NA,NA,NA
2025,3,1,12,59,20,6.2,NA,NA,NA,NA,NA,1013.8,9.8,12.1,NA,NA,NA
2025,3,1,13,59,110,3.1,NA,NA,NA,NA,NA,1013.6,9.6,12,NA,NA,NA
2025,3,1,14,59,30,2.1,NA,NA,NA,NA,NA,1013.6,9.6,12,NA,NA,NA
2025,3,1,15,59,80,5.1,NA,NA,NA,NA,NA,1014.3,9.8,12,NA,NA,NA
2025,3,1,16,59,270,5.1,NA,NA,NA,NA,NA,1015.3,10.3,12,NA,NA,NA
2025,3,1,17,59,280,2.6,NA,NA,NA,NA,NA,1015.7,10.4,12,NA,NA,NA
2025,3,1,18,59,70,5.7,NA,NA,NA,NA,NA,1016.1,10.9,12.2,NA,NA,NA
2025,3,1,19,59,340,7.7,NA,NA,NA,NA,NA,1016.7,11.3,12.2,NA,NA,NA
2025,3,1,20,59,340,7.2,NA,NA,NA,NA,NA,1016.6,11.5,12.3,NA,NA,NA
2025,3,1,21,59,350,10.3,NA,NA,NA,NA,NA,1016,11.6,12.3,NA,NA,NA
2025,3,1,22,59,30,11.3,NA,NA,NA,NA,NA,1015.7,11.4,12.3,NA,NA,NA
2025,3,1,23,59,180,6.2,NA,NA,NA,NA,NA,1016.2,11.5,12.1,NA,NA,NA
2025,3,2,0,59,150,3.6,NA,NA,NA,NA,NA,1014.9,11.7,12.1,NA,NA,NA
2025,3,2,1,59,340,3.6,NA,NA,NA,NA,NA,1015.2,11.6,12.1,NA,NA,NA
2025,3,2,2,59,290,2.1,NA,NA,NA,NA,NA,1015.5,11.6,12.1,NA,NA,NA
2025,3,2,3,59,100,6.2,NA,NA,NA,NA,NA,1016.2,12,12.1,NA,NA,NA
2025,3,2,4,59,360,4.6,NA,NA,NA,NA,NA,1016.5,11.9,12.1,NA,NA,NA
2025,3,2,5,59,220,7.2,NA,NA,NA,NA,NA,1016.8,11.8,12.1,NA,NA,NA
2025,3,2,6,59,310,6.2,NA,NA,NA,NA,NA,1017.1,11.8,12.1,NA,NA,NA
2025,3,2,7,59,310,5.7,NA,NA,NA,NA,NA,1017,12,12.2,NA,NA,NA
2025,3,2,9,9,10,7.7,NA,NA,NA,NA,NA,1017.3,12,12.2,NA,NA,NA
2025,3,2,9,59,30,6.7,NA,NA,NA,NA,NA,1017.3,12,12.2,NA,NA,NA
2025,3,2,10,59,20,10.3,NA,NA,NA,NA,NA,1017,11.6,12.1,NA,NA,NA
2025,3,2,11,59,70,6.7,NA,NA,NA,NA,NA,1017.8,10,12.1,NA,NA,NA
2025,3,2,12,59,350,5.1,NA,NA,NA,NA,NA,1018.1,10.7,12,NA,NA,NA
2025,3,2,13,59,300,2.1,NA,NA,NA,NA,NA,1018.2,9.9,12,NA,NA,NA
2025,3,2,14,59,90,5.1,NA,NA,NA,NA,NA,1018.3,10.7,12,NA,NA,NA
2025,3,2,15,59,320,6.2,NA,NA,NA,NA,NA,1018.2,11.2,11.9,NA,NA,NA
2025,3,2,16,59,70,7.7,NA,NA,NA,NA,NA,1019.1,10.8,11.9,NA,NA,NA
2025,3,2,17,59,40,9.8,NA,NA,NA,NA,NA,1019.7,11,12,NA,NA,NA
2025,3,2,18,59,50,9.8,NA,NA,NA,NA,NA,1019.9,11.3,12,NA,NA,NA
2025,3,2,20,9,50,9.8,NA,NA,NA,NA,NA,1020.4,10.8,12,NA,NA,NA
2025,3,2,20,59,80,11.3,NA,NA,NA,NA,NA,1019.8,11.3,12,NA,NA,NA
2025,3,2,21,59,180,10.3,NA,NA,NA,NA,NA,1019.7,11.6,12.1,NA,NA,NA
2025,3,2,22,59,60,10.3,NA,NA,NA,NA,NA,1019.7,11.7,12.1,NA,NA,NA
2025,3,2,23,59,50,9.8,NA,NA,NA,NA,NA,1019.7,11.5,12,NA,NA,NA
2025,3,3,0,59,60,9.8,NA,NA,NA,NA,NA,1019.9,11.4,12,NA,NA,NA
2025,3,3,1,59,50,10.3,NA,NA,NA,NA,NA,1019.6,11.2,12,NA,NA,NA
2025,3,3,2,59,70,9.8,NA,NA,NA,NA,NA,1019.6,10.7,12.1,NA,NA,NA
2025,3,3,3,59,90,9.8,NA,NA,NA,NA,NA,1019.8,11.1,12.1,NA,NA,NA
2025,3,3,4,59,80,8.8,NA,NA,NA,NA,NA,1020,11,12,NA,NA,NA
2025,3,3,5,59,60,9.3,NA,NA,NA,NA,NA,1019.9,10.8,12,NA,NA,NA
2025,3,3,6,59,100,9.3,NA,NA,NA,NA,NA,1019.6,10.9,11.9,NA,NA,NA
2025,3,3,7,59,100,9.3,NA,NA,NA,NA,NA,1019.2,10.9,11.9,NA,NA,NA
2025,3,3,8,59,70,10.3,NA,NA,NA,NA,NA,1019.2,11,11.8,NA,NA,NA
2025,3,3,9,59,120,8.2,NA,NA,NA,NA,NA,1019.8,10.3,11.8,NA,NA,NA
2025,3,3,10,59,70,10.3,NA,NA,NA,NA,NA,1019.6,10.8,11.8,NA,NA,NA
2025,3,3,11,59,130,10.8,NA,NA,NA,NA,NA,1019.3,10.7,11.8,NA,NA,NA
2025,3,3,12,59,110,9.8,NA,NA,NA,NA,NA,1019.5,10.5,11.8,NA,NA,NA
2025,3,3,13,59,90,9.3,NA,NA,NA,NA,NA,1020.1,10.5,11.8,NA,NA,NA
2025,3,3,14,59,110,9.3,NA,NA,NA,NA,NA,1020.5,10.5,11.8,NA,NA,NA
2025,3,3,15,59,100,8.8,NA,NA,NA,NA,NA,1021.5,10.5,11.8,NA,NA,NA
2025,3,3,16,59,80,8.2,NA,NA,NA,NA,NA,1022,10.7,11.8,NA,NA,NA
2025,3,3,17,59,40,9.3,NA,NA,NA,NA,NA,1022.3,10.9,11.8,NA,NA,NA
2025,3,3,18,59,130,9.3,NA,NA,NA,NA,NA,1022.7,10.7,11.8,NA,NA,NA
2025,3,3,19,59,80,8.2,NA,NA,NA,NA,NA,1022.9,11,11.8,NA,NA,NA
2025,3,3,20,59,70,8.2,NA,NA,NA,NA,NA,1022.5,10.9,11.8,NA,NA,NA
2025,3,3,21,59,100,9.3,NA,NA,NA,NA,NA,1022.4,11.1,11.8,NA,NA,NA
2025,3,3,22,59,80,8.2,NA,NA,NA,NA,NA,1022.4,11.1,11.9,NA,NA,NA
2025,3,3,23,59,80,9.8,NA,NA,NA,NA,NA,1022.3,11.3,11.9,NA,NA,NA
2025,3,4,0,59,50,9.8,NA,NA,NA,NA,NA,1021.9,11.1,11.9,NA,NA,NA
2025,3,4,1,59,50,9.8,NA,NA,NA,NA,NA,1022,11,11.9,NA,NA,NA
2025,3,4,2,59,60,9.3,NA,NA,NA,NA,NA,1022.3,10.9,11.9,NA,NA,NA
2025,3,4,3,59,80,8.2,NA,NA,NA,NA,NA,1022.5,10.8,11.9,NA,NA,NA
2025,3,4,4,59,100,8.2,NA,NA,NA,NA,NA,1022.7,10.9,11.9,NA,NA,NA
2025,3,4,5,59,90,7.7,NA,NA,NA,NA,NA,1023,10.8,11.8,NA,NA,NA
2025,3,4,6,59,50,6.2,NA,NA,NA,NA,NA,1023.1,10.7,11.8,NA,NA,NA
2025,3,4,7,59,140,6.7,NA,NA,NA,NA,NA,1023.3,10.7,11.8,NA,NA,NA
2025,3,4,8,59,230,5.1,NA,NA,NA,NA,NA,1023.5,10.2,11.8,NA,NA,NA
2025,3,4,9,59,240,4.1,NA,NA,NA,NA,NA,1023.8,10.2,11.8,NA,NA,NA
2025,3,4,10,59,280,1.5,NA,NA,NA,NA,NA,1023.4,10.1,11.8,NA,NA,NA
2025,3,4,11,59,40,1.5,NA,NA,NA,NA,NA,1023.5,10.1,11.8,NA,NA,NA
2025,3,4,12,59,120,3.1,NA,NA,NA,NA,NA,1023.3,9.9,11.8,NA,NA,NA
2025,3,4,13,59,80,1.5,NA,NA,NA,NA,NA,1023.7,9.8,11.8,NA,NA,NA
2025,3,4,14,59,40,1.5,NA,NA,NA,NA,NA,1024.2,9.8,11.8,NA,NA,NA
2025,3,4,15,59,30,3.1,NA,NA,NA,NA,NA,1024.5,10,11.8,NA,NA,NA
2025,3,4,16,59,360,3.6,NA,NA,NA,NA,NA,1024.5,10,11.8,NA,NA,NA
2025,3,4,17,59,140,2.6,NA,NA,NA,NA,NA,1025.2,10.4,11.9,NA,NA,NA
2025,3,4,18,59,140,4.1,NA,NA,NA,NA,NA,1024.6,10.7,11.9,NA,NA,NA
2025,3,4,19,59,70,2.6,NA,NA,NA,NA,NA,1024.1,11.1,12,NA,NA,NA
2025,3,4,20,59,200,1.5,NA,NA,NA,NA,NA,1023,11.7,12.1,NA,NA,NA
2025,3,4,21,59,300,2.6,NA,NA,NA,NA,NA,1021.8,12.3,12.4,NA,NA,NA
2025,3,4,22,59,270,5.1,NA,NA,NA,NA,NA,1021,12.3,12.2,NA,NA,NA
2025,3,4,23,59,40,6.2,NA,NA,NA,NA,NA,1020.3,11.9,12.2,NA,NA,NA
2025,3,5,0,59,290,7.2,NA,NA,NA,NA,NA,1019.7,11.8,12.2,NA,NA,NA
2025,3,5,1,59,360,7.7,NA,NA,NA,NA,NA,1019.4,11.4,12.1,NA,NA,NA
2025,3,5,2,59,160,6.7,NA,NA,NA,NA,NA,1019.2,11.3,12,NA,NA,NA
2025,3,5,3,59,90,5.1,NA,NA,NA,NA,NA,1019,11.3,12,NA,NA,NA
2025,3,5,4,59,220,1.5,NA,NA,NA,NA,NA,1019.1,11.4,11.9,NA,NA,NA
2025,3,5,5,59,340,2.1,NA,NA,NA,NA,NA,1019.2,11.4,11.8,NA,NA,NA
2025,3,5,6,59,10,3.6,NA,NA,NA,NA,NA,1018.9,11.2,11.8,NA,NA,NA
2025,3,5,7,59,250,1.5,NA,NA,NA,NA,NA,1018.3,11.1,11.7,NA,NA,NA
2025,3,5,8,59,300,1.5,NA,NA,NA,NA,NA,1017.9,11.2,11.7,NA,NA,NA
2025,3,5,9,59,150,1.5,NA,NA,NA,NA,NA,1017.2,11.2,11.7,NA,NA,NA
2025,3,5,10,59,170,2.6,NA,NA,NA,NA,NA,1016.6,11.2,11.7,NA,NA,NA
2025,3,5,11,59,350,1,NA,NA,NA,NA,NA,1016.3,11.1,11.7,NA,NA,NA
2025,3,5,12,59,280,4.1,NA,NA,NA,NA,NA,1016.7,10.8,11.6,NA,NA,NA
2025,3,5,13,59,250,1.5,NA,NA,NA,NA,NA,1016.7,10.8,11.6,NA,NA,NA
2025,3,5,14,59,240,4.1,NA,NA,NA,NA,NA,1016.2,10.5,11.6,NA,NA,NA
2025,3,5,15,59,210,4.1,NA,NA,NA,NA,NA,1016.1,10.5,11.6,NA,NA,NA
2025,3,5,16,59,230,1.5,NA,NA,NA,NA,NA,1016.9,10.3,11.6,NA,NA,NA
2025,3,5,17,59,200,0.5,NA,NA,NA,NA,NA,1016.4,10.1,11.6,NA,NA,NA
2025,3,5,18,59,110,1.5,NA,NA,NA,NA,NA,1016,10.3,11.7,NA,NA,NA
2025,3,5,19,59,160,1,NA,NA,NA,NA,NA,1015.7,10.4,11.7,NA,NA,NA
2025,3,5,20,59,60,9.8,NA,NA,NA,NA,NA,1014.7,10.8,11.7,NA,NA,NA
2025,3,5,21,59,60,9.3,NA,NA,NA,NA,NA,1013.7,10.8,11.6,NA,NA,NA
2025,3,5,22,59,80,9.8,NA,NA,NA,NA,NA,1013.2,10.8,11.6,NA,NA,NA
2025,3,5,23,59,70,8.2,NA,NA,NA,NA,NA,1013.1,10.9,11.6,NA,NA,NA
2025,3,6,0,59,70,7.2,NA,NA,NA,NA,NA,1012.9,11.1,11.7,NA,NA,NA
2025,3,6,1,59,110,6.2,NA,NA,NA,NA,NA,1012.9,10.9,11.6,NA,NA,NA
2025,3,6,2,59,80,6.2,NA,NA,NA,NA,NA,1012.7,11,11.6,NA,NA,NA
2025,3,6,3,59,290,5.1,NA,NA,NA,NA,NA,1012.2,10.9,11.5,NA,NA,NA
2025,3,6,4,59,80,6.7,NA,NA,NA,NA,NA,1012.1,9.8,11.4,NA,NA,NA
2025,3,6,5,59,70,7.7,NA,NA,NA,NA,NA,1011.7,10.7,11.3,NA,NA,NA
2025,3,6,6,59,110,6.2,NA,NA,NA,NA,NA,1011.7,10.3,11.2,NA,NA,NA
2025,3,6,7,59,80,8.2,NA,NA,NA,NA,NA,1011.9,10.1,11.2,NA,NA,NA
2025,3,6,8,59,10,7.7,NA,NA,NA,NA,NA,1011.3,9.3,11.1,NA,NA,NA
2025,3,6,9,59,90,8.8,NA,NA,NA,NA,NA,1011.2,9.8,11,NA,NA,NA
2025,3,6,10,59,90,8.2,NA,NA,NA,NA,NA,1011,8.5,11,NA,NA,NA
2025,3,6,11,59,190,3.6,NA,NA,NA,NA,NA,1011.1,8.8,11,NA,NA,NA
2025,3,6,12,59,120,8.2,NA,NA,NA,NA,NA,1009.9,9.8,11,NA,NA,NA
2025,3,6,13,59,130,7.2,NA,NA,NA,NA,NA,1010.9,9.3,10.9,NA,NA,NA
2025,3,6,14,59,100,7.7,NA,NA,NA,NA,NA,1010.3,8.9,10.9,NA,NA,NA
2025,3,6,15,59,160,7.2,NA,NA,NA,NA,NA,1011.6,8.2,10.9,NA,NA,NA
2025,3,6,16,59,60,3.1,NA,NA,NA,NA,NA,1012.2,9.4,10.9,NA,NA,NA
2025,3,6,17,59,20,3.6,NA,NA,NA,NA,NA,1011.7,8.8,10.9,NA,NA,NA
2025,3,6,18,59,70,4.6,NA,NA,NA,NA,NA,1011.6,9.7,11,NA,NA,NA
2025,3,6,19,59,200,3.1,NA,NA,NA,NA,NA,1012.9,9.7,11,NA,NA,NA
2025,3,6,20,59,260,6.7,NA,NA,NA,NA,NA,1012.9,10.3,11,NA,NA,NA
2025,3,6,21,59,40,7.2,NA,NA,NA,NA,NA,1011.9,10.5,11.1,NA,NA,NA
2025,3,6,22,59,80,7.7,NA,NA,NA,NA,NA,1011.9,10.6,11.1,NA,NA,NA
2025,3,6,23,59,170,7.7,NA,NA,NA,NA,NA,1012.3,10.5,11,NA,NA,NA
2025,3,7,0,59,110,7.2,NA,NA,NA,NA,NA,1012.5,10.6,11,NA,NA,NA
2025,3,7,1,59,120,7.7,NA,NA,NA,NA,NA,1013,10.5,11,NA,NA,NA
2025,3,7,2,59,110,8.2,NA,NA,NA,NA,NA,1013.5,10.7,11,NA,NA,NA
2025,3,7,3,59,90,9.8,NA,NA,NA,NA,NA,1014.4,10.7,10.8,NA,NA,NA
2025,3,7,4,59,110,7.7,NA,NA,NA,NA,NA,1014.9,10.6,10.8,NA,NA,NA
2025,3,7,5,59,120,6.7,NA,NA,NA,NA,NA,1015.4,10.4,10.8,NA,NA,NA
2025,3,7,6,59,190,4.6,NA,NA,NA,NA,NA,1015.6,10.2,10.8,NA,NA,NA
2025,3,7,7,59,170,3.6,NA,NA,NA,NA,NA,1016,10.3,10.8,NA,NA,NA
2025,3,7,8,59,130,4.1,NA,NA,NA,NA,NA,1016.3,10.2,10.8,NA,NA,NA
2025,3,7,9,59,130,3.6,NA,NA,NA,NA,NA,1016.4,10.2,10.8,NA,NA,NA
2025,3,7,10,59,50,4.6,NA,NA,NA,NA,NA,1016.2,10,10.8,NA,NA,NA
2025,3,7,11,59,120,3.6,NA,NA,NA,NA,NA,1016.3,9.2,10.8,NA,NA,NA
2025,3,7,12,59,20,3.6,NA,NA,NA,NA,NA,1016.8,9,10.7,NA,NA,NA
2025,3,7,13,59,70,3.6,NA,NA,NA,NA,NA,1017.6,9.3,10.7,NA,NA,NA
2025,3,7,14,59,180,4.1,NA,NA,NA,NA,NA,1018.1,9.4,10.7,NA,NA,NA
2025,3,7,15,59,220,3.1,NA,NA,NA,NA,NA,1019,9.4,10.7,NA,NA,NA
2025,3,7,16,59,330,1.5,NA,NA,NA,NA,NA,1019.9,9.2,10.8,NA,NA,NA
2025,3,7,17,59,190,1.5,NA,NA,NA,NA,NA,1020.1,9.2,11,NA,NA,NA
2025,3,7,18,59,190,2.1,NA,NA,NA,NA,NA,1020.7,10.3,11.1,NA,NA,NA
2025,3,7,19,59,110,2.1,NA,NA,NA,NA,NA,1020.6,10.1,11.1,NA,NA,NA
2025,3,7,20,59,290,6.2,NA,NA,NA,NA,NA,1019.7,11,11.5,NA,NA,NA
2025,3,7,21,59,70,7.2,NA,NA,NA,NA,NA,1018.8,11.2,11.3,NA,NA,NA
2025,3,7,22,59,120,8.2,NA,NA,NA,NA,NA,1018.8,11.4,11.2,NA,NA,NA
2025,3,7,23,59,90,9.3,NA,NA,NA,NA,NA,1019.1,10.9,11.2,NA,NA,NA
2025,3,8,0,59,70,9.3,NA,NA,NA,NA,NA,1019.1,11.2,11.3,NA,NA,NA
2025,3,8,1,59,250,8.8,NA,NA,NA,NA,NA,1019.5,11.3,11.3,NA,NA,NA
2025,3,8,2,59,80,9.3,NA,NA,NA,NA,NA,1020.4,11.1,11.2,NA,NA,NA
2025,3,8,3,59,110,8.8,NA,NA,NA,NA,NA,1021.1,10.7,11.1,NA,NA,NA
2025,3,8,4,59,110,5.7,NA,NA,NA,NA,NA,1022,10.9,11,NA,NA,NA
2025,3,8,5,59,90,4.6,NA,NA,NA,NA,NA,1022.7,11,11,NA,NA,NA
2025,3,8,6,59,150,6.2,NA,NA,NA,NA,NA,1023,10.4,10.9,NA,NA,NA
2025,3,8,7,59,220,6.2,NA,NA,NA,NA,NA,1023.1,10.1,10.9,NA,NA,NA
2025,3,8,8,59,190,3.6,NA,NA,NA,NA,NA,1023.6,10,10.9,NA,NA,NA
2025,3,8,9,59,110,1,NA,NA,NA,NA,NA,1023.4,9.9,10.8,NA,NA,NA
2025,3,8,10,59,210,4.6,NA,NA,NA,NA,NA,1023.3,9.7,10.8,NA,NA,NA
2025,3,8,11,59,270,3.6,NA,NA,NA,NA,NA,1023.5,9.8,10.8,NA,NA,NA
2025,3,8,12,59,280,4.1,NA,NA,NA,NA,NA,1023.8,9.4,10.9,NA,NA,NA
2025,3,8,13,59,280,5.7,NA,NA,NA,NA,NA,1024.1,8,10.9,NA,NA,NA
2025,3,8,14,59,60,7.2,NA,NA,NA,NA,NA,1024.2,8.1,10.8,NA,NA,NA
2025,3,8,15,59,160,7.2,NA,NA,NA,NA,NA,1024.8,8,10.8,NA,NA,NA
2025,3,8,16,59,280,6.2,NA,NA,NA,NA,NA,1025.6,8.6,10.8,NA,NA,NA
2025,3,8,17,59,200,6.2,NA,NA,NA,NA,NA,1025.8,9.8,10.9,NA,NA,NA
2025,3,8,18,59,30,3.1,NA,NA,NA,NA,NA,1026.1,11,11,NA,NA,NA
2025,3,8,19,59,270,2.1,NA,NA,NA,NA,NA,1026.1,11.8,11.1,NA,NA,NA
2025,3,8,20,59,340,2.1,NA,NA,NA,NA,NA,1025.5,12,11.3,NA,NA,NA
2025,3,8,21,59,70,2.1,NA,NA,NA,NA,NA,1024.9,12.2,11.7,NA,NA,NA
2025,3,8,22,59,80,3.1,NA,NA,NA,NA,NA,1024.7,12.7,12,NA,NA,NA
2025,3,8,23,59,290,4.1,NA,NA,NA,NA,NA,1024.5,11.5,11.5,NA,NA,NA
2025,3,9,0,59,100,3.1,NA,NA,NA,NA,NA,1024,11.1,11.5,NA,NA,NA
2025,3,9,1,59,330,3.6,NA,NA,NA,NA,NA,1023.8,10.9,11.5,NA,NA,NA
2025,3,9,2,59,130,3.1,NA,NA,NA,NA,NA,1023.9,10.6,11.3,NA,NA,NA
2025,3,9,3,59,250,1.5,NA,NA,NA,NA,NA,1024.2,10.6,11.4,NA,NA,NA
2025,3,9,4,59,40,1,NA,NA,NA,NA,NA,1024.5,10.4,11.2,NA,NA,NA
2025,3,9,5,59,220,1.5,NA,NA,NA,NA,NA,1024.4,10.2,11.2,NA,NA,NA
2025,3,9,6,59,150,1.5,NA,NA,NA,NA,NA,1024.1,10.2,11.3,NA,NA,NA
2025,3,9,7,59,360,1.5,NA,NA,NA,NA,NA,1023.6,10.2,11.3,NA,NA,NA
2025,3,9,8,59,270,2.1,NA,NA,NA,NA,NA,1023.3,10.2,11.2,NA,NA,NA
2025,3,9,9,59,30,3.1,NA,NA,NA,NA,NA,1022.8,9.3,11.2,NA,NA,NA
2025,3,9,10,59,110,1,NA,NA,NA,NA,NA,1022,9.5,10.9,NA,NA,NA
2025,3,9,11,59,180,1.5,NA,NA,NA,NA,NA,1021.8,9.4,10.9,NA,NA,NA
2025,3,9,12,59,270,1.5,NA,NA,NA,NA,NA,1021.7,10.2,11,NA,NA,NA
2025,3,9,13,59,30,1,NA,NA,NA,NA,NA,1021.8,9.9,11,NA,NA,NA
2025,3,9,14,59,350,1,NA,NA,NA,NA,NA,1021.7,10,11,NA,NA,NA
2025,3,9,15,59,360,4.6,NA,NA,NA,NA,NA,1022,9.3,11,NA,NA,NA
2025,3,9,16,59,230,4.1,NA,NA,NA,NA,NA,1022.6,8.4,11,NA,NA,NA
2025,3,9,17,59,310,2.6,NA,NA,NA,NA,NA,1023,8.9,11,NA,NA,NA
2025,3,9,19,9,190,1.5,NA,NA,NA,NA,NA,1022.9,10.9,11.2,NA,NA,NA
2025,3,9,19,59,270,5.1,NA,NA,NA,NA,NA,1022.5,11.3,11.3,NA,NA,NA
2025,3,9,20,59,140,5.7,NA,NA,NA,NA,NA,1021.8,11.4,11.4,NA,NA,NA
2025,3,9,21,59,70,5.1,NA,NA,NA,NA,NA,1021.2,11.6,11.5,NA,NA,NA
2025,3,9,22,59,170,4.6,NA,NA,NA,NA,NA,1020.6,11.8,11.6,NA,NA,NA
2025,3,9,23,59,120,3.1,NA,NA,NA,NA,NA,1019.9,11.9,11.7,NA,NA,NA
2025,3,10,0,59,110,1.5,NA,NA,NA,NA,NA,1019.3,12.1,11.7,NA,NA,NA
2025,3,10,1,59,130,1.5,NA,NA,NA,NA,NA,1018.7,11.6,11.7,NA,NA,NA
2025,3,10,2,59,330,2.1,NA,NA,NA,NA,NA,1018.2,10.8,11.7,NA,NA,NA
2025,3,10,3,59,220,1.5,NA,NA,NA,NA,NA,1018.1,10.6,11.9,NA,NA,NA
2025,3,10,4,59,60,1.5,NA,NA,NA,NA,NA,1017.7,10.4,11.7,NA,NA,NA
2025,3,10,5,59,290,1.5,NA,NA,NA,NA,NA,1017.5,10.2,11.7,NA,NA,NA
2025,3,10,6,59,350,1.5,NA,NA,NA,NA,NA,1017.2,10.1,11.6,NA,NA,NA
2025,3,10,7,59,360,1.5,NA,NA,NA,NA,NA,1016.6,10.1,11.6,NA,NA,NA
2025,3,10,8,59,250,4.6,NA,NA,NA,NA,NA,1016.1,9.9,11.4,NA,NA,NA
2025,3,10,9,59,40,4.1,NA,NA,NA,NA,NA,1015,9.2,11.3,NA,NA,NA
2025,3,10,10,59,240,1.5,NA,NA,NA,NA,NA,1014.5,9.4,11.2,NA,NA,NA
2025,3,10,11,59,30,3.6,NA,NA,NA,NA,NA,1014.1,9.6,11.2,NA,NA,NA
2025,3,10,12,59,250,5.1,NA,NA,NA,NA,NA,1013.9,9.2,11.2,NA,NA,NA
2025,3,10,13,59,40,5.1,NA,NA,NA,NA,NA,1013.9,8.5,11.3,NA,NA,NA
2025,3,10,14,59,200,5.1,NA,NA,NA,NA,NA,1014.1,8.2,11.1,NA,NA,NA
2025,3,10,15,59,150,2.6,NA,NA,NA,NA,NA,1014.2,7.9,11.1,NA,NA,NA
2025,3,10,16,59,260,4.6,NA,NA,NA,NA,NA,1014,8.5,11.2,NA,NA,NA
2025,3,10,17,59,150,4.6,NA,NA,NA,NA,NA,1013.9,8.9,11.3,NA,NA,NA
2025,3,10,18,59,240,2.6,NA,NA,NA,NA,NA,1013.4,9.4,11.5,NA,NA,NA
2025,3,10,19,59,200,1.5,NA,NA,NA,NA,NA,1012.9,11,11.8,NA,NA,NA
2025,3,10,20,59,240,2.1,NA,NA,NA,NA,NA,1011.9,11.4,11.9,NA,NA,NA
2025,3,10,21,59,230,4.1,NA,NA,NA,NA,NA,1011.2,11.3,12.2,NA,NA,NA
2025,3,10,22,59,10,5.1,NA,NA,NA,NA,NA,1011,11.6,12.2,NA,NA,NA
2025,3,10,23,59,210,5.7,NA,NA,NA,NA,NA,1010.9,12.3,12,NA,NA,NA
2025,3,11,0,59,100,4.6,NA,NA,NA,NA,NA,1010.7,12.2,11.5,NA,NA,NA
2025,3,11,1,59,80,4.1,NA,NA,NA,NA,NA,1010.5,11.6,11.3,NA,NA,NA
2025,3,11,2,59,240,2.1,NA,NA,NA,NA,NA,1010.5,11.3,11.1,NA,NA,NA
2025,3,11,3,59,70,2.1,NA,NA,NA,NA,NA,1010.3,11.3,11,NA,NA,NA
2025,3,11,4,59,220,2.1,NA,NA,NA,NA,NA,1010.1,11.2,11,NA,NA,NA
2025,3,11,5,59,200,4.6,NA,NA,NA,NA,NA,1010,11.6,11.2,NA,NA,NA
2025,3,11,6,59,40,4.1,NA,NA,NA,NA,NA,1009.6,11.1,11.7,NA,NA,NA
2025,3,11,7,59,170,2.6,NA,NA,NA,NA,NA,1010,11.2,11.6,NA,NA,NA
2025,3,11,8,59,270,4.6,NA,NA,NA,NA,NA,1009.7,11.2,11.6,NA,NA,NA
2025,3,11,9,59,50,2.6,NA,NA,NA,NA,NA,1009.6,11.2,11.2,NA,NA,NA
2025,3,11,10,59,110,3.6,NA,NA,NA,NA,NA,1009,11.4,11.4,NA,NA,NA
2025,3,11,11,59,10,1.5,NA,NA,NA,NA,NA,1008.7,10.9,11.4,NA,NA,NA
2025,3,11,12,59,240,2.1,NA,NA,NA,NA,NA,1008.7,10.7,11.4,NA,NA,NA
2025,3,11,13,59,250,2.1,NA,NA,NA,NA,NA,1008.5,10.7,11.3,NA,NA,NA
2025,3,11,14,59,260,2.1,NA,NA,NA,NA,NA,1008.9,11.1,11.3,NA,NA,NA
2025,3,11,15,59,150,3.1,NA,NA,NA,NA,NA,1009.4,10.3,11.3,NA,NA,NA
2025,3,11,16,59,160,4.6,NA,NA,NA,NA,NA,1009.9,9.9,11.3,NA,NA,NA
2025,3,11,17,59,190,4.6,NA,NA,NA,NA,NA,1010.2,10.4,11.4,NA,NA,NA
2025,3,11,18,59,200,2.1,NA,NA,NA,NA,NA,1010.8,11,11.8,NA,NA,NA
2025,3,11,19,59,220,3.1,NA,NA,NA,NA,NA,1011.1,11.1,12.1,NA,NA,NA
2025,3,11,20,59,220,2.1,NA,NA,NA,NA,NA,1010.3,11.8,12.2,NA,NA,NA
2025,3,11,21,59,230,2.1,NA,NA,NA,NA,NA,1009.8,12.4,12.4,NA,NA,NA
2025,3,11,22,59,240,5.7,NA,NA,NA,NA,NA,1009.7,12.8,12.5,NA,NA,NA
2025,3,11,23,59,360,6.2,NA,NA,NA,NA,NA,1009.8,12.5,12.2,NA,NA,NA
2025,3,12,0,59,340,4.6,NA,NA,NA,NA,NA,1009.8,12.4,12.7,NA,NA,NA
2025,3,12,1,59,20,4.6,NA,NA,NA,NA,NA,1010.1,11.9,12.2,NA,NA,NA
2025,3,12,2,59,160,1,NA,NA,NA,NA,NA,1010.5,11.8,12.4,NA,NA,NA
2025,3,12,3,59,130,1.5,NA,NA,NA,NA,NA,1010.9,11.6,12.2,NA,NA,NA
2025,3,12,4,59,290,1.5,NA,NA,NA,NA,NA,1011.1,11.6,12.1,NA,NA,NA
2025,3,12,5,59,220,1.5,NA,NA,NA,NA,NA,1011.2,11.6,12,NA,NA,NA
2025,3,12,6,59,200,2.1,NA,NA,NA,NA,NA,1011.2,11.8,11.9,NA,NA,NA
2025,3,12,7,59,170,3.6,NA,NA,NA,NA,NA,1010.5,11.6,11.9,NA,NA,NA
2025,3,12,8,59,130,5.7,NA,NA,NA,NA,NA,1010.4,11.4,12,NA,NA,NA
2025,3,12,9,59,360,4.6,NA,NA,NA,NA,NA,1009.9,11.5,12.1,NA,NA,NA
2025,3,12,10,59,330,3.1,NA,NA,NA,NA,NA,1009.6,11.7,12.1,NA,NA,NA
2025,3,12,11,59,100,3.1,NA,NA,NA,NA,NA,1009,11.7,12.1,NA,NA,NA
2025,3,12,12,59,210,6.7,NA,NA,NA,NA,NA,1008.6,11.4,12,NA,NA,NA
2025,3,12,13,59,290,8.2,NA,NA,NA,NA,NA,1008,12.6,12,NA,NA,NA
2025,3,12,14,59,20,2.6,NA,NA,NA,NA,NA,1008.3,11.4,12,NA,NA,NA
2025,3,12,15,59,310,9.3,NA,NA,NA,NA,NA,1007.8,12.2,12,NA,NA,NA
2025,3,12,16,59,280,10.8,NA,NA,NA,NA,NA,1007.9,12.2,11.9,NA,NA,NA
2025,3,12,17,59,320,10.3,NA,NA,NA,NA,NA,1008.5,12.2,11.8,NA,NA,NA
2025,3,12,18,59,260,10.8,NA,NA,NA,NA,NA,1008.1,12.3,11.8,NA,NA,NA
2025,3,12,19,59,350,13.4,NA,NA,NA,NA,NA,1007.2,12.6,11.7,NA,NA,NA
2025,3,12,20,59,290,13.9,NA,NA,NA,NA,NA,1006.4,12.5,11.7,NA,NA,NA
2025,3,12,21,59,290,12.9,NA,NA,NA,NA,NA,1005.7,11.4,11.7,NA,NA,NA
2025,3,12,22,59,110,7.7,NA,NA,NA,NA,NA,1008,10.4,11.6,NA,NA,NA
2025,3,12,23,59,220,8.2,NA,NA,NA,NA,NA,1008.1,10.4,11.6,NA,NA,NA
2025,3,13,0,59,270,8.8,NA,NA,NA,NA,NA,1006.8,10.8,11.6,NA,NA,NA
2025,3,13,1,59,110,8.2,NA,NA,NA,NA,NA,1007.8,10.3,11.7,NA,NA,NA
2025,3,13,2,59,20,8.2,NA,NA,NA,NA,NA,1007.3,10.3,11.6,NA,NA,NA
2025,3,13,3,59,350,7.2,NA,NA,NA,NA,NA,1008,11.3,11.7,NA,NA,NA
2025,3,13,4,59,330,6.7,NA,NA,NA,NA,NA,1008.2,10.9,11.7,NA,NA,NA
2025,3,13,5,59,350,5.1,NA,NA,NA,NA,NA,1008.2,10.7,11.7,NA,NA,NA
2025,3,13,6,59,60,7.7,NA,NA,NA,NA,NA,1008.3,10.2,11.7,NA,NA,NA
2025,3,13,7,59,120,5.1,NA,NA,NA,NA,NA,1008.2,10.2,11.7,NA,NA,NA
2025,3,13,8,59,270,3.1,NA,NA,NA,NA,NA,1009,9.4,11.8,NA,NA,NA
2025,3,13,9,59,120,1.5,NA,NA,NA,NA,NA,1008.8,8.4,11.7,NA,NA,NA
2025,3,13,10,59,130,7.7,NA,NA,NA,NA,NA,1008,10.6,11.7,NA,NA,NA
2025,3,13,11,59,350,9.3,NA,NA,NA,NA,NA,1007.6,10.6,11.7,NA,NA,NA
2025,3,13,12,59,240,6.7,NA,NA,NA,NA,NA,1009.4,7.4,11.6,NA,NA,NA
2025,3,13,13,59,40,7.2,NA,NA,NA,NA,NA,1009.5,9.6,11.6,NA,NA,NA
2025,3,13,14,59,110,6.7,NA,NA,NA,NA,NA,1009.8,9.4,11.6,NA,NA,NA
2025,3,13,15,59,250,4.6,NA,NA,NA,NA,NA,1010.7,9,11.5,NA,NA,NA
2025,3,13,16,59,50,1.5,NA,NA,NA,NA,NA,1011.5,9.1,11.5,NA,NA,NA
2025,3,13,17,59,170,6.2,NA,NA,NA,NA,NA,1011.6,9.1,11.4,NA,NA,NA
2025,3,13,18,59,170,6.7,NA,NA,NA,NA,NA,1012.3,9.6,11.4,NA,NA,NA
2025,3,13,19,59,360,7.7,NA,NA,NA,NA,NA,1012.7,8.9,11.3,NA,NA,NA
2025,3,13,20,59,190,6.7,NA,NA,NA,NA,NA,1012.9,9.6,11.4,NA,NA,NA
2025,3,13,21,59,70,6.7,NA,NA,NA,NA,NA,1012.7,10,11.4,NA,NA,NA
2025,3,13,22,59,260,6.7,NA,NA,NA,NA,NA,1012.8,10.5,11.6,NA,NA,NA
2025,3,13,23,59,10,8.2,NA,NA,NA,NA,NA,1012.8,10.6,11.6,NA,NA,NA
2025,3,14,0,59,260,6.7,NA,NA,NA,NA,NA,1012.9,10.5,11.7,NA,NA,NA
2025,3,14,1,59,90,6.2,NA,NA,NA,NA,NA,1013.4,10.4,11.7,NA,NA,NA
2025,3,14,2,59,320,5.1,NA,NA,NA,NA,NA,1013.7,10.1,11.6,NA,NA,NA
2025,3,14,3,59,140,4.6,NA,NA,NA,NA,NA,1014.1,10.4,11.6,NA,NA,NA
2025,3,14,4,59,350,3.6,NA,NA,NA,NA,NA,1014.4,10.6,11.5,NA,NA,NA
2025,3,14,5,59,280,2.6,NA,NA,NA,NA,NA,1014.3,10.5,11.6,NA,NA,NA
2025,3,14,6,59,320,5.7,NA,NA,NA,NA,NA,1014.2,10.8,11.6,NA,NA,NA
2025,3,14,7,59,240,6.2,NA,NA,NA,NA,NA,1014,10.7,11.5,NA,NA,NA
2025,3,14,8,59,90,7.7,NA,NA,NA,NA,NA,1013.3,10.4,11.5,NA,NA,NA
2025,3,14,9,59,330,6.7,NA,NA,NA,NA,NA,1012.4,10,11.6,NA,NA,NA
2025,3,14,10,59,290,8.8,NA,NA,NA,NA,NA,1011.6,9.6,11.6,NA,NA,NA
2025,3,14,11,59,100,8.2,NA,NA,NA,NA,NA,1011.1,8.6,11.7,NA,NA,NA
2025,3,14,12,59,130,7.7,NA,NA,NA,NA,NA,1009.8,7.8,11.7,NA,NA,NA
2025,3,14,13,59,300,8.2,NA,NA,NA,NA,NA,1009.7,7.3,11.7,NA,NA,NA
2025,3,14,14,59,200,8.2,NA,NA,NA,NA,NA,1009.3,7.9,11.7,NA,NA,NA
2025,3,14,15,59,280,7.7,NA,NA,NA,NA,NA,1009.9,8.4,11.7,NA,NA,NA
2025,3,14,16,59,250,5.1,NA,NA,NA,NA,NA,1010.2,8.6,11.7,NA,NA,NA
2025,3,14,17,59,270,4.6,NA,NA,NA,NA,NA,1010.2,9.3,11.7,NA,NA,NA
2025,3,14,18,59,290,9.8,NA,NA,NA,NA,NA,1009.9,11.1,11.7,NA,NA,NA
2025,3,14,19,59,90,5.7,NA,NA,NA,NA,NA,1011.4,12,11.8,NA,NA,NA
2025,3,14,20,59,90,6.2,NA,NA,NA,NA,NA,1012.2,11,11.8,NA,NA,NA
2025,3,14,21,59,110,5.7,NA,NA,NA,NA,NA,1011.4,11.6,11.8,NA,NA,NA
2025,3,14,22,59,200,9.3,NA,NA,NA,NA,NA,1011.2,10.7,11.8,NA,NA,NA
2025,3,14,23,59,40,5.7,NA,NA,NA,NA,NA,1012.2,11.3,11.8,NA,NA,NA
2025,3,15,0,59,190,7.7,NA,NA,NA,NA,NA,1012.8,11.8,11.8,NA,NA,NA
2025,3,15,1,59,350,6.7,NA,NA,NA,NA,NA,1013.5,11.7,11.8,NA,NA,NA
2025,3,15,2,59,120,5.1,NA,NA,NA,NA,NA,1014.5,10.9,11.8,NA,NA,NA
2025,3,15,3,59,40,4.6,NA,NA,NA,NA,NA,1015,11.4,11.8,NA,NA,NA
2025,3,15,4,59,360,5.7,NA,NA,NA,NA,NA,1015.7,11.6,11.7,NA,NA,NA
2025,3,15,5,59,30,6.7,NA,NA,NA,NA,NA,1016.5,11.6,11.7,NA,NA,NA
2025,3,15,6,59,20,6.2,NA,NA,NA,NA,NA,1016.9,11.5,11.7,NA,NA,NA
2025,3,15,7,59,60,5.1,NA,NA,NA,NA,NA,1017.6,11.4,11.7,NA,NA,NA
2025,3,15,8,59,80,4.1,NA,NA,NA,NA,NA,1017.9,11.5,11.6,NA,NA,NA
2025,3,15,9,59,10,1.5,NA,NA,NA,NA,NA,1018.2,11.4,11.6,NA,NA,NA
2025,3,15,10,59,330,1,NA,NA,NA,NA,NA,1018.2,11.2,11.6,NA,NA,NA
2025,3,15,11,59,290,2.6,NA,NA,NA,NA,NA,1018.7,11.2,11.6,NA,NA,NA
2025,3,15,12,59,260,2.1,NA,NA,NA,NA,NA,1018.5,10.7,11.6,NA,NA,NA
2025,3,15,13,59,230,1.5,NA,NA,NA,NA,NA,1019.3,10.6,11.5,NA,NA,NA
2025,3,15,14,59,250,1.5,NA,NA,NA,NA,NA,1019.9,10.9,11.5,NA,NA,NA
2025,3,15,15,59,230,1,NA,NA,NA,NA,NA,1020.4,11.2,11.6,NA,NA,NA
2025,3,15,16,59,250,2.6,NA,NA,NA,NA,NA,1021,10.9,11.7,NA,NA,NA
2025,3,15,17,59,270,1.5,NA,NA,NA,NA,NA,1021.8,11.4,11.8,NA,NA,NA
2025,3,15,18,59,290,1.5,NA,NA,NA,NA,NA,1022.1,11.8,11.3,NA,NA,NA
2025,3,15,19,59,280,1.5,NA,NA,NA,NA,NA,1022.1,12,11.3,NA,NA,NA
2025,3,15,20,59,250,1,NA,NA,NA,NA,NA,1021.6,12.3,11.5,NA,NA,NA
2025,3,15,21,59,280,2.6,NA,NA,NA,NA,NA,1021.3,12.4,12.1,NA,NA,NA
2025,3,15,22,59,240,1,NA,NA,NA,NA,NA,1021.2,12.5,12.6,NA,NA,NA
2025,3,15,23,59,330,4.1,NA,NA,NA,NA,NA,1020.9,12.4,12.5,NA,NA,NA
2025,3,16,0,59,40,3.6,NA,NA,NA,NA,NA,1020.9,12.2,11.8,NA,NA,NA
2025,3,16,1,59,70,2.6,NA,NA,NA,NA,NA,1020.9,11.8,12.1,NA,NA,NA
2025,3,16,2,59,80,1,NA,NA,NA,NA,NA,1021,11.4,12,NA,NA,NA
2025,3,16,3,59,60,1,NA,NA,NA,NA,NA,1021.7,11.5,12,NA,NA,NA
2025,3,16,4,59,60,1,NA,NA,NA,NA,NA,1021.9,11.4,11.8,NA,NA,NA
2025,3,16,5,59,60,1,NA,NA,NA,NA,NA,1021.8,11.3,11.6,NA,NA,NA
2025,3,16,6,59,40,1.5,NA,NA,NA,NA,NA,1021.7,11.3,11.7,NA,NA,NA
2025,3,16,7,59,60,1.5,NA,NA,NA,NA,NA,1021.6,11.1,11.9,NA,NA,NA
2025,3,16,8,59,30,4.6,NA,NA,NA,NA,NA,1021.1,10.6,11.9,NA,NA,NA
2025,3,16,9,59,70,5.7,NA,NA,NA,NA,NA,1020.5,9.8,11.8,NA,NA,NA
2025,3,16,10,59,160,4.6,NA,NA,NA,NA,NA,1019.8,10,11.5,NA,NA,NA
2025,3,16,11,59,230,3.1,NA,NA,NA,NA,NA,1019.4,10.3,11.5,NA,NA,NA
2025,3,16,12,59,270,4.6,NA,NA,NA,NA,NA,1019.4,9.4,11.5,NA,NA,NA
2025,3,16,13,59,130,3.6,NA,NA,NA,NA,NA,1019.7,10,11.5,NA,NA,NA
2025,3,16,14,59,160,4.1,NA,NA,NA,NA,NA,1019.7,9.4,11.5,NA,NA,NA
2025,3,16,15,59,150,4.6,NA,NA,NA,NA,NA,1020.2,9.3,11.5,NA,NA,NA
2025,3,16,16,59,180,2.1,NA,NA,NA,NA,NA,1020.7,9.9,11.5,NA,NA,NA
2025,3,16,17,59,210,3.1,NA,NA,NA,NA,NA,1020.8,10.6,11.6,NA,NA,NA
2025,3,16,19,9,310,5.1,NA,NA,NA,NA,NA,1020.7,12.1,11.8,NA,NA,NA
2025,3,16,19,59,70,8.2,NA,NA,NA,NA,NA,1020.2,12.2,11.8,NA,NA,NA
2025,3,16,20,59,10,8.8,NA,NA,NA,NA,NA,1020.1,12.2,11.8,NA,NA,NA
2025,3,16,21,59,230,6.7,NA,NA,NA,NA,NA,1019.2,12.2,11.9,NA,NA,NA
2025,3,16,22,59,140,8.2,NA,NA,NA,NA,NA,1018.4,12.3,12,NA,NA,NA
2025,3,16,23,59,30,8.8,NA,NA,NA,NA,NA,1017.8,12.4,12.1,NA,NA,NA
2025,3,17,0,59,100,10.3,NA,NA,NA,NA,NA,1017.5,12.7,12.1,NA,NA,NA
2025,3,17,1,59,250,9.3,NA,NA,NA,NA,NA,1017.3,12.4,12.1,NA,NA,NA
2025,3,17,2,59,170,10.3,NA,NA,NA,NA,NA,1017.2,12.7,12,NA,NA,NA
2025,3,17,3,59,330,10.3,NA,NA,NA,NA,NA,1017,12.9,12,NA,NA,NA
2025,3,17,4,59,180,11.3,NA,NA,NA,NA,NA,1016.8,13,11.9,NA,NA,NA
2025,3,17,5,59,340,8.8,NA,NA,NA,NA,NA,1017.1,12.6,11.9,NA,NA,NA
2025,3,17,6,59,140,10.8,NA,NA,NA,NA,NA,1016.8,12.2,12,NA,NA,NA
2025,3,17,7,59,70,9.8,NA,NA,NA,NA,NA,1016.4,12.2,12,NA,NA,NA
2025,3,17,8,59,240,9.3,NA,NA,NA,NA,NA,1016.2,12.1,12,NA,NA,NA
2025,3,17,9,59,90,7.7,NA,NA,NA,NA,NA,1016.9,10.4,11.9,NA,NA,NA
2025,3,17,10,59,100,5.7,NA,NA,NA,NA,NA,1016.9,10.3,11.9,NA,NA,NA
2025,3,17,11,59,90,4.6,NA,NA,NA,NA,NA,1016.6,10.2,11.9,NA,NA,NA
2025,3,17,12,59,220,1.5,NA,NA,NA,NA,NA,1016.6,10.1,11.8,NA,NA,NA
2025,3,17,13,59,220,3.6,NA,NA,NA,NA,NA,1017,10.2,11.8,NA,NA,NA
2025,3,17,14,59,270,6.2,NA,NA,NA,NA,NA,1017.5,10.2,11.8,NA,NA,NA
2025,3,17,15,59,320,5.1,NA,NA,NA,NA,NA,1017.6,10.3,11.8,NA,NA,NA
2025,3,17,16,59,300,5.7,NA,NA,NA,NA,NA,1018.7,11.1,11.9,NA,NA,NA
2025,3,17,17,59,360,6.7,NA,NA,NA,NA,NA,1018.8,11.3,11.9,NA,NA,NA
2025,3,17,18,59,290,5.7,NA,NA,NA,NA,NA,1018.5,10.1,11.9,NA,NA,NA
2025,3,17,19,59,90,4.1,NA,NA,NA,NA,NA,1019.6,11.2,12,NA,NA,NA
2025,3,17,20,59,130,8.2,NA,NA,NA,NA,NA,1018.4,12.1,12,NA,NA,NA
2025,3,17,21,59,350,9.3,NA,NA,NA,NA,NA,1018.1,11.7,12.1,NA,NA,NA
2025,3,17,22,59,360,9.3,NA,NA,NA,NA,NA,1017.8,11.8,12.1,NA,NA,NA
2025,3,17,23,59,360,8.8,NA,NA,NA,NA,NA,1017.9,11.3,12.1,NA,NA,NA
2025,3,18,0,59,210,10.3,NA,NA,NA,NA,NA,1018,11.1,12,NA,NA,NA
2025,3,18,1,59,140,11.8,NA,NA,NA,NA,NA,1018.2,10.4,11.9,NA,NA,NA
2025,3,18,2,59,260,12.4,NA,NA,NA,NA,NA,1018.4,11.2,11.9,NA,NA,NA
2025,3,18,3,59,240,13.9,NA,NA,NA,NA,NA,1019,11.2,11.9,NA,NA,NA
2025,3,18,4,59,170,12.9,NA,NA,NA,NA,NA,1020.2,11,11.8,NA,NA,NA
2025,3,18,5,59,10,12.4,NA,NA,NA,NA,NA,1021.5,10.8,11.8,NA,NA,NA
2025,3,18,7,9,120,11.8,NA,NA,NA,NA,NA,1022.6,10.8,11.8,NA,NA,NA
2025,3,18,7,59,80,11.8,NA,NA,NA,NA,NA,1023.3,10.8,11.8,NA,NA,NA
2025,3,18,8,59,250,11.3,NA,NA,NA,NA,NA,1024.2,10.6,11.8,NA,NA,NA
2025,3,18,9,59,310,9.3,NA,NA,NA,NA,NA,1025.1,10.6,11.7,NA,NA,NA
2025,3,18,10,59,250,7.7,NA,NA,NA,NA,NA,1025.4,10.5,11.8,NA,NA,NA
2025,3,18,11,59,200,7.2,NA,NA,NA,NA,NA,1026,10.2,11.8,NA,NA,NA
2025,3,18,12,59,250,6.7,NA,NA,NA,NA,NA,1026.4,10.1,11.8,NA,NA,NA
2025,3,18,14,9,220,4.6,NA,NA,NA,NA,NA,1027.4,10,11.8,NA,NA,NA
2025,3,18,14,59,170,7.7,NA,NA,NA,NA,NA,1027.7,10,11.8,NA,NA,NA
2025,3,18,15,59,250,3.6,NA,NA,NA,NA,NA,1028.7,10.1,11.8,NA,NA,NA
2025,3,18,16,59,350,3.6,NA,NA,NA,NA,NA,1029.4,10,11.8,NA,NA,NA
2025,3,18,17,59,30,1.5,NA,NA,NA,NA,NA,1030,9.3,11.9,NA,NA,NA
2025,3,18,18,59,40,2.1,NA,NA,NA,NA,NA,1030.4,9.5,12,NA,NA,NA
2025,3,18,19,59,110,2.6,NA,NA,NA,NA,NA,1030.1,10,12.2,NA,NA,NA
2025,3,18,20,59,140,6.7,NA,NA,NA,NA,NA,1029.7,11.1,12.1,NA,NA,NA
2025,3,18,21,59,340,7.2,NA,NA,NA,NA,NA,1029.3,11,12.1,NA,NA,NA
2025,3,18,22,59,90,8.8,NA,NA,NA,NA,NA,1028.9,11,12,NA,NA,NA
2025,3,18,23,59,30,9.8,NA,NA,NA,NA,NA,1028.1,11.2,11.9,NA,NA,NA
2025,3,19,1,9,240,8.8,NA,NA,NA,NA,NA,1027.9,11.2,12,NA,NA,NA
2025,3,19,1,59,350,9.3,NA,NA,NA,NA,NA,1027.9,11,12,NA,NA,NA
2025,3,19,2,59,300,9.3,NA,NA,NA,NA,NA,1027.6,11,11.9,NA,NA,NA
2025,3,19,3,59,190,7.7,NA,NA,NA,NA,NA,1028.2,11,11.8,NA,NA,NA
2025,3,19,4,59,170,7.7,NA,NA,NA,NA,NA,1028.8,10.9,11.9,NA,NA,NA
2025,3,19,5,59,80,5.1,NA,NA,NA,NA,NA,1029.1,11,11.9,NA,NA,NA
2025,3,19,6,59,110,3.1,NA,NA,NA,NA,NA,1029.1,10.8,11.9,NA,NA,NA
2025,3,19,7,59,150,4.1,NA,NA,NA,NA,NA,1028.5,10.1,11.9,NA,NA,NA
2025,3,19,8,59,160,3.1,NA,NA,NA,NA,NA,1028.2,10,11.9,NA,NA,NA
2025,3,19,9,59,180,2.1,NA,NA,NA,NA,NA,1027.8,9.8,11.8,NA,NA,NA
2025,3,19,10,59,180,4.1,NA,NA,NA,NA,NA,1026.9,9.7,11.8,NA,NA,NA
2025,3,19,11,59,200,3.6,NA,NA,NA,NA,NA,1026.9,9.3,11.8,NA,NA,NA
2025,3,19,12,59,230,1.5,NA,NA,NA,NA,NA,1027.3,8.9,11.8,NA,NA,NA
2025,3,19,13,59,230,4.6,NA,NA,NA,NA,NA,1026.7,9.2,11.7,NA,NA,NA
2025,3,19,14,59,240,4.6,NA,NA,NA,NA,NA,1026.9,9.3,11.8,NA,NA,NA
2025,3,19,15,59,260,5.7,NA,NA,NA,NA,NA,1026.8,9,11.8,NA,NA,NA
2025,3,19,16,59,290,5.7,NA,NA,NA,NA,NA,1027.1,9.2,11.8,NA,NA,NA
2025,3,19,17,59,280,4.1,NA,NA,NA,NA,NA,1027.4,10.3,11.8,NA,NA,NA
2025,3,19,18,59,320,2.1,NA,NA,NA,NA,NA,1027.1,11.2,11.9,NA,NA,NA
2025,3,19,19,59,230,4.1,NA,NA,NA,NA,NA,1026.9,10.7,12,NA,NA,NA
2025,3,19,20,59,200,5.1,NA,NA,NA,NA,NA,1026.4,10.5,12,NA,NA,NA
2025,3,19,21,59,250,4.6,NA,NA,NA,NA,NA,1026,10.5,12.1,NA,NA,NA
2025,3,19,22,59,260,5.7,NA,NA,NA,NA,NA,1026.1,10.8,12.1,NA,NA,NA
2025,3,19,23,59,290,6.2,NA,NA,NA,NA,NA,1025.7,10.8,12.1,NA,NA,NA
2025,3,20,0,59,300,2.1,NA,NA,NA,NA,NA,1025.3,10.8,12.1,NA,NA,NA
2025,3,20,1,59,290,3.1,NA,NA,NA,NA,NA,1025.3,10.9,12,NA,NA,NA
2025,3,20,2,59,300,3.1,NA,NA,NA,NA,NA,1025.4,11.1,12,NA,NA,NA
2025,3,20,3,59,310,1.5,NA,NA,NA,NA,NA,1025.9,11.1,12,NA,NA,NA
2025,3,20,4,59,0,0,NA,NA,NA,NA,NA,1026,11.2,12,NA,NA,NA
2025,3,20,5,59,200,1,NA,NA,NA,NA,NA,1025.9,11.1,12,NA,NA,NA
2025,3,20,6,59,120,1.5,NA,NA,NA,NA,NA,1025.8,11.2,12,NA,NA,NA
2025,3,20,8,9,130,1.5,NA,NA,NA,NA,NA,1025.8,11.1,12,NA,NA,NA
2025,3,20,8,59,110,3.6,NA,NA,NA,NA,NA,1025.8,10.9,12,NA,NA,NA
2025,3,20,9,59,120,2.1,NA,NA,NA,NA,NA,1025.1,10.9,11.9,NA,NA,NA
2025,3,20,10,59,110,0.5,NA,NA,NA,NA,NA,1024.4,10.7,11.9,NA,NA,NA
2025,3,20,11,59,50,3.6,NA,NA,NA,NA,NA,1024.6,10.6,11.9,NA,NA,NA
2025,3,20,12,59,40,3.1,NA,NA,NA,NA,NA,1024.7,10.2,11.8,NA,NA,NA
2025,3,20,13,59,40,5.1,NA,NA,NA,NA,NA,1024.9,10.1,11.8,NA,NA,NA
2025,3,20,14,59,360,3.1,NA,NA,NA,NA,NA,1025.2,10.2,11.8,NA,NA,NA
2025,3,20,15,59,20,1,NA,NA,NA,NA,NA,1025.4,10,11.8,NA,NA,NA
2025,3,20,16,59,30,2.6,NA,NA,NA,NA,NA,1025.8,9.9,11.8,NA,NA,NA
2025,3,20,18,9,30,1,NA,NA,NA,NA,NA,1025.9,10.2,11.9,NA,NA,NA
2025,3,20,19,9,360,2.6,NA,NA,NA,NA,NA,1025.7,10.6,12.1,NA,NA,NA
2025,3,20,20,9,20,4.6,NA,NA,NA,NA,NA,1025.1,11.3,12.3,NA,NA,NA
2025,3,20,20,59,110,7.7,NA,NA,NA,NA,NA,1024.4,11.3,12.2,NA,NA,NA
2025,3,20,21,59,340,7.7,NA,NA,NA,NA,NA,1024,11.3,12.1,NA,NA,NA
2025,3,20,22,59,40,7.2,NA,NA,NA,NA,NA,1023.6,11.3,12,NA,NA,NA
2025,3,21,0,9,230,9.8,NA,NA,NA,NA,NA,1022.7,11.5,11.9,NA,NA,NA
2025,3,21,0,59,160,10.8,NA,NA,NA,NA,NA,1022.1,11.4,11.9,NA,NA,NA
2025,3,21,2,9,50,10.3,NA,NA,NA,NA,NA,1022,11.4,11.9,NA,NA,NA
2025,3,21,2,59,270,9.3,NA,NA,NA,NA,NA,1022.3,11.4,11.9,NA,NA,NA
2025,3,21,3,59,330,8.2,NA,NA,NA,NA,NA,1022.8,11.3,11.8,NA,NA,NA
2025,3,21,4,59,230,9.3,NA,NA,NA,NA,NA,1022.9,11,11.8,NA,NA,NA
2025,3,21,5,59,120,8.8,NA,NA,NA,NA,NA,1022.9,10.9,11.8,NA,NA,NA
2025,3,21,6,59,50,6.2,NA,NA,NA,NA,NA,1023,10.9,11.7,NA,NA,NA
2025,3,21,7,59,100,6.2,NA,NA,NA,NA,NA,1022.7,11,11.7,NA,NA,NA
2025,3,21,8,59,120,4.1,NA,NA,NA,NA,NA,1022.1,11,11.7,NA,NA,NA
2025,3,21,9,59,160,3.6,NA,NA,NA,NA,NA,1021.4,10.7,11.7,NA,NA,NA
2025,3,21,10,59,0,0,NA,NA,NA,NA,NA,1021.1,10.2,11.7,NA,NA,NA
2025,3,21,11,59,0,0,NA,NA,NA,NA,NA,1020.8,10.2,11.7,NA,NA,NA
2025,3,21,12,59,330,1,NA,NA,NA,NA,NA,1020.9,10,11.7,NA,NA,NA
2025,3,21,13,59,0,0,NA,NA,NA,NA,NA,1021.4,9.8,11.7,NA,NA,NA
2025,3,21,14,59,0,0,NA,NA,NA,NA,NA,1021.9,9.7,11.7,NA,NA,NA
2025,3,21,15,59,20,3.1,NA,NA,NA,NA,NA,1021.9,10,11.7,NA,NA,NA
2025,3,21,16,59,30,3.1,NA,NA,NA,NA,NA,1022.8,10.1,11.8,NA,NA,NA
2025,3,21,17,59,0,0,NA,NA,NA,NA,NA,1023.4,10.4,11.9,NA,NA,NA
2025,3,21,19,9,40,2.1,NA,NA,NA,NA,NA,1023,11,11.9,NA,NA,NA
2025,3,21,19,59,150,7.2,NA,NA,NA,NA,NA,1022.2,11.2,12,NA,NA,NA
2025,3,21,20,59,110,7.2,NA,NA,NA,NA,NA,1021.5,11.2,11.8,NA,NA,NA
2025,3,21,22,9,260,7.7,NA,NA,NA,NA,NA,1020.6,11.4,11.7,NA,NA,NA
2025,3,21,22,59,140,9.8,NA,NA,NA,NA,NA,1020.3,11.5,11.5,NA,NA,NA
2025,3,21,23,59,40,11.3,NA,NA,NA,NA,NA,1019.6,11.4,11.5,NA,NA,NA
2025,3,22,1,9,10,9.8,NA,NA,NA,NA,NA,1019.2,11.6,11.4,NA,NA,NA
2025,3,22,1,59,220,10.3,NA,NA,NA,NA,NA,1019.4,11.6,11.4,NA,NA,NA
2025,3,22,2,59,220,9.3,NA,NA,NA,NA,NA,1019.3,11.5,11.4,NA,NA,NA
2025,3,22,3,59,140,9.8,NA,NA,NA,NA,NA,1020,11.4,11.4,NA,NA,NA
2025,3,22,4,59,330,8.8,NA,NA,NA,NA,NA,1020.6,11.3,11.4,NA,NA,NA
2025,3,22,5,59,120,7.2,NA,NA,NA,NA,NA,1020.9,11.2,11.5,NA,NA,NA
2025,3,22,6,59,150,6.7,NA,NA,NA,NA,NA,1021,11.1,11.5,NA,NA,NA
2025,3,22,7,59,180,4.6,NA,NA,NA,NA,NA,1020.9,11,11.5,NA,NA,NA
2025,3,22,8,59,190,2.6,NA,NA,NA,NA,NA,1020.7,10.9,11.4,NA,NA,NA
2025,3,22,9,59,210,2.6,NA,NA,NA,NA,NA,1020.4,10.8,11.4,NA,NA,NA
2025,3,22,10,59,0,0,NA,NA,NA,NA,NA,1019.9,10.7,11.4,NA,NA,NA
2025,3,22,12,9,0,0,NA,NA,NA,NA,NA,1019.8,10.5,11.5,NA,NA,NA
2025,3,22,12,59,0,0,NA,NA,NA,NA,NA,1019.8,10.4,11.4,NA,NA,NA
2025,3,22,13,59,0,0,NA,NA,NA,NA,NA,1020.4,10.3,11.3,NA,NA,NA
2025,3,22,14,59,0,0,NA,NA,NA,NA,NA,1020.8,10.6,11.4,NA,NA,NA
2025,3,22,15,59,100,1.5,NA,NA,NA,NA,NA,1021,10.8,11.4,NA,NA,NA
2025,3,22,16,59,0,0,NA,NA,NA,NA,NA,1021.6,10.8,11.5,NA,NA,NA
2025,3,22,17,59,120,3.6,NA,NA,NA,NA,NA,1021.8,10.7,11.6,NA,NA,NA
2025,3,22,18,59,180,4.6,NA,NA,NA,NA,NA,1021.3,11.1,11.6,NA,NA,NA
2025,3,22,19,59,210,5.1,NA,NA,NA,NA,NA,1021,11.2,11.7,NA,NA,NA
2025,3,22,20,59,160,6.2,NA,NA,NA,NA,NA,1020,11.1,11.7,NA,NA,NA
2025,3,22,21,59,310,8.2,NA,NA,NA,NA,NA,1019.2,11.3,11.7,NA,NA,NA
2025,3,22,22,59,320,8.8,NA,NA,NA,NA,NA,1018.9,11.4,11.7,NA,NA,NA
2025,3,23,0,9,340,8.8,NA,NA,NA,NA,NA,1018.8,11.9,11.7,NA,NA,NA
2025,3,23,0,59,200,8.2,NA,NA,NA,NA,NA,1018.5,11.6,11.6,NA,NA,NA
2025,3,23,1,59,220,9.3,NA,NA,NA,NA,NA,1018.2,11.4,11.6,NA,NA,NA
2025,3,23,2,59,180,10.8,NA,NA,NA,NA,NA,1018.2,11.1,11.6,NA,NA,NA
2025,3,23,3,59,310,9.3,NA,NA,NA,NA,NA,1018.7,11,11.6,NA,NA,NA
2025,3,23,4,59,230,8.8,NA,NA,NA,NA,NA,1019.2,11.1,11.6,NA,NA,NA
2025,3,23,6,9,10,8.2,NA,NA,NA,NA,NA,1019.4,10.9,11.6,NA,NA,NA
2025,3,23,7,9,70,6.2,NA,NA,NA,NA,NA,1019.6,10.8,11.6,NA,NA,NA
2025,3,23,7,59,90,6.2,NA,NA,NA,NA,NA,1019.7,10.7,11.6,NA,NA,NA
2025,3,23,8,59,140,5.7,NA,NA,NA,NA,NA,1019.7,10.6,11.6,NA,NA,NA
2025,3,23,10,9,190,7.7,NA,NA,NA,NA,NA,1019.5,10.4,11.6,NA,NA,NA
2025,3,23,10,59,10,6.2,NA,NA,NA,NA,NA,1019.2,10.1,11.6,NA,NA,NA
2025,3,23,11,59,50,2.1,NA,NA,NA,NA,NA,1019,10.2,11.6,NA,NA,NA
2025,3,23,12,59,80,2.1,NA,NA,NA,NA,NA,1019,10.1,11.6,NA,NA,NA
2025,3,23,13,59,70,3.6,NA,NA,NA,NA,NA,1019.2,10,11.6,NA,NA,NA
2025,3,23,14,59,120,2.1,NA,NA,NA,NA,NA,1019.9,10.6,11.6,NA,NA,NA
2025,3,23,15,59,0,0,NA,NA,NA,NA,NA,1020.3,10.9,11.6,NA,NA,NA
2025,3,23,16,59,360,2.1,NA,NA,NA,NA,NA,1020.9,10.7,11.7,NA,NA,NA
2025,3,23,17,59,10,2.1,NA,NA,NA,NA,NA,1021.2,10.4,11.8,NA,NA,NA
2025,3,23,18,59,30,3.6,NA,NA,NA,NA,NA,1020.9,10.2,11.9,NA,NA,NA
2025,3,23,19,59,30,4.1,NA,NA,NA,NA,NA,1020.6,9.9,11.8,NA,NA,NA
2025,3,23,20,59,50,7.7,NA,NA,NA,NA,NA,1019.9,10.1,11.8,NA,NA,NA
2025,3,23,21,59,150,7.7,NA,NA,NA,NA,NA,1019.2,10,11.8,NA,NA,NA
2025,3,23,22,59,10,7.2,NA,NA,NA,NA,NA,1018.7,10,11.8,NA,NA,NA
2025,3,23,23,59,70,7.2,NA,NA,NA,NA,NA,1018.1,10.1,11.8,NA,NA,NA
2025,3,24,0,59,210,8.2,NA,NA,NA,NA,NA,1017.6,9.8,11.8,NA,NA,NA
2025,3,24,1,59,340,7.7,NA,NA,NA,NA,NA,1017.6,10.1,11.8,NA,NA,NA
2025,3,24,2,59,190,5.1,NA,NA,NA,NA,NA,1017.8,10.7,11.8,NA,NA,NA
2025,3,24,3,59,210,5.7,NA,NA,NA,NA,NA,1018.6,10.4,11.7,NA,NA,NA
2025,3,24,4,59,250,6.2,NA,NA,NA,NA,NA,1018.7,10.2,11.7,NA,NA,NA
2025,3,24,5,59,280,4.1,NA,NA,NA,NA,NA,1018.9,10.8,11.7,NA,NA,NA
2025,3,24,6,59,310,2.1,NA,NA,NA,NA,NA,1019.1,10.9,11.7,NA,NA,NA
2025,3,24,7,59,0,0,NA,NA,NA,NA,NA,1019,10.9,11.7,NA,NA,NA
2025,3,24,8,59,260,1,NA,NA,NA,NA,NA,1018.8,10.6,11.7,NA,NA,NA
2025,3,24,9,59,300,1.5,NA,NA,NA,NA,NA,1018.2,10.8,11.7,NA,NA,NA
2025,3,24,10,59,340,2.6,NA,NA,NA,NA,NA,1018,10.6,11.7,NA,NA,NA
2025,3,24,11,59,340,4.1,NA,NA,NA,NA,NA,1017.8,11.1,11.7,NA,NA,NA
2025,3,24,12,59,350,2.6,NA,NA,NA,NA,NA,1017.9,11.4,11.6,NA,NA,NA
2025,3,24,13,59,340,4.1,NA,NA,NA,NA,NA,1018.1,11.4,11.6,NA,NA,NA
2025,3,24,14,59,350,3.1,NA,NA,NA,NA,NA,1018.6,11.7,11.6,NA,NA,NA
2025,3,24,15,59,350,3.1,NA,NA,NA,NA,NA,1018.7,11.7,11.7,NA,NA,NA
2025,3,24,16,59,350,3.1,NA,NA,NA,NA,NA,1018.8,11.7,11.7,NA,NA,NA
2025,3,24,17,59,310,2.6,NA,NA,NA,NA,NA,1018.8,12.2,11.9,NA,NA,NA
2025,3,24,18,59,330,3.1,NA,NA,NA,NA,NA,1018.3,12.2,12.2,NA,NA,NA
2025,3,24,20,9,340,2.1,NA,NA,NA,NA,NA,1017.5,12.7,12.4,NA,NA,NA
2025,3,24,20,59,320,3.1,NA,NA,NA,NA,NA,1017.1,12.7,12.5,NA,NA,NA
2025,3,24,21,59,330,3.1,NA,NA,NA,NA,NA,1016.4,12.6,12.9,NA,NA,NA
2025,3,24,22,59,340,4.1,NA,NA,NA,NA,NA,1015.9,13.7,12.7,NA,NA,NA
2025,3,24,23,59,350,2.6,NA,NA,NA,NA,NA,1015.3,14.3,12.6,NA,NA,NA
2025,3,25,0,59,340,3.1,NA,NA,NA,NA,NA,1015,13.8,12.7,NA,NA,NA
2025,3,25,1,59,330,3.6,NA,NA,NA,NA,NA,1015,13.2,12.6,NA,NA,NA
2025,3,25,2,59,340,3.6,NA,NA,NA,NA,NA,1015.2,12.3,12.5,NA,NA,NA
2025,3,25,3,59,10,1,NA,NA,NA,NA,NA,1015.6,12.2,12.5,NA,NA,NA
2025,3,25,4,59,20,0.5,NA,NA,NA,NA,NA,1015.8,12.1,12.5,NA,NA,NA
2025,3,25,5,59,0,0,NA,NA,NA,NA,NA,1015.8,12,12.4,NA,NA,NA
2025,3,25,6,59,0,0,NA,NA,NA,NA,NA,1015.4,12,12.4,NA,NA,NA
2025,3,25,7,59,0,0,NA,NA,NA,NA,NA,1014.9,12.1,12.4,NA,NA,NA
2025,3,25,8,59,60,3.1,NA,NA,NA,NA,NA,1014.5,12.7,12.3,NA,NA,NA
2025,3,25,9,59,80,4.6,NA,NA,NA,NA,NA,1013.8,13.5,12.2,NA,NA,NA
2025,3,25,10,59,90,4.6,NA,NA,NA,NA,NA,1013.3,14.2,12.2,NA,NA,NA
2025,3,25,11,59,90,3.6,NA,NA,NA,NA,NA,1013.2,14.1,12.1,NA,NA,NA
2025,3,25,12,59,110,5.1,NA,NA,NA,NA,NA,1013,14.7,12.2,NA,NA,NA
2025,3,25,13,59,120,5.1,NA,NA,NA,NA,NA,1013,14.3,12.3,NA,NA,NA
2025,3,25,14,59,160,5.7,NA,NA,NA,NA,NA,1013.3,13.8,12.1,NA,NA,NA
2025,3,25,15,59,170,4.6,NA,NA,NA,NA,NA,1013.4,14,12,NA,NA,NA
2025,3,25,16,59,150,1,NA,NA,NA,NA,NA,1013.9,14.4,12,NA,NA,NA
2025,3,25,17,59,270,0.5,NA,NA,NA,NA,NA,1014,14.7,12.4,NA,NA,NA
2025,3,25,18,59,290,3.1,NA,NA,NA,NA,NA,1014.2,13.4,12.4,NA,NA,NA
2025,3,25,19,59,360,2.1,NA,NA,NA,NA,NA,1013.9,13.7,12.3,NA,NA,NA
2025,3,25,20,59,350,5.7,NA,NA,NA,NA,NA,1013.6,12.2,12.3,NA,NA,NA
2025,3,25,21,59,130,7.2,NA,NA,NA,NA,NA,1012.8,11,11.7,NA,NA,NA
2025,3,25,22,59,290,4.6,NA,NA,NA,NA,NA,1013.5,11.1,11.6,NA,NA,NA
2025,3,25,23,59,290,5.1,NA,NA,NA,NA,NA,1013.2,10.9,11.6,NA,NA,NA
2025,3,26,0,59,310,5.7,NA,NA,NA,NA,NA,1012.9,10.9,11.9,NA,NA,NA
2025,3,26,1,59,60,4.6,NA,NA,NA,NA,NA,1012.8,10.8,11.7,NA,NA,NA
2025,3,26,2,59,40,4.1,NA,NA,NA,NA,NA,1013,10.8,11.8,NA,NA,NA
2025,3,26,3,59,40,5.7,NA,NA,NA,NA,NA,1013.1,10.8,11.7,NA,NA,NA
2025,3,26,4,59,20,3.6,NA,NA,NA,NA,NA,1013.4,10.9,11.7,NA,NA,NA
2025,3,26,5,59,50,5.1,NA,NA,NA,NA,NA,1013.4,11,11.6,NA,NA,NA
2025,3,26,6,59,110,7.7,NA,NA,NA,NA,NA,1013.6,11,11.6,NA,NA,NA
2025,3,26,7,59,360,7.2,NA,NA,NA,NA,NA,1013.4,10.9,11.6,NA,NA,NA
2025,3,26,8,59,230,8.8,NA,NA,NA,NA,NA,1013.3,11.1,11.6,NA,NA,NA
2025,3,26,9,59,190,8.2,NA,NA,NA,NA,NA,1013.4,11.3,11.5,NA,NA,NA
2025,3,26,10,59,160,8.2,NA,NA,NA,NA,NA,1013.4,11.3,11.5,NA,NA,NA
2025,3,26,11,59,190,6.7,NA,NA,NA,NA,NA,1013.6,11.5,11.5,NA,NA,NA
2025,3,26,12,59,280,5.7,NA,NA,NA,NA,NA,1013.8,11.4,11.5,NA,NA,NA
2025,3,26,13,59,30,6.7,NA,NA,NA,NA,NA,1014.2,11.6,11.5,NA,NA,NA
2025,3,26,14,59,350,7.2,NA,NA,NA,NA,NA,1014.4,11.7,11.5,NA,NA,NA
2025,3,26,15,59,20,9.3,NA,NA,NA,NA,NA,1014.3,11.8,11.7,NA,NA,NA
2025,3,26,16,59,20,5.1,NA,NA,NA,NA,NA,1015.3,12,11.8,NA,NA,NA
2025,3,26,17,59,30,6.7,NA,NA,NA,NA,NA,1016.2,12.2,11.9,NA,NA,NA
2025,3,26,18,59,120,8.2,NA,NA,NA,NA,NA,1016.5,12.7,12,NA,NA,NA
2025,3,26,19,59,350,8.2,NA,NA,NA,NA,NA,1016.3,12.8,12,NA,NA,NA
2025,3,26,20,59,230,8.2,NA,NA,NA,NA,NA,1015.9,12.8,12,NA,NA,NA
2025,3,26,21,59,220,7.7,NA,NA,NA,NA,NA,1016.4,12.8,12.1,NA,NA,NA
2025,3,26,22,59,130,8.2,NA,NA,NA,NA,NA,1016.1,12.7,12.1,NA,NA,NA
2025,3,26,23,59,330,8.2,NA,NA,NA,NA,NA,1016.1,12.4,12.1,NA,NA,NA
2025,3,27,0,59,30,8.2,NA,NA,NA,NA,NA,1016.2,12.4,12.1,NA,NA,NA
2025,3,27,1,59,280,7.2,NA,NA,NA,NA,NA,1016.2,12.4,12.1,NA,NA,NA
2025,3,27,2,59,150,7.7,NA,NA,NA,NA,NA,1016,12.5,12.1,NA,NA,NA
2025,3,27,3,59,330,7.2,NA,NA,NA,NA,NA,1016.2,12.6,12,NA,NA,NA
2025,3,27,4,59,360,7.2,NA,NA,NA,NA,NA,1016.2,12.4,12,NA,NA,NA
2025,3,27,5,59,230,7.7,NA,NA,NA,NA,NA,1016.4,12.4,12,NA,NA,NA
2025,3,27,6,59,360,6.7,NA,NA,NA,NA,NA,1016.7,12.3,12.2,NA,NA,NA
2025,3,27,7,59,360,6.2,NA,NA,NA,NA,NA,1016.9,12.3,12.2,NA,NA,NA
2025,3,27,8,59,360,5.1,NA,NA,NA,NA,NA,1016.9,12.1,12.2,NA,NA,NA
2025,3,27,9,59,360,7.7,NA,NA,NA,NA,NA,1016.6,12.3,12.2,NA,NA,NA
2025,3,27,10,59,150,7.7,NA,NA,NA,NA,NA,1016.4,12.1,12.1,NA,NA,NA
2025,3,27,11,59,150,7.2,NA,NA,NA,NA,NA,1016.8,11.9,12.1,NA,NA,NA
2025,3,27,12,59,150,5.7,NA,NA,NA,NA,NA,1016.9,11.8,12.1,NA,NA,NA
2025,3,27,13,59,170,6.2,NA,NA,NA,NA,NA,1016.6,11.8,12.1,NA,NA,NA
2025,3,27,14,59,180,5.7,NA,NA,NA,NA,NA,1017.2,12,12.2,NA,NA,NA
2025,3,27,15,59,210,6.2,NA,NA,NA,NA,NA,1017.4,12.3,12.2,NA,NA,NA
2025,3,27,16,59,290,7.2,NA,NA,NA,NA,NA,1017,12.3,12,NA,NA,NA
2025,3,27,17,59,310,6.2,NA,NA,NA,NA,NA,1017.3,12.5,11.8,NA,NA,NA
2025,3,27,18,59,310,6.7,NA,NA,NA,NA,NA,1017.4,12.4,11.9,NA,NA,NA
2025,3,27,19,59,330,7.2,NA,NA,NA,NA,NA,1017.6,12.3,12,NA,NA,NA
2025,3,27,20,59,350,6.2,NA,NA,NA,NA,NA,1017.6,12.3,12,NA,NA,NA
2025,3,27,21,59,350,5.7,NA,NA,NA,NA,NA,1017.1,12.6,12.1,NA,NA,NA
2025,3,27,22,59,20,5.7,NA,NA,NA,NA,NA,1016.8,12.7,12,NA,NA,NA
2025,3,27,23,59,80,4.1,NA,NA,NA,NA,NA,1016.8,12.3,12.1,NA,NA,NA
2025,3,28,0,59,100,1.5,NA,NA,NA,NA,NA,1016.3,12,12.1,NA,NA,NA
2025,3,28,1,59,100,2.1,NA,NA,NA,NA,NA,1016.2,12.2,12.1,NA,NA,NA
2025,3,28,2,59,90,3.1,NA,NA,NA,NA,NA,1016.6,11.9,12.1,NA,NA,NA
2025,3,28,3,59,110,2.6,NA,NA,NA,NA,NA,1017.3,12,12,NA,NA,NA
2025,3,28,4,59,180,1.5,NA,NA,NA,NA,NA,1017.8,12,12,NA,NA,NA
2025,3,28,5,59,170,1.5,NA,NA,NA,NA,NA,1017.6,12,12,NA,NA,NA
2025,3,28,6,59,200,2.6,NA,NA,NA,NA,NA,1017.8,12,12.1,NA,NA,NA
2025,3,28,7,59,0,0,NA,NA,NA,NA,NA,1017.5,11.8,12.1,NA,NA,NA
2025,3,28,8,59,190,2.1,NA,NA,NA,NA,NA,1017.5,12,12.1,NA,NA,NA
2025,3,28,9,59,0,0,NA,NA,NA,NA,NA,1017.3,11.7,12.1,NA,NA,NA
2025,3,28,10,59,0,0,NA,NA,NA,NA,NA,1016.8,11.8,12,NA,NA,NA
2025,3,28,11,59,0,0,NA,NA,NA,NA,NA,1016.8,11.7,12,NA,NA,NA
2025,3,28,12,59,0,0,NA,NA,NA,NA,NA,1016.8,11.9,12,NA,NA,NA
2025,3,28,13,59,200,1.5,NA,NA,NA,NA,NA,1016.9,11.8,12,NA,NA,NA
2025,3,28,14,59,200,1.5,NA,NA,NA,NA,NA,1017.4,11.9,12,NA,NA,NA
2025,3,28,15,59,230,2.1,NA,NA,NA,NA,NA,1018,11.9,12,NA,NA,NA
2025,3,28,16,59,230,3.1,NA,NA,NA,NA,NA,1018.5,12.2,12.1,NA,NA,NA
2025,3,28,17,59,190,3.1,NA,NA,NA,NA,NA,1018.8,12.4,12.2,NA,NA,NA
2025,3,28,18,59,250,3.6,NA,NA,NA,NA,NA,1018.9,12.2,12.2,NA,NA,NA
2025,3,28,19,59,260,3.6,NA,NA,NA,NA,NA,1018.8,12.4,12.4,NA,NA,NA
2025,3,28,20,59,290,4.1,NA,NA,NA,NA,NA,1018.8,12.4,12.4,NA,NA,NA
2025,3,28,21,59,300,5.7,NA,NA,NA,NA,NA,1018.7,12.5,12.4,NA,NA,NA
2025,3,28,22,59,310,5.1,NA,NA,NA,NA,NA,1018.4,12.6,12.5,NA,NA,NA
2025,3,28,23,59,330,5.1,NA,NA,NA,NA,NA,1018.2,12.7,12.4,NA,NA,NA
2025,3,29,0,59,340,6.7,NA,NA,NA,NA,NA,1017.7,12.5,12.4,NA,NA,NA
2025,3,29,1,59,100,6.2,NA,NA,NA,NA,NA,1017.7,12.2,12.3,NA,NA,NA
2025,3,29,2,59,130,4.6,NA,NA,NA,NA,NA,1017.6,12,12.1,NA,NA,NA
2025,3,29,3,59,130,6.7,NA,NA,NA,NA,NA,1018,11.9,11.8,NA,NA,NA
2025,3,29,4,59,120,3.6,NA,NA,NA,NA,NA,1018.4,11.8,11.9,NA,NA,NA
2025,3,29,5,59,60,1,NA,NA,NA,NA,NA,1018.5,11.6,11.8,NA,NA,NA
2025,3,29,6,59,20,0.5,NA,NA,NA,NA,NA,1018.4,11.5,12,NA,NA,NA
2025,3,29,7,59,80,5.1,NA,NA,NA,NA,NA,1018.2,11.5,11.9,NA,NA,NA
2025,3,29,8,59,70,4.6,NA,NA,NA,NA,NA,1018,11.4,11.7,NA,NA,NA
2025,3,29,9,59,40,2.6,NA,NA,NA,NA,NA,1018.1,11.1,11.8,NA,NA,NA
2025,3,29,10,59,40,2.1,NA,NA,NA,NA,NA,1017.5,11,11.9,NA,NA,NA
2025,3,29,11,59,60,2.1,NA,NA,NA,NA,NA,1017.5,10.5,12,NA,NA,NA
2025,3,29,12,59,120,2.1,NA,NA,NA,NA,NA,1017.6,10.1,12,NA,NA,NA
2025,3,29,13,59,150,3.1,NA,NA,NA,NA,NA,1017.7,10.5,12.1,NA,NA,NA
2025,3,29,14,59,130,2.1,NA,NA,NA,NA,NA,1017.8,10.5,12.2,NA,NA,NA
2025,3,29,15,59,140,1.5,NA,NA,NA,NA,NA,1018.2,10.7,12.2,NA,NA,NA
2025,3,29,16,59,180,1,NA,NA,NA,NA,NA,1018.3,10.3,12.3,NA,NA,NA
2025,3,29,17,59,0,0,NA,NA,NA,NA,NA,1018.3,11.4,12.4,NA,NA,NA
2025,3,29,18,59,0,0,NA,NA,NA,NA,NA,1018.2,11.6,12.5,NA,NA,NA
2025,3,29,19,59,340,2.6,NA,NA,NA,NA,NA,1017.6,11.7,12.6,NA,NA,NA
2025,3,29,20,59,350,2.1,NA,NA,NA,NA,NA,1016.2,11.7,12.6,NA,NA,NA
2025,3,29,21,59,20,5.1,NA,NA,NA,NA,NA,1016.1,11.8,12.1,NA,NA,NA
2025,3,29,22,59,30,6.2,NA,NA,NA,NA,NA,1015.7,11.7,12.3,NA,NA,NA
2025,3,29,23,59,90,6.7,NA,NA,NA,NA,NA,1015.1,11.6,12.4,NA,NA,NA
2025,3,30,0,59,70,5.1,NA,NA,NA,NA,NA,1015.1,11.5,12.4,NA,NA,NA
2025,3,30,1,59,80,3.6,NA,NA,NA,NA,NA,1015,11.5,12.4,NA,NA,NA
2025,3,30,2,59,130,2.1,NA,NA,NA,NA,NA,1014.8,11.4,12.5,NA,NA,NA
2025,3,30,3,59,120,2.1,NA,NA,NA,NA,NA,1015,11.5,12.5,NA,NA,NA
2025,3,30,4,59,120,1,NA,NA,NA,NA,NA,1015,11.4,12.5,NA,NA,NA
2025,3,30,5,59,60,2.6,NA,NA,NA,NA,NA,1014.9,11.5,12.4,NA,NA,NA
2025,3,30,6,59,0,0,NA,NA,NA,NA,NA,1014,11.3,12.4,NA,NA,NA
2025,3,30,7,59,40,5.1,NA,NA,NA,NA,NA,1013.5,11.4,12.4,NA,NA,NA
2025,3,30,8,59,120,6.7,NA,NA,NA,NA,NA,1013.1,11.5,12.4,NA,NA,NA
2025,3,30,9,59,190,6.2,NA,NA,NA,NA,NA,1012.4,11.5,12.4,NA,NA,NA
2025,3,30,10,59,200,5.1,NA,NA,NA,NA,NA,1011.9,10.9,12.4,NA,NA,NA
2025,3,30,11,59,210,4.1,NA,NA,NA,NA,NA,1011,10.8,12.3,NA,NA,NA
2025,3,30,12,59,220,3.1,NA,NA,NA,NA,NA,1010.3,11.2,12.3,NA,NA,NA
2025,3,30,13,59,230,5.7,NA,NA,NA,NA,NA,1010.1,11,12.2,NA,NA,NA
2025,3,30,14,59,220,4.6,NA,NA,NA,NA,NA,1010.9,11.3,12.2,NA,NA,NA
2025,3,30,15,59,310,7.7,NA,NA,NA,NA,NA,1010.6,13.2,12.2,NA,NA,NA
2025,3,30,16,59,270,10.3,NA,NA,NA,NA,NA,1011.2,13.4,12.2,NA,NA,NA
2025,3,30,17,59,50,8.2,NA,NA,NA,NA,NA,1011.9,13.4,12.2,NA,NA,NA
2025,3,30,19,9,270,10.3,NA,NA,NA,NA,NA,1012.4,13.6,12.4,NA,NA,NA
2025,3,30,19,59,100,11.3,NA,NA,NA,NA,NA,1012.4,13.2,12.2,NA,NA,NA
2025,3,30,20,59,70,9.8,NA,NA,NA,NA,NA,1012.6,13.1,12.2,NA,NA,NA
2025,3,30,21,59,150,9.8,NA,NA,NA,NA,NA,1013.1,13.1,12.1,NA,NA,NA
2025,3,30,22,59,210,8.8,NA,NA,NA,NA,NA,1012.7,12.9,12,NA,NA,NA
2025,3,30,23,59,270,8.2,NA,NA,NA,NA,NA,1012.8,12.8,12,NA,NA,NA
2025,3,31,0,59,110,8.2,NA,NA,NA,NA,NA,1012.6,13,12,NA,NA,NA
2025,3,31,1,59,30,9.8,NA,NA,NA,NA,NA,1012.5,12.8,12,NA,NA,NA
2025,3,31,2,59,70,10.8,NA,NA,NA,NA,NA,1012.6,12.7,11.9,NA,NA,NA
2025,3,31,3,59,280,9.3,NA,NA,NA,NA,NA,1013,12.5,11.9,NA,NA,NA
2025,3,31,4,59,330,11.3,NA,NA,NA,NA,NA,1013,12.6,11.9,NA,NA,NA
2025,3,31,5,59,320,9.3,NA,NA,NA,NA,NA,1013,12.3,11.9,NA,NA,NA
2025,3,31,6,59,310,8.8,NA,NA,NA,NA,NA,1013.6,12.2,12,NA,NA,NA
2025,3,31,7,59,360,9.8,NA,NA,NA,NA,NA,1013.5,12.1,12,NA,NA,NA
2025,3,31,8,59,130,7.7,NA,NA,NA,NA,NA,1014.9,12.2,12,NA,NA,NA
2025,3,31,9,59,30,6.2,NA,NA,NA,NA,NA,1015,12,12,NA,NA,NA
2025,3,31,10,59,60,5.7,NA,NA,NA,NA,NA,1015,11.9,11.9,NA,NA,NA
2025,3,31,11,59,80,4.6,NA,NA,NA,NA,NA,1015.2,12,11.8,NA,NA,NA
2025,3,31,12,59,280,4.1,NA,NA,NA,NA,NA,1014.7,11,11.8,NA,NA,NA
2025,3,31,13,59,10,4.1,NA,NA,NA,NA,NA,1015.3,11.5,11.8,NA,NA,NA
2025,3,31,14,59,20,3.1,NA,NA,NA,NA,NA,1016.1,11.8,11.8,NA,NA,NA
2025,3,31,15,59,10,3.1,NA,NA,NA,NA,NA,1016.4,11.9,11.8,NA,NA,NA
2025,3,31,16,59,30,3.1,NA,NA,NA,NA,NA,1017.6,12,11.9,NA,NA,NA
2025,3,31,17,59,20,5.7,NA,NA,NA,NA,NA,1017.1,12.4,11.9,NA,NA,NA
2025,3,31,18,59,40,6.2,NA,NA,NA,NA,NA,1017.1,12.6,12,NA,NA,NA
2025,3,31,19,59,60,5.7,NA,NA,NA,NA,NA,1017.4,12.7,12.1,NA,NA,NA
2025,3,31,20,59,110,4.6,NA,NA,NA,NA,NA,1017.4,12.6,12.2,NA,NA,NA
2025,3,31,21,59,100,6.2,NA,NA,NA,NA,NA,1016.8,12.7,12.2,NA,NA,NA
2025,3,31,22,59,220,5.7,NA,NA,NA,NA,NA,1016.7,12.1,12.2,NA,NA,NA
2025,4,1,0,59,270,4.1,NA,NA,NA,NA,NA,1016.7,12.3,12.2,NA,NA,NA
2025,4,1,1,59,290,7.2,NA,NA,NA,NA,NA,1017.3,12,12.2,NA,NA,NA
2025,4,1,2,59,110,8.8,NA,NA,NA,NA,NA,1017,11.2,12.2,NA,NA,NA
2025,4,1,3,59,60,5.1,NA,NA,NA,NA,NA,1017.3,11.7,12.2,NA,NA,NA
2025,4,1,4,59,110,5.7,NA,NA,NA,NA,NA,1017.6,11,12.2,NA,NA,NA
2025,4,1,5,59,110,5.1,NA,NA,NA,NA,NA,1017.6,11.3,12.2,NA,NA,NA
2025,4,1,6,59,100,5.7,NA,NA,NA,NA,NA,1017.7,11.4,12.1,NA,NA,NA
2025,4,1,7,59,80,3.6,NA,NA,NA,NA,NA,1017.5,11.5,12.1,NA,NA,NA
2025,4,1,8,59,90,5.1,NA,NA,NA,NA,NA,1017.3,11.8,12.1,NA,NA,NA
2025,4,1,9,59,100,6.2,NA,NA,NA,NA,NA,1017.1,11.6,12.1,NA,NA,NA
2025,4,1,10,59,110,4.1,NA,NA,NA,NA,NA,1017.2,11.2,12.1,NA,NA,NA
2025,4,1,11,59,110,7.2,NA,NA,NA,NA,NA,1016.7,11.5,12.1,NA,NA,NA
2025,4,1,12,59,140,6.2,NA,NA,NA,NA,NA,1016.9,11.6,12.1,NA,NA,NA
2025,4,1,13,59,240,5.7,NA,NA,NA,NA,NA,1017.5,10.9,12.1,NA,NA,NA
2025,4,1,14,59,30,6.2,NA,NA,NA,NA,NA,1017.2,11.2,12.1,NA,NA,NA
2025,4,1,15,59,40,5.7,NA,NA,NA,NA,NA,1017.3,11.8,12.1,NA,NA,NA
2025,4,1,16,59,60,6.2,NA,NA,NA,NA,NA,1017.3,12,12.1,NA,NA,NA
2025,4,1,17,59,130,9.3,NA,NA,NA,NA,NA,1017.6,11,12.1,NA,NA,NA
2025,4,1,18,59,210,5.7,NA,NA,NA,NA,NA,1018.4,10.9,12.1,NA,NA,NA
2025,4,1,19,59,240,5.7,NA,NA,NA,NA,NA,1017.2,11.7,12.2,NA,NA,NA
2025,4,1,20,59,250,6.7,NA,NA,NA,NA,NA,1016.5,12.1,12.3,NA,NA,NA
2025,4,1,21,59,360,7.2,NA,NA,NA,NA,NA,1016,11.7,12.3,NA,NA,NA
2025,4,1,22,59,30,8.8,NA,NA,NA,NA,NA,1015.4,11.9,12.3,NA,NA,NA
2025,4,1,23,59,300,7.7,NA,NA,NA,NA,NA,1014.8,11.9,12.2,NA,NA,NA
2025,4,2,0,59,70,7.2,NA,NA,NA,NA,NA,1014.1,11.3,12.1,NA,NA,NA
2025,4,2,1,59,100,7.7,NA,NA,NA,NA,NA,1013.9,11.6,12.1,NA,NA,NA
2025,4,2,2,59,120,9.8,NA,NA,NA,NA,NA,1013.3,11.6,12.1,NA,NA,NA
2025,4,2,3,59,70,8.8,NA,NA,NA,NA,NA,1013.6,11.3,12.1,NA,NA,NA
2025,4,2,4,59,230,8.8,NA,NA,NA,NA,NA,1013.9,11.2,12.1,NA,NA,NA
2025,4,2,5,59,240,11.3,NA,NA,NA,NA,NA,1012.9,10.9,12.1,NA,NA,NA
2025,4,2,6,59,290,9.8,NA,NA,NA,NA,NA,1013,11,12.1,NA,NA,NA
2025,4,2,7,59,40,10.3,NA,NA,NA,NA,NA,1013,11,12,NA,NA,NA
2025,4,2,8,59,340,9.8,NA,NA,NA,NA,NA,1012.9,11.2,12,NA,NA,NA
2025,4,2,9,59,160,7.7,NA,NA,NA,NA,NA,1012.9,10.8,12,NA,NA,NA
2025,4,2,10,59,170,4.6,NA,NA,NA,NA,NA,1013,10.7,11.9,NA,NA,NA
2025,4,2,11,59,150,4.1,NA,NA,NA,NA,NA,1012.8,10.5,11.9,NA,NA,NA
2025,4,2,12,59,140,5.1,NA,NA,NA,NA,NA,1012.8,10.4,11.9,NA,NA,NA
2025,4,2,13,59,230,5.7,NA,NA,NA,NA,NA,1013.1,10.3,11.9,NA,NA,NA
2025,4,2,14,59,240,5.1,NA,NA,NA,NA,NA,1013.5,10.2,11.9,NA,NA,NA
2025,4,2,15,59,280,5.1,NA,NA,NA,NA,NA,1014.1,10.5,11.9,NA,NA,NA
2025,4,2,16,59,160,9.3,NA,NA,NA,NA,NA,1013.6,10.8,12,NA,NA,NA
2025,4,2,17,59,120,7.7,NA,NA,NA,NA,NA,1013.8,11.2,12,NA,NA,NA
2025,4,2,18,59,170,11.3,NA,NA,NA,NA,NA,1013.5,11.1,12,NA,NA,NA
2025,4,2,19,59,250,10.8,NA,NA,NA,NA,NA,1012.9,11.2,12,NA,NA,NA
2025,4,2,20,59,290,11.8,NA,NA,NA,NA,NA,1012.9,11.2,12.1,NA,NA,NA
2025,4,2,21,59,270,12.9,NA,NA,NA,NA,NA,1012.5,11.1,12,NA,NA,NA
2025,4,2,22,59,120,12.9,NA,NA,NA,NA,NA,1012.6,11,12.1,NA,NA,NA
2025,4,2,23,59,200,11.8,NA,NA,NA,NA,NA,1012.2,11.2,12,NA,NA,NA
2025,4,3,0,59,120,10.3,NA,NA,NA,NA,NA,1011.9,11,12,NA,NA,NA
2025,4,3,1,59,90,9.8,NA,NA,NA,NA,NA,1012.3,10.9,12,NA,NA,NA
2025,4,3,2,59,20,9.8,NA,NA,NA,NA,NA,1012.4,10.8,11.9,NA,NA,NA
2025,4,3,3,59,90,9.3,NA,NA,NA,NA,NA,1012.8,10.8,11.8,NA,NA,NA
2025,4,3,4,59,90,8.2,NA,NA,NA,NA,NA,1013.7,10.8,11.7,NA,NA,NA
2025,4,3,5,59,230,7.7,NA,NA,NA,NA,NA,1013.7,10.7,11.6,NA,NA,NA
2025,4,3,6,59,180,8.2,NA,NA,NA,NA,NA,1013.8,10.5,11.7,NA,NA,NA
2025,4,3,7,59,30,6.7,NA,NA,NA,NA,NA,1014.2,10.4,11.7,NA,NA,NA
2025,4,3,8,59,150,7.2,NA,NA,NA,NA,NA,1014.1,10.6,11.7,NA,NA,NA
2025,4,3,9,59,250,8.2,NA,NA,NA,NA,NA,1013.9,10.6,11.6,NA,NA,NA
2025,4,3,10,59,260,4.1,NA,NA,NA,NA,NA,1013.9,10.3,11.6,NA,NA,NA
2025,4,3,11,59,0,0,NA,NA,NA,NA,NA,1013.8,9.6,11.7,NA,NA,NA
2025,4,3,12,59,0,0,NA,NA,NA,NA,NA,1014.1,9.5,11.7,NA,NA,NA
2025,4,3,13,59,250,1,NA,NA,NA,NA,NA,1014.5,9.8,11.8,NA,NA,NA
2025,4,3,14,59,260,2.1,NA,NA,NA,NA,NA,1015,9.2,11.7,NA,NA,NA
2025,4,3,15,59,0,0,NA,NA,NA,NA,NA,1015.6,9.8,11.9,NA,NA,NA
2025,4,3,16,59,0,0,NA,NA,NA,NA,NA,1016,9.9,12,NA,NA,NA
2025,4,3,17,59,0,0,NA,NA,NA,NA,NA,1016.5,10.1,12.1,NA,NA,NA
2025,4,3,18,59,0,0,NA,NA,NA,NA,NA,1016.7,10.5,12.1,NA,NA,NA
2025,4,3,19,59,270,4.6,NA,NA,NA,NA,NA,1016.7,11,12.7,NA,NA,NA
2025,4,3,20,59,290,6.7,NA,NA,NA,NA,NA,1016.4,11.2,12.3,NA,NA,NA
2025,4,3,21,59,70,8.2,NA,NA,NA,NA,NA,1016.1,11.2,12.1,NA,NA,NA
2025,4,3,22,59,230,7.7,NA,NA,NA,NA,NA,1015.5,11,12.2,NA,NA,NA
2025,4,3,23,59,120,8.8,NA,NA,NA,NA,NA,1015.2,11.3,11.9,NA,NA,NA
2025,4,4,0,59,140,7.2,NA,NA,NA,NA,NA,1015.3,11.4,11.9,NA,NA,NA
2025,4,4,1,59,70,9.3,NA,NA,NA,NA,NA,1015.1,11.2,11.8,NA,NA,NA
2025,4,4,2,59,250,9.3,NA,NA,NA,NA,NA,1015.7,11.2,11.9,NA,NA,NA
2025,4,4,3,59,170,7.7,NA,NA,NA,NA,NA,1016.6,11.1,11.9,NA,NA,NA
2025,4,4,4,59,150,8.2,NA,NA,NA,NA,NA,1017.7,11.1,11.9,NA,NA,NA
2025,4,4,5,59,330,6.2,NA,NA,NA,NA,NA,1018.2,11.1,11.9,NA,NA,NA
2025,4,4,6,59,10,3.6,NA,NA,NA,NA,NA,1018.7,11.1,11.9,NA,NA,NA
2025,4,4,7,59,30,2.1,NA,NA,NA,NA,NA,1018.7,10.8,11.8,NA,NA,NA
2025,4,4,8,59,30,3.6,NA,NA,NA,NA,NA,1018.8,10.3,11.8,NA,NA,NA
2025,4,4,9,59,40,1,NA,NA,NA,NA,NA,1019.2,10,11.8,NA,NA,NA
2025,4,4,10,59,310,2.1,NA,NA,NA,NA,NA,1019.5,10.3,11.8,NA,NA,NA
2025,4,4,11,59,10,1.5,NA,NA,NA,NA,NA,1019.5,10.4,11.8,NA,NA,NA
2025,4,4,12,59,0,0,NA,NA,NA,NA,NA,1019.8,10.3,11.8,NA,NA,NA
2025,4,4,13,59,50,3.1,NA,NA,NA,NA,NA,1020,9.7,11.6,NA,NA,NA
2025,4,4,14,59,0,0,NA,NA,NA,NA,NA,1020.9,10.3,11.8,NA,NA,NA
2025,4,4,15,59,0,0,NA,NA,NA,NA,NA,1021.6,11,11.8,NA,NA,NA
2025,4,4,16,59,0,0,NA,NA,NA,NA,NA,1022,10.7,11.9,NA,NA,NA
2025,4,4,17,59,0,0,NA,NA,NA,NA,NA,1022.2,10.4,12,NA,NA,NA
2025,4,4,18,59,0,0,NA,NA,NA,NA,NA,1022.4,11,12.1,NA,NA,NA
2025,4,4,19,59,330,2.6,NA,NA,NA,NA,NA,1021.9,11.1,12.1,NA,NA,NA
2025,4,4,20,59,330,4.1,NA,NA,NA,NA,NA,1021.7,11.4,12.6,NA,NA,NA
2025,4,4,21,59,350,4.6,NA,NA,NA,NA,NA,1021.3,11.9,12.7,NA,NA,NA
2025,4,4,22,59,360,1.5,NA,NA,NA,NA,NA,1021.1,12.3,12.5,NA,NA,NA
2025,4,4,23,59,10,3.6,NA,NA,NA,NA,NA,1021.1,12.4,12.6,NA,NA,NA
2025,4,5,0,59,70,7.7,NA,NA,NA,NA,NA,1020.8,12.2,12.4,NA,NA,NA
2025,4,5,1,59,70,7.7,NA,NA,NA,NA,NA,1020.7,12.8,12.2,NA,NA,NA
2025,4,5,2,59,190,5.7,NA,NA,NA,NA,NA,1021.2,12.6,12.2,NA,NA,NA
2025,4,5,3,59,200,2.1,NA,NA,NA,NA,NA,1022.2,12.1,12.1,NA,NA,NA
2025,4,5,4,59,190,4.6,NA,NA,NA,NA,NA,1023.1,12,12.1,NA,NA,NA
2025,4,5,5,59,210,1.5,NA,NA,NA,NA,NA,1023.5,11.8,12.1,NA,NA,NA
2025,4,5,6,59,0,0,NA,NA,NA,NA,NA,1023.7,11.4,12.1,NA,NA,NA
2025,4,5,7,59,200,1.5,NA,NA,NA,NA,NA,1023.8,11.4,12.1,NA,NA,NA
2025,4,5,8,59,160,5.1,NA,NA,NA,NA,NA,1023.5,11.1,12.1,NA,NA,NA
2025,4,5,9,59,180,3.1,NA,NA,NA,NA,NA,1023.7,10.9,12.1,NA,NA,NA
2025,4,5,10,59,210,2.1,NA,NA,NA,NA,NA,1023.6,11.3,12,NA,NA,NA
2025,4,5,11,59,200,2.6,NA,NA,NA,NA,NA,1023.8,11,12,NA,NA,NA
2025,4,5,12,59,210,2.1,NA,NA,NA,NA,NA,1023.9,10.9,12,NA,NA,NA
2025,4,5,13,59,210,3.1,NA,NA,NA,NA,NA,1024.3,10.3,12,NA,NA,NA
2025,4,5,14,59,210,1.5,NA,NA,NA,NA,NA,1024.9,10.3,12,NA,NA,NA
2025,4,5,15,59,230,4.1,NA,NA,NA,NA,NA,1025.1,10.5,12,NA,NA,NA
2025,4,5,16,59,240,4.6,NA,NA,NA,NA,NA,1025.4,11.1,12,NA,NA,NA
2025,4,5,17,59,170,4.6,NA,NA,NA,NA,NA,1026.4,11.3,12.1,NA,NA,NA
2025,4,5,18,59,180,5.1,NA,NA,NA,NA,NA,1025.8,11,12.2,NA,NA,NA
2025,4,5,19,59,200,4.6,NA,NA,NA,NA,NA,1025.5,11.4,12.2,NA,NA,NA
2025,4,5,20,59,180,7.2,NA,NA,NA,NA,NA,1025.6,11.5,12.2,NA,NA,NA
2025,4,5,21,59,250,7.2,NA,NA,NA,NA,NA,1025,11.4,12.2,NA,NA,NA
2025,4,5,22,59,310,5.7,NA,NA,NA,NA,NA,1024.5,11.5,12.2,NA,NA,NA
2025,4,5,23,59,320,4.1,NA,NA,NA,NA,NA,1024.5,12,12.1,NA,NA,NA
2025,4,6,0,59,340,3.6,NA,NA,NA,NA,NA,1024.4,12.1,12.1,NA,NA,NA
2025,4,6,1,59,350,2.1,NA,NA,NA,NA,NA,1024.1,12.3,12.1,NA,NA,NA
2025,4,6,2,59,320,7.2,NA,NA,NA,NA,NA,1024.1,11.7,12,NA,NA,NA
2025,4,6,3,59,70,7.2,NA,NA,NA,NA,NA,1024.1,11.5,11.9,NA,NA,NA
2025,4,6,4,59,120,6.2,NA,NA,NA,NA,NA,1024.7,11.4,11.9,NA,NA,NA
2025,4,6,5,59,100,6.2,NA,NA,NA,NA,NA,1024.8,11.3,11.9,NA,NA,NA
2025,4,6,6,59,140,3.6,NA,NA,NA,NA,NA,1024.7,11.5,11.9,NA,NA,NA
2025,4,6,7,59,140,2.6,NA,NA,NA,NA,NA,1024.5,11.5,11.9,NA,NA,NA
2025,4,6,8,59,140,2.1,NA,NA,NA,NA,NA,1024.5,10.9,11.9,NA,NA,NA
2025,4,6,9,59,170,3.6,NA,NA,NA,NA,NA,1024.3,10.6,11.9,NA,NA,NA
2025,4,6,10,59,150,1.5,NA,NA,NA,NA,NA,1024,9.9,11.9,NA,NA,NA
2025,4,6,11,59,0,0,NA,NA,NA,NA,NA,1023.7,9.8,11.9,NA,NA,NA
2025,4,6,12,59,120,0.5,NA,NA,NA,NA,NA,1023.6,8.8,11.9,NA,NA,NA
2025,4,6,13,59,0,0,NA,NA,NA,NA,NA,1023.8,9.6,11.9,NA,NA,NA
2025,4,6,14,59,140,2.1,NA,NA,NA,NA,NA,1024.4,10.3,11.9,NA,NA,NA
2025,4,6,15,59,170,2.1,NA,NA,NA,NA,NA,1025.1,10,11.9,NA,NA,NA
2025,4,6,16,59,190,2.6,NA,NA,NA,NA,NA,1024.1,10.8,12,NA,NA,NA
2025,4,6,17,59,180,2.6,NA,NA,NA,NA,NA,1023.9,11.2,12.1,NA,NA,NA
2025,4,6,19,9,110,5.1,NA,NA,NA,NA,NA,1023.5,11.6,12.2,NA,NA,NA
2025,4,6,19,59,110,5.1,NA,NA,NA,NA,NA,1023.2,11.8,12.3,NA,NA,NA
2025,4,6,20,59,100,7.2,NA,NA,NA,NA,NA,1023.3,12.1,12.3,NA,NA,NA
2025,4,6,21,59,280,3.6,NA,NA,NA,NA,NA,1022.6,11.9,12.3,NA,NA,NA
2025,4,6,22,59,110,5.7,NA,NA,NA,NA,NA,1022.3,11.8,12.3,NA,NA,NA
2025,4,6,23,59,280,4.6,NA,NA,NA,NA,NA,1021.7,11.8,12.2,NA,NA,NA
2025,4,7,0,59,290,4.1,NA,NA,NA,NA,NA,1021.6,11.9,12.2,NA,NA,NA
2025,4,7,1,59,280,4.6,NA,NA,NA,NA,NA,1021.6,11.8,12.2,NA,NA,NA
2025,4,7,2,59,250,3.6,NA,NA,NA,NA,NA,1021.3,11.4,12.1,NA,NA,NA
2025,4,7,3,59,260,2.6,NA,NA,NA,NA,NA,1021.8,11.5,12.1,NA,NA,NA
2025,4,7,4,59,240,2.6,NA,NA,NA,NA,NA,1021.9,11.2,12,NA,NA,NA
2025,4,7,5,59,270,1.5,NA,NA,NA,NA,NA,1021.9,11.4,12,NA,NA,NA
2025,4,7,6,59,290,2.1,NA,NA,NA,NA,NA,1022.4,11.4,12.2,NA,NA,NA
2025,4,7,7,59,0,0,NA,NA,NA,NA,NA,1022.2,11.4,12.3,NA,NA,NA
2025,4,7,8,59,0,0,NA,NA,NA,NA,NA,1022,11.3,12.3,NA,NA,NA
2025,4,7,9,59,0,0,NA,NA,NA,NA,NA,1021.4,11,12.2,NA,NA,NA
2025,4,7,10,59,0,0,NA,NA,NA,NA,NA,1021.3,11.2,12.2,NA,NA,NA
2025,4,7,11,59,0,0,NA,NA,NA,NA,NA,1020.6,11.1,12.2,NA,NA,NA
2025,4,7,12,59,0,0,NA,NA,NA,NA,NA,1020.4,11.3,12.3,NA,NA,NA
2025,4,7,13,59,40,2.1,NA,NA,NA,NA,NA,1020.5,11.2,12.3,NA,NA,NA
2025,4,7,14,59,0,0,NA,NA,NA,NA,NA,1021.2,11.5,12.3,NA,NA,NA
2025,4,7,15,59,50,2.6,NA,NA,NA,NA,NA,1021.2,11,12.3,NA,NA,NA
2025,4,7,16,59,30,1.5,NA,NA,NA,NA,NA,1021.7,11.4,12.4,NA,NA,NA
2025,4,7,17,59,0,0,NA,NA,NA,NA,NA,1022.1,11.9,12.4,NA,NA,NA
2025,4,7,18,59,0,0,NA,NA,NA,NA,NA,1022.1,13.5,12.5,NA,NA,NA
2025,4,7,19,59,360,1.5,NA,NA,NA,NA,NA,1021.8,13.6,12.5,NA,NA,NA
2025,4,7,20,59,320,3.6,NA,NA,NA,NA,NA,1021.5,12.2,13,NA,NA,NA
2025,4,7,21,59,320,4.1,NA,NA,NA,NA,NA,1021.1,11.9,12.5,NA,NA,NA
2025,4,7,22,59,320,3.6,NA,NA,NA,NA,NA,1020.7,11.4,12.4,NA,NA,NA
2025,4,7,23,58,320,5.7,NA,NA,NA,NA,NA,1020.2,11.3,12.2,NA,NA,NA
2025,4,8,0,58,320,6.2,NA,NA,NA,NA,NA,1019.8,11.3,12.1,NA,NA,NA
2025,4,8,1,58,350,6.2,NA,NA,NA,NA,NA,1019.5,10.9,12,NA,NA,NA
2025,4,8,2,58,70,6.7,NA,NA,NA,NA,NA,1019.7,11,12,NA,NA,NA
2025,4,8,3,58,90,5.7,NA,NA,NA,NA,NA,1020.3,11.2,11.9,NA,NA,NA
2025,4,8,4,58,120,3.6,NA,NA,NA,NA,NA,1021.1,10.8,11.9,NA,NA,NA
2025,4,8,5,58,110,0.5,NA,NA,NA,NA,NA,1021.6,11.3,11.9,NA,NA,NA
2025,4,8,6,58,150,1.5,NA,NA,NA,NA,NA,1021.2,10.7,11.9,NA,NA,NA
2025,4,8,7,58,130,1,NA,NA,NA,NA,NA,1021.6,11.3,11.9,NA,NA,NA
2025,4,8,8,58,160,2.1,NA,NA,NA,NA,NA,1021.3,11.1,11.9,NA,NA,NA
2025,4,8,9,58,130,1,NA,NA,NA,NA,NA,1021.1,11.2,12,NA,NA,NA
2025,4,8,10,58,100,5.1,NA,NA,NA,NA,NA,1020.5,10.7,12.1,NA,NA,NA
2025,4,8,11,58,80,5.1,NA,NA,NA,NA,NA,1020.2,10.5,12.1,NA,NA,NA
2025,4,8,12,58,120,1,NA,NA,NA,NA,NA,1020.4,10.8,12.1,NA,NA,NA
2025,4,8,13,58,0,0,NA,NA,NA,NA,NA,1020.9,10.9,12.1,NA,NA,NA
2025,4,8,14,58,0,0,NA,NA,NA,NA,NA,1021.2,10.5,12.1,NA,NA,NA
2025,4,8,15,58,150,1,NA,NA,NA,NA,NA,1022.1,10.6,12.2,NA,NA,NA
2025,4,8,16,58,0,0,NA,NA,NA,NA,NA,1021.7,11.9,12.4,NA,NA,NA
2025,4,8,17,58,0,0,NA,NA,NA,NA,NA,1021.8,10.7,12.7,NA,NA,NA
2025,4,8,18,58,10,1,NA,NA,NA,NA,NA,1021.7,12,13,NA,NA,NA
2025,4,8,19,58,120,2.1,NA,NA,NA,NA,NA,1021.3,13.1,13.2,NA,NA,NA
2025,4,8,20,58,110,6.7,NA,NA,NA,NA,NA,1020.8,13,12.6,NA,NA,NA
2025,4,8,21,58,120,6.7,NA,NA,NA,NA,NA,1020.1,12.8,12.2,NA,NA,NA
2025,4,8,22,58,130,7.7,NA,NA,NA,NA,NA,1019.1,12.5,12,NA,NA,NA
2025,4,8,23,58,170,6.7,NA,NA,NA,NA,NA,1018.9,12.7,12,NA,NA,NA
2025,4,9,0,58,340,7.2,NA,NA,NA,NA,NA,1018.5,12.7,11.9,NA,NA,NA
2025,4,9,1,58,200,7.7,NA,NA,NA,NA,NA,1018,12.4,11.8,NA,NA,NA
2025,4,9,2,58,140,8.8,NA,NA,NA,NA,NA,1018,12.3,11.7,NA,NA,NA
2025,4,9,3,58,150,8.2,NA,NA,NA,NA,NA,1018.3,12.1,11.6,NA,NA,NA
2025,4,9,4,58,200,7.7,NA,NA,NA,NA,NA,1019.2,12,11.6,NA,NA,NA
2025,4,9,5,58,210,4.1,NA,NA,NA,NA,NA,1019.4,11.8,11.6,NA,NA,NA
2025,4,9,6,58,0,0,NA,NA,NA,NA,NA,1019.5,11.6,11.5,NA,NA,NA
2025,4,9,7,58,0,0,NA,NA,NA,NA,NA,1019.9,11.5,11.5,NA,NA,NA
2025,4,9,8,58,220,0.5,NA,NA,NA,NA,NA,1019.9,11.4,11.5,NA,NA,NA
2025,4,9,9,58,230,0.5,NA,NA,NA,NA,NA,1019.8,11.3,11.6,NA,NA,NA
2025,4,9,10,58,0,0,NA,NA,NA,NA,NA,1019.7,11.4,11.6,NA,NA,NA
2025,4,9,11,58,0,0,NA,NA,NA,NA,NA,1019.4,11.5,11.7,NA,NA,NA
2025,4,9,12,58,0,0,NA,NA,NA,NA,NA,1019.2,11.8,12.1,NA,NA,NA
2025,4,9,13,58,0,0,NA,NA,NA,NA,NA,1019.6,11.2,12.2,NA,NA,NA
2025,4,9,14,58,0,0,NA,NA,NA,NA,NA,1020.2,11.8,12.3,NA,NA,NA
2025,4,9,16,58,0,0,NA,NA,NA,NA,NA,1020.7,11.6,12.2,NA,NA,NA
2025,4,9,17,58,0,0,NA,NA,NA,NA,NA,1021.1,11.7,12.1,NA,NA,NA
2025,4,9,18,58,210,5.1,NA,NA,NA,NA,NA,1020.8,12,11.9,NA,NA,NA
2025,4,9,19,58,210,5.1,NA,NA,NA,NA,NA,1020.2,12.2,11.8,NA,NA,NA
2025,4,9,20,58,220,6.2,NA,NA,NA,NA,NA,1020,12.3,11.8,NA,NA,NA
2025,4,9,21,58,270,5.7,NA,NA,NA,NA,NA,1019.7,12.6,11.7,NA,NA,NA
2025,4,9,22,58,350,7.7,NA,NA,NA,NA,NA,1018.9,12.7,11.7,NA,NA,NA
2025,4,9,23,58,100,6.7,NA,NA,NA,NA,NA,1018.5,12.9,11.8,NA,NA,NA
2025,4,10,0,58,140,7.2,NA,NA,NA,NA,NA,1018.2,12.9,11.6,NA,NA,NA
2025,4,10,1,58,180,7.2,NA,NA,NA,NA,NA,1018.1,12.6,11.6,NA,NA,NA
2025,4,10,2,58,300,6.2,NA,NA,NA,NA,NA,1018.6,12.1,11.5,NA,NA,NA
2025,4,10,3,58,80,8.8,NA,NA,NA,NA,NA,1019,11.9,11.4,NA,NA,NA
2025,4,10,4,58,310,7.2,NA,NA,NA,NA,NA,1019.4,11.8,11.3,NA,NA,NA
2025,4,10,5,58,10,4.1,NA,NA,NA,NA,NA,1019.3,11.8,11.3,NA,NA,NA
2025,4,10,6,58,340,6.2,NA,NA,NA,NA,NA,1020,11.5,11.3,NA,NA,NA
2025,4,10,7,58,10,4.1,NA,NA,NA,NA,NA,1020.4,11.4,11.4,NA,NA,NA
2025,4,10,8,58,0,0,NA,NA,NA,NA,NA,1020.7,11.4,11.4,NA,NA,NA
2025,4,10,9,59,10,2.1,NA,NA,NA,NA,NA,1020.5,11.3,11.5,NA,NA,NA
2025,4,10,10,58,360,1.5,NA,NA,NA,NA,NA,1020.3,11.4,11.5,NA,NA,NA
2025,4,10,11,58,350,5.1,NA,NA,NA,NA,NA,1020.7,11.1,11.5,NA,NA,NA
2025,4,10,12,58,360,5.7,NA,NA,NA,NA,NA,1021.2,9.8,11.5,NA,NA,NA
2025,4,10,13,58,110,6.7,NA,NA,NA,NA,NA,1021.5,9.9,11.4,NA,NA,NA
2025,4,10,14,58,140,8.2,NA,NA,NA,NA,NA,1022.4,10.2,11.2,NA,NA,NA
2025,4,10,15,58,180,7.7,NA,NA,NA,NA,NA,1023.1,9.8,11.3,NA,NA,NA
2025,4,10,16,58,190,7.2,NA,NA,NA,NA,NA,1023.7,10.8,11.2,NA,NA,NA
2025,4,10,17,58,200,2.6,NA,NA,NA,NA,NA,1024.4,10.7,11.3,NA,NA,NA
2025,4,10,18,58,0,0,NA,NA,NA,NA,NA,1023.5,11.2,11.4,NA,NA,NA
2025,4,10,19,58,240,3.6,NA,NA,NA,NA,NA,1023,11,11.6,NA,NA,NA
2025,4,10,20,58,230,4.6,NA,NA,NA,NA,NA,1022.6,11.8,11.6,NA,NA,NA
2025,4,10,21,58,330,8.2,NA,NA,NA,NA,NA,1022.2,12.5,11.5,NA,NA,NA
2025,4,10,22,58,50,8.8,NA,NA,NA,NA,NA,1021.5,12.4,11.4,NA,NA,NA
2025,4,11,0,58,300,8.8,NA,NA,NA,NA,NA,1020.6,13.1,11.3,NA,NA,NA
2025,4,11,1,58,30,10.8,NA,NA,NA,NA,NA,1020,13.3,11.3,NA,NA,NA
2025,4,11,2,58,160,11.8,NA,NA,NA,NA,NA,1019.8,12.9,11.3,NA,NA,NA
2025,4,11,3,58,310,7.7,NA,NA,NA,NA,NA,1020.6,12.4,11.3,NA,NA,NA
2025,4,11,4,58,340,5.7,NA,NA,NA,NA,NA,1021.1,12.3,11.2,NA,NA,NA
2025,4,11,5,58,350,6.7,NA,NA,NA,NA,NA,1021.3,11.8,11.1,NA,NA,NA
2025,4,11,6,58,350,3.6,NA,NA,NA,NA,NA,1020.8,11.4,11.1,NA,NA,NA
2025,4,11,7,58,360,1,NA,NA,NA,NA,NA,1020.9,11.2,11.1,NA,NA,NA
2025,4,11,8,58,360,3.1,NA,NA,NA,NA,NA,1020.8,11.2,11.2,NA,NA,NA
2025,4,11,9,58,40,9.3,NA,NA,NA,NA,NA,1020.9,10.9,11.2,NA,NA,NA
2025,4,11,10,58,0,0,NA,NA,NA,NA,NA,1020.5,11.2,11.2,NA,NA,NA
2025,4,11,11,58,0,0,NA,NA,NA,NA,NA,1019.2,11,11.2,NA,NA,NA
2025,4,11,12,58,0,0,NA,NA,NA,NA,NA,1019.3,10.5,11.1,NA,NA,NA
2025,4,11,13,58,0,0,NA,NA,NA,NA,NA,1020.4,11.3,11.1,NA,NA,NA
2025,4,11,14,58,0,0,NA,NA,NA,NA,NA,1021.2,11.3,11.1,NA,NA,NA
2025,4,11,15,58,0,0,NA,NA,NA,NA,NA,1020.8,11.1,11,NA,NA,NA
2025,4,11,16,58,0,0,NA,NA,NA,NA,NA,1019.8,11.3,11.1,NA,NA,NA
2025,4,11,17,58,0,0,NA,NA,NA,NA,NA,1020.5,11,11.1,NA,NA,NA
2025,4,11,18,58,0,0,NA,NA,NA,NA,NA,1020.5,11.1,11.2,NA,NA,NA
2025,4,11,19,58,0,0,NA,NA,NA,NA,NA,1019.5,11.4,11,NA,NA,NA
2025,4,11,20,58,0,0,NA,NA,NA,NA,NA,1018.6,12,11.1,NA,NA,NA
2025,4,11,21,58,0,0,NA,NA,NA,NA,NA,1018,12,11.1,NA,NA,NA
2025,4,11,22,58,40,0.5,NA,NA,NA,NA,NA,1017.6,11.9,11.1,NA,NA,NA
2025,4,11,23,58,80,2.1,NA,NA,NA,NA,NA,1016.8,11.9,11,NA,NA,NA
2025,4,12,0,58,330,3.6,NA,NA,NA,NA,NA,1016.3,11.7,10.9,NA,NA,NA
2025,4,12,1,58,130,1,NA,NA,NA,NA,NA,1016.3,11.6,10.8,NA,NA,NA
2025,4,12,2,58,270,2.1,NA,NA,NA,NA,NA,1016.3,11.4,10.9,NA,NA,NA
2025,4,12,3,58,120,1.5,NA,NA,NA,NA,NA,1016.8,11.5,10.9,NA,NA,NA
2025,4,12,4,58,170,1,NA,NA,NA,NA,NA,1017.7,11.4,10.8,NA,NA,NA
2025,4,12,5,58,200,0.5,NA,NA,NA,NA,NA,1018,11.2,10.8,NA,NA,NA
2025,4,12,6,58,160,0.5,NA,NA,NA,NA,NA,1017.9,11.2,10.7,NA,NA,NA
2025,4,12,7,58,0,0,NA,NA,NA,NA,NA,1018.1,10.8,10.7,NA,NA,NA
2025,4,12,8,58,320,0.5,NA,NA,NA,NA,NA,1017.8,10.6,10.7,NA,NA,NA
2025,4,12,9,58,240,0.5,NA,NA,NA,NA,NA,1017.3,10.6,10.8,NA,NA,NA
2025,4,12,10,58,320,0.5,NA,NA,NA,NA,NA,1017.2,10.7,10.8,NA,NA,NA
2025,4,12,11,58,0,0,NA,NA,NA,NA,NA,1017.2,10.4,10.8,NA,NA,NA
2025,4,12,12,58,0,0,NA,NA,NA,NA,NA,1017.2,10.4,10.8,NA,NA,NA
2025,4,12,13,58,0,0,NA,NA,NA,NA,NA,1017.4,10,10.7,NA,NA,NA
2025,4,12,14,58,110,1,NA,NA,NA,NA,NA,1017.8,10.1,10.7,NA,NA,NA
2025,4,12,15,58,120,0.5,NA,NA,NA,NA,NA,1018,10.3,10.7,NA,NA,NA
2025,4,12,16,58,0,0,NA,NA,NA,NA,NA,1018.1,10.2,10.8,NA,NA,NA
2025,4,12,17,58,100,0.5,NA,NA,NA,NA,NA,1018.2,10.5,10.8,NA,NA,NA
2025,4,12,18,58,0,0,NA,NA,NA,NA,NA,1018.2,10.4,10.9,NA,NA,NA
2025,4,12,19,58,0,0,NA,NA,NA,NA,NA,1017.9,10.7,11.1,NA,NA,NA
2025,4,12,20,58,0,0,NA,NA,NA,NA,NA,1017.5,10.8,11.5,NA,NA,NA
2025,4,12,21,58,0,0,NA,NA,NA,NA,NA,1016.9,11,11.7,NA,NA,NA
2025,4,12,22,58,120,0.5,NA,NA,NA,NA,NA,1016.1,11,11.8,NA,NA,NA
2025,4,12,23,58,100,1,NA,NA,NA,NA,NA,1015.5,11.1,11.9,NA,NA,NA
2025,4,13,0,58,90,0.5,NA,NA,NA,NA,NA,1015.1,11.1,11.9,NA,NA,NA
2025,4,13,1,58,120,0.5,NA,NA,NA,NA,NA,1014.8,10.8,12,NA,NA,NA
2025,4,13,2,58,160,0.5,NA,NA,NA,NA,NA,1014.6,10.5,11.5,NA,NA,NA
2025,4,13,3,58,0,0,NA,NA,NA,NA,NA,1015,10.3,11,NA,NA,NA
2025,4,13,4,58,0,0,NA,NA,NA,NA,NA,1015.2,10.2,10.7,NA,NA,NA
2025,4,13,5,58,0,0,NA,NA,NA,NA,NA,1015.5,10.1,10.6,NA,NA,NA
2025,4,13,6,58,0,0,NA,NA,NA,NA,NA,1015.4,10.1,10.5,NA,NA,NA
2025,4,13,7,58,0,0,NA,NA,NA,NA,NA,1015.4,9.9,10.4,NA,NA,NA
2025,4,13,8,58,0,0,NA,NA,NA,NA,NA,1015.1,9.7,10.7,NA,NA,NA
2025,4,13,9,58,0,0,NA,NA,NA,NA,NA,1014.8,9.6,10.8,NA,NA,NA
2025,4,13,10,58,0,0,NA,NA,NA,NA,NA,1014.7,9.6,10.8,NA,NA,NA
2025,4,13,11,58,0,0,NA,NA,NA,NA,NA,1014.6,9.2,10.7,NA,NA,NA
2025,4,13,12,58,0,0,NA,NA,NA,NA,NA,1014.4,8.8,10.7,NA,NA,NA
2025,4,13,13,58,0,0,NA,NA,NA,NA,NA,1014.8,9,10.6,NA,NA,NA
2025,4,13,14,58,0,0,NA,NA,NA,NA,NA,1015,9.2,10.6,NA,NA,NA
2025,4,13,15,58,0,0,NA,NA,NA,NA,NA,1015.1,8.8,11,NA,NA,NA
2025,4,13,16,58,0,0,NA,NA,NA,NA,NA,1015.4,7.8,11.1,NA,NA,NA
2025,4,13,17,58,0,0,NA,NA,NA,NA,NA,1015.4,9.2,11.1,NA,NA,NA
2025,4,13,18,58,0,0,NA,NA,NA,NA,NA,1015.1,9.8,11.3,NA,NA,NA
2025,4,13,19,58,0,0,NA,NA,NA,NA,NA,1014.5,8.9,11.4,NA,NA,NA
2025,4,13,20,58,0,0,NA,NA,NA,NA,NA,1014.4,8.8,11.2,NA,NA,NA
2025,4,13,21,58,0,0,NA,NA,NA,NA,NA,1014.1,9.3,11.1,NA,NA,NA
2025,4,13,22,58,0,0,NA,NA,NA,NA,NA,1013.7,10.9,11.2,NA,NA,NA
2025,4,13,23,58,0,0,NA,NA,NA,NA,NA,1013.5,10.2,11.2,NA,NA,NA
2025,4,14,0,58,0,0,NA,NA,NA,NA,NA,1013.4,9.8,11.4,NA,NA,NA
2025,4,14,1,58,0,0,NA,NA,NA,NA,NA,1013.3,10.1,11.2,NA,NA,NA
2025,4,14,2,58,0,0,NA,NA,NA,NA,NA,1013.7,10.4,11.3,NA,NA,NA
2025,4,14,3,58,0,0,NA,NA,NA,NA,NA,1014.1,10.6,11.2,NA,NA,NA
2025,4,14,4,58,0,0,NA,NA,NA,NA,NA,1014.5,10.6,11.1,NA,NA,NA
2025,4,14,5,58,0,0,NA,NA,NA,NA,NA,1014.3,10.4,11,NA,NA,NA
2025,4,14,6,58,0,0,NA,NA,NA,NA,NA,1014.1,10,11,NA,NA,NA
2025,4,14,7,58,0,0,NA,NA,NA,NA,NA,1014.3,9.5,11.1,NA,NA,NA
2025,4,14,8,58,0,0,NA,NA,NA,NA,NA,1014.2,9.5,11,NA,NA,NA
2025,4,14,9,58,0,0,NA,NA,NA,NA,NA,1013.8,9.1,11,NA,NA,NA
2025,4,14,10,58,0,0,NA,NA,NA,NA,NA,1013.9,9.3,11.1,NA,NA,NA
2025,4,14,11,58,0,0,NA,NA,NA,NA,NA,1013.8,8.8,11.1,NA,NA,NA
2025,4,14,12,58,0,0,NA,NA,NA,NA,NA,1013.5,8.5,11.2,NA,NA,NA
2025,4,14,13,58,0,0,NA,NA,NA,NA,NA,1013.7,8.5,11.3,NA,NA,NA
2025,4,14,14,58,0,0,NA,NA,NA,NA,NA,1014.2,8.6,11.2,NA,NA,NA
2025,4,14,15,58,0,0,NA,NA,NA,NA,NA,1014.5,8.8,10.9,NA,NA,NA
2025,4,14,16,58,0,0,NA,NA,NA,NA,NA,1015.2,8.9,10.8,NA,NA,NA
2025,4,14,17,58,0,0,NA,NA,NA,NA,NA,1015.9,9.2,10.8,NA,NA,NA
2025,4,14,18,58,0,0,NA,NA,NA,NA,NA,1016.2,9.9,10.7,NA,NA,NA
2025,4,14,19,58,0,0,NA,NA,NA,NA,NA,1016.1,10.1,10.6,NA,NA,NA
2025,4,14,20,58,0,0,NA,NA,NA,NA,NA,1016.3,10.6,10.7,NA,NA,NA
2025,4,14,21,58,0,0,NA,NA,NA,NA,NA,1016.3,10.7,10.7,NA,NA,NA
2025,4,14,22,58,0,0,NA,NA,NA,NA,NA,1015,10.7,10.6,NA,NA,NA
2025,4,14,23,58,0,0,NA,NA,NA,NA,NA,1014.8,10.7,10.6,NA,NA,NA
2025,4,15,0,58,0,0,NA,NA,NA,NA,NA,1014.8,11,10.9,NA,NA,NA
2025,4,15,1,58,0,0,NA,NA,NA,NA,NA,1015,11.2,10.8,NA,NA,NA
2025,4,15,2,58,0,0,NA,NA,NA,NA,NA,1015.1,11.3,10.5,NA,NA,NA
2025,4,15,3,58,0,0,NA,NA,NA,NA,NA,1015.5,11,10.6,NA,NA,NA
2025,4,15,4,58,0,0,NA,NA,NA,NA,NA,1015.8,11.3,10.6,NA,NA,NA
2025,4,15,5,58,0,0,NA,NA,NA,NA,NA,1016,10.9,10.7,NA,NA,NA
2025,4,15,6,58,0,0,NA,NA,NA,NA,NA,1016.3,10.9,10.7,NA,NA,NA
2025,4,15,7,58,0,0,NA,NA,NA,NA,NA,1015.9,10.9,10.9,NA,NA,NA
2025,4,15,8,58,0,0,NA,NA,NA,NA,NA,1015.7,10.8,11,NA,NA,NA
2025,4,15,9,58,0,0,NA,NA,NA,NA,NA,1015.1,10.7,11.2,NA,NA,NA
2025,4,15,10,58,0,0,NA,NA,NA,NA,NA,1015.4,10.6,11,NA,NA,NA
2025,4,15,11,58,0,0,NA,NA,NA,NA,NA,1015.4,10.6,11.1,NA,NA,NA
2025,4,15,12,58,0,0,NA,NA,NA,NA,NA,1015.5,10.8,10.9,NA,NA,NA
2025,4,15,13,58,0,0,NA,NA,NA,NA,NA,1015.8,10.9,10.9,NA,NA,NA
2025,4,15,14,58,0,0,NA,NA,NA,NA,NA,1016.6,11.4,11,NA,NA,NA
2025,4,15,15,58,0,0,NA,NA,NA,NA,NA,1017,11.4,11.4,NA,NA,NA
2025,4,15,16,58,0,0,NA,NA,NA,NA,NA,1017.4,11.7,11.4,NA,NA,NA
2025,4,15,17,58,0,0,NA,NA,NA,NA,NA,1017.7,11.8,11.5,NA,NA,NA
2025,4,15,18,58,0,0,NA,NA,NA,NA,NA,1017.5,11.9,11.5,NA,NA,NA
2025,4,15,19,58,0,0,NA,NA,NA,NA,NA,1017.3,12.6,11.9,NA,NA,NA
2025,4,15,20,58,0,0,NA,NA,NA,NA,NA,1017.1,12.5,11.8,NA,NA,NA
2025,4,15,21,58,0,0,NA,NA,NA,NA,NA,1016.6,12.8,12,NA,NA,NA
2025,4,15,22,58,0,0,NA,NA,NA,NA,NA,1016,12.6,12.2,NA,NA,NA
2025,4,15,23,58,0,0,NA,NA,NA,NA,NA,1015.6,12.8,12.1,NA,NA,NA
2025,4,16,0,58,0,0,NA,NA,NA,NA,NA,1015.4,12.5,12.1,NA,NA,NA
2025,4,16,1,58,0,0,NA,NA,NA,NA,NA,1015,12.3,12.2,NA,NA,NA
2025,4,16,2,58,0,0,NA,NA,NA,NA,NA,1014.7,12.3,12,NA,NA,NA
2025,4,16,3,58,0,0,NA,NA,NA,NA,NA,1015,11.9,11.9,NA,NA,NA
2025,4,16,4,58,0,0,NA,NA,NA,NA,NA,1015.4,12.3,12.4,NA,NA,NA
2025,4,16,5,58,0,0,NA,NA,NA,NA,NA,1015.5,12,12.3,NA,NA,NA
2025,4,16,6,58,0,0,NA,NA,NA,NA,NA,1015,12,12.1,NA,NA,NA
2025,4,16,7,58,0,0,NA,NA,NA,NA,NA,1015.1,11.5,12.1,NA,NA,NA
2025,4,16,8,58,0,0,NA,NA,NA,NA,NA,1014.6,11.2,11.9,NA,NA,NA
2025,4,16,9,58,0,0,NA,NA,NA,NA,NA,1014,11.2,11.8,NA,NA,NA
2025,4,16,10,58,0,0,NA,NA,NA,NA,NA,1013.8,11,11.8,NA,NA,NA
2025,4,16,11,58,0,0,NA,NA,NA,NA,NA,1013.7,10.8,11.7,NA,NA,NA
2025,4,16,12,58,0,0,NA,NA,NA,NA,NA,1013.8,10.8,11.7,NA,NA,NA
2025,4,16,13,58,0,0,NA,NA,NA,NA,NA,1013.9,10.8,11.7,NA,NA,NA
2025,4,16,14,58,0,0,NA,NA,NA,NA,NA,1014.3,11.4,11.6,NA,NA,NA
2025,4,16,15,58,0,0,NA,NA,NA,NA,NA,1014.5,11.6,11.7,NA,NA,NA
2025,4,16,16,58,0,0,NA,NA,NA,NA,NA,1014.6,11.7,11.8,NA,NA,NA
2025,4,16,17,58,0,0,NA,NA,NA,NA,NA,1014.9,11.4,11.2,NA,NA,NA
2025,4,16,18,58,0,0,NA,NA,NA,NA,NA,1015.1,12.2,11.9,NA,NA,NA
2025,4,16,19,58,0,0,NA,NA,NA,NA,NA,1014.7,12.9,12.4,NA,NA,NA
2025,4,16,20,58,0,0,NA,NA,NA,NA,NA,1014.5,13,12.9,NA,NA,NA
2025,4,16,21,58,0,0,NA,NA,NA,NA,NA,1014.4,13.1,13.3,NA,NA,NA
2025,4,16,22,58,0,0,NA,NA,NA,NA,NA,1014,13.1,13.4,NA,NA,NA
2025,4,16,23,58,0,0,NA,NA,NA,NA,NA,1014.2,13.5,13.3,NA,NA,NA
2025,4,17,0,58,0,0,NA,NA,NA,NA,NA,1014,13.2,13.1,NA,NA,NA
2025,4,17,1,58,0,0,NA,NA,NA,NA,NA,1013.8,13,13.1,NA,NA,NA
2025,4,17,2,58,0,0,NA,NA,NA,NA,NA,1013.9,12.8,13.1,NA,NA,NA
2025,4,17,3,58,0,0,NA,NA,NA,NA,NA,1014.1,12.7,12.9,NA,NA,NA
2025,4,17,4,58,0,0,NA,NA,NA,NA,NA,1014.5,12.5,12.7,NA,NA,NA
2025,4,17,5,58,0,0,NA,NA,NA,NA,NA,1014.4,12.5,12.6,NA,NA,NA
2025,4,17,6,58,0,0,NA,NA,NA,NA,NA,1014.4,12.4,12.4,NA,NA,NA
2025,4,17,7,58,0,0,NA,NA,NA,NA,NA,1014.5,12.4,12.8,NA,NA,NA
2025,4,17,8,58,0,0,NA,NA,NA,NA,NA,1014,12.4,12.8,NA,NA,NA
2025,4,17,9,58,0,0,NA,NA,NA,NA,NA,1013.6,12.3,12.6,NA,NA,NA
2025,4,17,10,58,0,0,NA,NA,NA,NA,NA,1013.7,12.2,12.5,NA,NA,NA
2025,4,17,11,58,0,0,NA,NA,NA,NA,NA,1013.4,12.3,12.5,NA,NA,NA
2025,4,17,12,58,0,0,NA,NA,NA,NA,NA,1013.6,12.5,12.5,NA,NA,NA
2025,4,17,13,58,0,0,NA,NA,NA,NA,NA,1013.9,11.9,12.4,NA,NA,NA
2025,4,17,14,58,0,0,NA,NA,NA,NA,NA,1014.3,12.2,12.4,NA,NA,NA
2025,4,17,15,58,0,0,NA,NA,NA,NA,NA,1014.7,11.4,12.3,NA,NA,NA
2025,4,17,16,58,0,0,NA,NA,NA,NA,NA,1015.6,11.4,12.3,NA,NA,NA
2025,4,17,17,58,0,0,NA,NA,NA,NA,NA,1016.4,11.7,12.5,NA,NA,NA
2025,4,17,18,58,0,0,NA,NA,NA,NA,NA,1016.3,11.4,12.6,NA,NA,NA
2025,4,17,19,58,0,0,NA,NA,NA,NA,NA,1016.4,10.9,12.6,NA,NA,NA
2025,4,17,20,58,0,0,NA,NA,NA,NA,NA,1016.3,11.1,12.6,NA,NA,NA
2025,4,17,21,58,0,0,NA,NA,NA,NA,NA,1015.4,11.7,12.7,NA,NA,NA
2025,4,17,22,58,0,0,NA,NA,NA,NA,NA,1015.1,11.9,12.8,NA,NA,NA
2025,4,17,23,58,0,0,NA,NA,NA,NA,NA,1014.8,12.1,12.8,NA,NA,NA
2025,4,18,0,58,0,0,NA,NA,NA,NA,NA,1014.7,12.2,12.7,NA,NA,NA
2025,4,18,1,58,0,0,NA,NA,NA,NA,NA,1014.5,11.8,12.6,NA,NA,NA
2025,4,18,2,58,0,0,NA,NA,NA,NA,NA,1014.4,11.8,12.5,NA,NA,NA
2025,4,18,3,58,0,0,NA,NA,NA,NA,NA,1014.9,11.8,12.5,NA,NA,NA
2025,4,18,4,58,0,0,NA,NA,NA,NA,NA,1015.1,11.6,12.2,NA,NA,NA
2025,4,18,5,58,0,0,NA,NA,NA,NA,NA,1015.2,11.8,12.2,NA,NA,NA
2025,4,18,6,58,0,0,NA,NA,NA,NA,NA,1015.2,11.6,12.1,NA,NA,NA
2025,4,18,7,58,0,0,NA,NA,NA,NA,NA,1015.5,11.3,12.2,NA,NA,NA
2025,4,18,8,58,0,0,NA,NA,NA,NA,NA,1015.2,11.3,12.3,NA,NA,NA
2025,4,18,9,58,0,0,NA,NA,NA,NA,NA,1015.3,11,12.2,NA,NA,NA
2025,4,18,10,58,0,0,NA,NA,NA,NA,NA,1015,11.3,12.3,NA,NA,NA
2025,4,18,11,58,0,0,NA,NA,NA,NA,NA,1014.8,11.2,12.3,NA,NA,NA
2025,4,18,12,58,0,0,NA,NA,NA,NA,NA,1015.2,11.2,12.5,NA,NA,NA
2025,4,18,13,58,0,0,NA,NA,NA,NA,NA,1015.7,11.2,12.6,NA,NA,NA
2025,4,18,14,58,0,0,NA,NA,NA,NA,NA,1016.3,11.3,12.6,NA,NA,NA
2025,4,18,15,58,0,0,NA,NA,NA,NA,NA,1016.8,11.3,12.6,NA,NA,NA
2025,4,18,16,58,0,0,NA,NA,NA,NA,NA,1017.1,11.4,12.6,NA,NA,NA
2025,4,18,17,58,0,0,NA,NA,NA,NA,NA,1017.4,11.4,12.6,NA,NA,NA
2025,4,18,18,58,0,0,NA,NA,NA,NA,NA,1017.4,12.8,12.8,NA,NA,NA
2025,4,18,19,58,0,0,NA,NA,NA,NA,NA,1017.1,12.5,13,NA,NA,NA
2025,4,18,20,58,0,0,NA,NA,NA,NA,NA,1016.7,12.2,13.4,NA,NA,NA
2025,4,18,21,58,0,0,NA,NA,NA,NA,NA,1016.3,12.6,13.2,NA,NA,NA
2025,4,18,22,58,0,0,NA,NA,NA,NA,NA,1015.9,12.4,13.2,NA,NA,NA
2025,4,18,23,58,0,0,NA,NA,NA,NA,NA,1015.6,12.6,13.4,NA,NA,NA
2025,4,19,0,58,0,0,NA,NA,NA,NA,NA,1015.8,12,13.3,NA,NA,NA
2025,4,19,1,58,0,0,NA,NA,NA,NA,NA,1015.4,11.8,13.2,NA,NA,NA
2025,4,19,2,58,0,0,NA,NA,NA,NA,NA,1015.7,11.4,13,NA,NA,NA
2025,4,19,3,58,0,0,NA,NA,NA,NA,NA,1016.8,11,13,NA,NA,NA
2025,4,19,4,58,0,0,NA,NA,NA,NA,NA,1016.8,11,12.8,NA,NA,NA
2025,4,19,5,58,0,0,NA,NA,NA,NA,NA,1017.1,11.2,12.7,NA,NA,NA
2025,4,19,6,58,0,0,NA,NA,NA,NA,NA,1017.3,11.4,12.6,NA,NA,NA
2025,4,19,7,58,0,0,NA,NA,NA,NA,NA,1017.5,11.4,12.5,NA,NA,NA
2025,4,19,8,58,0,0,NA,NA,NA,NA,NA,1017.5,10.8,12.5,NA,NA,NA
2025,4,19,9,58,0,0,NA,NA,NA,NA,NA,1017.5,10.3,12.5,NA,NA,NA
2025,4,19,10,58,0,0,NA,NA,NA,NA,NA,1017.7,10.2,12.5,NA,NA,NA
2025,4,19,11,58,0,0,NA,NA,NA,NA,NA,1018.1,9.9,12.5,NA,NA,NA
2025,4,19,12,58,0,0,NA,NA,NA,NA,NA,1018.7,9.9,12.5,NA,NA,NA
2025,4,19,13,58,0,0,NA,NA,NA,NA,NA,1019.6,10.3,12.4,NA,NA,NA
2025,4,19,14,58,0,0,NA,NA,NA,NA,NA,1020.2,10.6,12.4,NA,NA,NA
2025,4,19,15,58,0,0,NA,NA,NA,NA,NA,1021,11,12.4,NA,NA,NA
2025,4,19,16,58,0,0,NA,NA,NA,NA,NA,1021.3,10.9,12.6,NA,NA,NA
2025,4,19,17,58,0,0,NA,NA,NA,NA,NA,1021.6,11,12.6,NA,NA,NA
2025,4,19,18,58,0,0,NA,NA,NA,NA,NA,1021.8,11.2,12.7,NA,NA,NA
2025,4,19,19,58,0,0,NA,NA,NA,NA,NA,1021.5,11.9,13,NA,NA,NA
2025,4,19,20,58,0,0,NA,NA,NA,NA,NA,1021.6,12.1,13,NA,NA,NA
2025,4,19,21,58,0,0,NA,NA,NA,NA,NA,1021.4,12.1,12.9,NA,NA,NA
2025,4,19,22,58,0,0,NA,NA,NA,NA,NA,1020.9,12.2,13.1,NA,NA,NA
2025,4,19,23,58,0,0,NA,NA,NA,NA,NA,1020.4,12.2,13.4,NA,NA,NA
2025,4,20,0,58,0,0,NA,NA,NA,NA,NA,1020.2,12.2,13.4,NA,NA,NA
2025,4,20,1,58,0,0,NA,NA,NA,NA,NA,1020,12.1,13.4,NA,NA,NA
2025,4,20,2,58,0,0,NA,NA,NA,NA,NA,1020,12.1,13.5,NA,NA,NA
2025,4,20,3,58,0,0,NA,NA,NA,NA,NA,1020.4,11.9,13.5,NA,NA,NA
2025,4,20,4,58,0,0,NA,NA,NA,NA,NA,1020.7,11.5,13.4,NA,NA,NA
2025,4,20,5,58,0,0,NA,NA,NA,NA,NA,1020.5,11.4,13.4,NA,NA,NA
2025,4,20,6,58,0,0,NA,NA,NA,NA,NA,1020.3,11.2,13.3,NA,NA,NA
2025,4,20,7,58,0,0,NA,NA,NA,NA,NA,1020,11,13.2,NA,NA,NA
2025,4,20,8,58,0,0,NA,NA,NA,NA,NA,1019.4,10.8,13.2,NA,NA,NA
2025,4,20,9,58,0,0,NA,NA,NA,NA,NA,1018.7,10.6,13.3,NA,NA,NA
2025,4,20,10,58,0,0,NA,NA,NA,NA,NA,1018.6,10.8,13.3,NA,NA,NA
2025,4,20,11,58,0,0,NA,NA,NA,NA,NA,1018.5,10.7,13.3,NA,NA,NA
2025,4,20,12,58,0,0,NA,NA,NA,NA,NA,1018.4,10.4,13.2,NA,NA,NA
2025,4,20,13,58,0,0,NA,NA,NA,NA,NA,1018.8,10.3,13.2,NA,NA,NA
2025,4,20,14,58,0,0,NA,NA,NA,NA,NA,1019,10.4,13.2,NA,NA,NA
2025,4,20,15,58,0,0,NA,NA,NA,NA,NA,1019.2,10.4,13.2,NA,NA,NA
2025,4,20,16,58,0,0,NA,NA,NA,NA,NA,1019.4,10.7,13.2,NA,NA,NA
2025,4,20,19,8,0,0,NA,NA,NA,NA,NA,1019.3,11.3,13.5,NA,NA,NA
2025,4,20,19,58,0,0,NA,NA,NA,NA,NA,1019.1,10.9,13.4,NA,NA,NA
2025,4,20,20,58,0,0,NA,NA,NA,NA,NA,1018.8,11.2,13.5,NA,NA,NA
2025,4,20,21,58,0,0,NA,NA,NA,NA,NA,1018.5,11.6,13.7,NA,NA,NA
2025,4,20,22,58,0,0,NA,NA,NA,NA,NA,1017.9,11.7,13.7,NA,NA,NA
2025,4,20,23,58,0,0,NA,NA,NA,NA,NA,1017.7,11.7,13.8,NA,NA,NA
2025,4,21,0,58,0,0,NA,NA,NA,NA,NA,1017.5,11.2,13.8,NA,NA,NA
2025,4,21,1,58,0,0,NA,NA,NA,NA,NA,1017,11.3,13.8,NA,NA,NA
2025,4,21,2,58,0,0,NA,NA,NA,NA,NA,1017,11,13.7,NA,NA,NA
2025,4,21,3,58,0,0,NA,NA,NA,NA,NA,1017.4,10.8,13.6,NA,NA,NA
2025,4,21,4,58,0,0,NA,NA,NA,NA,NA,1017.5,10.7,13.6,NA,NA,NA
2025,4,21,5,58,0,0,NA,NA,NA,NA,NA,1017.3,10.4,13.4,NA,NA,NA
2025,4,21,6,58,0,0,NA,NA,NA,NA,NA,1017.1,10.5,13.4,NA,NA,NA
2025,4,21,7,58,0,0,NA,NA,NA,NA,NA,1016.9,10,13.4,NA,NA,NA
2025,4,21,8,58,0,0,NA,NA,NA,NA,NA,1016.5,10,13.3,NA,NA,NA
2025,4,21,9,58,0,0,NA,NA,NA,NA,NA,1016.3,9.7,13.4,NA,NA,NA
2025,4,21,10,58,0,0,NA,NA,NA,NA,NA,1015.9,9.6,13.4,NA,NA,NA
2025,4,21,11,58,0,0,NA,NA,NA,NA,NA,1015.7,9.9,13.5,NA,NA,NA
2025,4,21,12,58,0,0,NA,NA,NA,NA,NA,1015.5,9.9,13.4,NA,NA,NA
2025,4,21,13,58,0,0,NA,NA,NA,NA,NA,1015.7,10,13.5,NA,NA,NA
2025,4,21,14,58,0,0,NA,NA,NA,NA,NA,1016,10,13.5,NA,NA,NA
2025,4,21,15,58,0,0,NA,NA,NA,NA,NA,1016.3,9.8,13.5,NA,NA,NA
2025,4,21,16,58,0,0,NA,NA,NA,NA,NA,1016.5,10,13.6,NA,NA,NA
2025,4,21,17,58,0,0,NA,NA,NA,NA,NA,1016.6,10,13.7,NA,NA,NA
2025,4,21,18,58,0,0,NA,NA,NA,NA,NA,1016.4,10.1,13.8,NA,NA,NA
2025,4,21,19,58,0,0,NA,NA,NA,NA,NA,1015.9,10.6,14.1,NA,NA,NA
2025,4,21,20,58,0,0,NA,NA,NA,NA,NA,1015.4,11.3,14,NA,NA,NA
2025,4,21,21,58,0,0,NA,NA,NA,NA,NA,1014.9,11.4,14,NA,NA,NA
2025,4,21,22,58,0,0,NA,NA,NA,NA,NA,1014.6,11.1,13.7,NA,NA,NA
2025,4,21,23,58,0,0,NA,NA,NA,NA,NA,1014.2,11,13.4,NA,NA,NA
2025,4,22,0,58,0,0,NA,NA,NA,NA,NA,1014,10.9,13.2,NA,NA,NA
2025,4,22,1,58,0,0,NA,NA,NA,NA,NA,1013.9,10.5,13.1,NA,NA,NA
2025,4,22,2,58,0,0,NA,NA,NA,NA,NA,1014,10.3,12.9,NA,NA,NA
2025,4,22,3,58,0,0,NA,NA,NA,NA,NA,1014.3,10.1,12.8,NA,NA,NA
2025,4,22,4,58,0,0,NA,NA,NA,NA,NA,1014.6,10.2,12.7,NA,NA,NA
2025,4,22,5,58,0,0,NA,NA,NA,NA,NA,1014.6,9.9,12.7,NA,NA,NA
2025,4,22,6,58,0,0,NA,NA,NA,NA,NA,1014.7,10,12.8,NA,NA,NA
2025,4,22,7,58,0,0,NA,NA,NA,NA,NA,1014.6,9.9,12.8,NA,NA,NA
2025,4,22,8,58,0,0,NA,NA,NA,NA,NA,1014.2,9.8,12.8,NA,NA,NA
2025,4,22,9,58,0,0,NA,NA,NA,NA,NA,1013.9,9.7,12.8,NA,NA,NA
2025,4,22,10,58,0,0,NA,NA,NA,NA,NA,1013.7,9.5,12.8,NA,NA,NA
2025,4,22,11,58,0,0,NA,NA,NA,NA,NA,1013.5,9.8,12.7,NA,NA,NA
2025,4,22,12,58,0,0,NA,NA,NA,NA,NA,1013.4,9.7,12.6,NA,NA,NA
2025,4,22,13,58,0,0,NA,NA,NA,NA,NA,1013.9,9.6,12.6,NA,NA,NA
2025,4,22,14,58,0,0,NA,NA,NA,NA,NA,1014.3,9.4,12.6,NA,NA,NA
2025,4,22,15,58,0,0,NA,NA,NA,NA,NA,1014.9,9.7,12.7,NA,NA,NA
2025,4,22,16,58,0,0,NA,NA,NA,NA,NA,1015.4,10.4,12.7,NA,NA,NA
2025,4,22,17,58,0,0,NA,NA,NA,NA,NA,1015.8,10.6,12.8,NA,NA,NA
2025,4,22,18,58,0,0,NA,NA,NA,NA,NA,1015.9,11.2,12.9,NA,NA,NA
2025,4,22,19,58,0,0,NA,NA,NA,NA,NA,1015.9,11.5,13,NA,NA,NA
2025,4,22,20,58,0,0,NA,NA,NA,NA,NA,1014.9,11.9,13,NA,NA,NA
2025,4,22,21,58,0,0,NA,NA,NA,NA,NA,1014.5,11.9,13,NA,NA,NA
2025,4,22,22,58,0,0,NA,NA,NA,NA,NA,1014,12.2,13,NA,NA,NA
2025,4,22,23,58,0,0,NA,NA,NA,NA,NA,1013.6,12.2,13.1,NA,NA,NA
2025,4,23,0,58,0,0,NA,NA,NA,NA,NA,1013.4,11.9,13.1,NA,NA,NA
2025,4,23,1,58,0,0,NA,NA,NA,NA,NA,1013,11.7,13.4,NA,NA,NA
2025,4,23,2,58,0,0,NA,NA,NA,NA,NA,1013.1,11.4,13.4,NA,NA,NA
2025,4,23,3,58,0,0,NA,NA,NA,NA,NA,1013.5,11,13.3,NA,NA,NA
2025,4,23,4,58,0,0,NA,NA,NA,NA,NA,1014,10.5,13.3,NA,NA,NA
2025,4,23,5,58,0,0,NA,NA,NA,NA,NA,1014.1,11.2,13.3,NA,NA,NA
2025,4,23,6,58,0,0,NA,NA,NA,NA,NA,1013.9,11.3,13.3,NA,NA,NA
2025,4,23,7,58,0,0,NA,NA,NA,NA,NA,1014.1,11.2,13.2,NA,NA,NA
2025,4,23,8,58,0,0,NA,NA,NA,NA,NA,1013.8,11.1,13.1,NA,NA,NA
2025,4,23,9,58,0,0,NA,NA,NA,NA,NA,1013.5,10.9,13,NA,NA,NA
2025,4,23,10,58,0,0,NA,NA,NA,NA,NA,1013.4,11,13,NA,NA,NA
2025,4,23,11,58,0,0,NA,NA,NA,NA,NA,1013.3,10.8,12.9,NA,NA,NA
2025,4,23,12,58,0,0,NA,NA,NA,NA,NA,1013.4,10.8,12.9,NA,NA,NA
2025,4,23,13,58,0,0,NA,NA,NA,NA,NA,1013.9,10.7,12.9,NA,NA,NA
2025,4,23,14,58,0,0,NA,NA,NA,NA,NA,1014.3,10.7,12.9,NA,NA,NA
2025,4,23,15,58,0,0,NA,NA,NA,NA,NA,1014.8,10.6,12.9,NA,NA,NA
2025,4,23,16,58,0,0,NA,NA,NA,NA,NA,1015.4,10.7,12.8,NA,NA,NA
2025,4,23,17,58,0,0,NA,NA,NA,NA,NA,1015.7,11.1,12.8,NA,NA,NA
2025,4,23,18,58,0,0,NA,NA,NA,NA,NA,1015.9,11.2,12.9,NA,NA,NA
2025,4,23,19,58,0,0,NA,NA,NA,NA,NA,1016,11.5,12.9,NA,NA,NA
2025,4,23,20,58,0,0,NA,NA,NA,NA,NA,1015.9,11.7,13,NA,NA,NA
2025,4,23,21,58,0,0,NA,NA,NA,NA,NA,1015.7,11.8,13.1,NA,NA,NA
2025,4,23,22,58,0,0,NA,NA,NA,NA,NA,1015.6,11.9,13.1,NA,NA,NA
2025,4,23,23,58,0,0,NA,NA,NA,NA,NA,1015.1,12,13.2,NA,NA,NA
2025,4,24,0,58,0,0,NA,NA,NA,NA,NA,1015.2,11.7,13.2,NA,NA,NA
2025,4,24,1,58,0,0,NA,NA,NA,NA,NA,1015.1,11.8,13.2,NA,NA,NA
2025,4,24,2,58,0,0,NA,NA,NA,NA,NA,1014.9,11.7,13.1,NA,NA,NA
2025,4,24,3,58,0,0,NA,NA,NA,NA,NA,1015.4,11.6,13,NA,NA,NA
2025,4,24,4,58,0,0,NA,NA,NA,NA,NA,1016.1,11.5,13,NA,NA,NA
2025,4,24,5,58,0,0,NA,NA,NA,NA,NA,1016.4,11.3,12.8,NA,NA,NA
2025,4,24,6,58,0,0,NA,NA,NA,NA,NA,1016.1,11.2,12.6,NA,NA,NA
2025,4,24,7,58,0,0,NA,NA,NA,NA,NA,1016.3,11.1,12.5,NA,NA,NA
2025,4,24,8,58,0,0,NA,NA,NA,NA,NA,1016,10.9,12.3,NA,NA,NA
2025,4,24,9,58,0,0,NA,NA,NA,NA,NA,1015.8,10.8,12.3,NA,NA,NA
2025,4,24,10,58,0,0,NA,NA,NA,NA,NA,1015.8,10.9,12.3,NA,NA,NA
2025,4,24,11,58,0,0,NA,NA,NA,NA,NA,1015.5,10.7,12.3,NA,NA,NA
2025,4,24,12,58,0,0,NA,NA,NA,NA,NA,1015.5,10.6,12.2,NA,NA,NA
2025,4,24,13,58,0,0,NA,NA,NA,NA,NA,1015.7,10.6,12.2,NA,NA,NA
2025,4,24,14,58,0,0,NA,NA,NA,NA,NA,1016.1,10.7,12.1,NA,NA,NA
2025,4,24,15,58,0,0,NA,NA,NA,NA,NA,1016.5,10.8,12.2,NA,NA,NA
2025,4,24,16,58,0,0,NA,NA,NA,NA,NA,1016.8,10.6,12.3,NA,NA,NA
2025,4,24,17,58,0,0,NA,NA,NA,NA,NA,1017.3,11,12.5,NA,NA,NA
2025,4,24,18,58,0,0,NA,NA,NA,NA,NA,1017.1,11,12.5,NA,NA,NA
2025,4,24,19,58,0,0,NA,NA,NA,NA,NA,1016.7,10.9,12.5,NA,NA,NA
2025,4,24,20,58,0,0,NA,NA,NA,NA,NA,1016.4,11.2,12.4,NA,NA,NA
2025,4,24,21,58,0,0,NA,NA,NA,NA,NA,1015.8,11.4,12.4,NA,NA,NA
2025,4,24,22,58,0,0,NA,NA,NA,NA,NA,1015.2,11.6,12.5,NA,NA,NA
2025,4,24,23,58,0,0,NA,NA,NA,NA,NA,1014.5,11.6,12.6,NA,NA,NA
2025,4,25,0,58,0,0,NA,NA,NA,NA,NA,1014.2,11.7,12.5,NA,NA,NA
2025,4,25,1,58,0,0,NA,NA,NA,NA,NA,1013.7,11.5,12.2,NA,NA,NA
2025,4,25,2,58,0,0,NA,NA,NA,NA,NA,1014,11.4,12.2,NA,NA,NA
2025,4,25,3,58,0,0,NA,NA,NA,NA,NA,1013.9,11.3,12.1,NA,NA,NA
2025,4,25,4,58,0,0,NA,NA,NA,NA,NA,1014.3,11.2,12.1,NA,NA,NA
2025,4,25,5,58,0,0,NA,NA,NA,NA,NA,1014.5,11.4,12.1,NA,NA,NA
2025,4,25,6,58,0,0,NA,NA,NA,NA,NA,1014.5,11.3,12.1,NA,NA,NA
2025,4,25,7,58,0,0,NA,NA,NA,NA,NA,1014.5,11.1,12.1,NA,NA,NA
2025,4,25,8,58,0,0,NA,NA,NA,NA,NA,1014.1,11.2,12.1,NA,NA,NA
2025,4,25,9,58,0,0,NA,NA,NA,NA,NA,1013.8,10.9,12.1,NA,NA,NA
2025,4,25,10,58,0,0,NA,NA,NA,NA,NA,1013.8,11.1,12,NA,NA,NA
2025,4,25,11,58,0,0,NA,NA,NA,NA,NA,1013.7,10.7,12,NA,NA,NA
2025,4,25,12,58,0,0,NA,NA,NA,NA,NA,1013.7,11,12,NA,NA,NA
2025,4,25,13,58,0,0,NA,NA,NA,NA,NA,1013.8,10.7,12,NA,NA,NA
2025,4,25,14,58,0,0,NA,NA,NA,NA,NA,1014.2,11,12,NA,NA,NA
2025,4,25,15,58,0,0,NA,NA,NA,NA,NA,1014.4,11.2,12.1,NA,NA,NA
2025,4,25,16,58,0,0,NA,NA,NA,NA,NA,1014.7,11.2,12.1,NA,NA,NA
2025,4,25,17,58,0,0,NA,NA,NA,NA,NA,1015.2,10.6,12.1,NA,NA,NA
2025,4,25,18,58,0,0,NA,NA,NA,NA,NA,1015.4,11.2,12.1,NA,NA,NA
2025,4,25,19,58,0,0,NA,NA,NA,NA,NA,1015.4,11.6,12.3,NA,NA,NA
2025,4,25,20,58,0,0,NA,NA,NA,NA,NA,1015.4,11.7,12.4,NA,NA,NA
2025,4,25,21,58,0,0,NA,NA,NA,NA,NA,1015.5,12.1,12.7,NA,NA,NA
2025,4,25,22,58,0,0,NA,NA,NA,NA,NA,1014.7,12.4,12.9,NA,NA,NA
2025,4,25,23,58,0,0,NA,NA,NA,NA,NA,1014.1,12.4,13.1,NA,NA,NA
2025,4,26,0,58,0,0,NA,NA,NA,NA,NA,1014,11.9,13.2,NA,NA,NA
2025,4,26,1,58,0,0,NA,NA,NA,NA,NA,1013.6,11.9,13.3,NA,NA,NA
2025,4,26,2,58,0,0,NA,NA,NA,NA,NA,1013.1,11.6,13.4,NA,NA,NA
2025,4,26,3,58,0,0,NA,NA,NA,NA,NA,1013.2,11.6,13.1,NA,NA,NA
2025,4,26,4,58,0,0,NA,NA,NA,NA,NA,1013.4,11.6,12.9,NA,NA,NA
2025,4,26,5,58,0,0,NA,NA,NA,NA,NA,1013.3,11.6,12.9,NA,NA,NA
2025,4,26,6,58,0,0,NA,NA,NA,NA,NA,1013,11.6,12.9,NA,NA,NA
2025,4,26,7,58,0,0,NA,NA,NA,NA,NA,1012.8,11.4,12.8,NA,NA,NA
2025,4,26,8,58,0,0,NA,NA,NA,NA,NA,1012.4,10.9,12.7,NA,NA,NA
2025,4,26,9,58,0,0,NA,NA,NA,NA,NA,1011.7,10.5,12.6,NA,NA,NA
2025,4,26,10,58,0,0,NA,NA,NA,NA,NA,1011.4,11,12.5,NA,NA,NA
2025,4,26,11,58,0,0,NA,NA,NA,NA,NA,1011.4,10.6,12.4,NA,NA,NA
2025,4,26,12,58,0,0,NA,NA,NA,NA,NA,1011.4,10.7,12.4,NA,NA,NA
2025,4,26,13,58,0,0,NA,NA,NA,NA,NA,1011.6,10.5,12.4,NA,NA,NA
2025,4,26,14,58,0,0,NA,NA,NA,NA,NA,1011.9,10.8,12.4,NA,NA,NA
2025,4,26,15,58,0,0,NA,NA,NA,NA,NA,1012,10.4,12.5,NA,NA,NA
2025,4,26,16,58,0,0,NA,NA,NA,NA,NA,1012.2,11,12.6,NA,NA,NA
2025,4,26,17,58,0,0,NA,NA,NA,NA,NA,1012.5,11.2,12.6,NA,NA,NA
2025,4,26,18,58,0,0,NA,NA,NA,NA,NA,1012.7,11.4,12.8,NA,NA,NA
2025,4,26,19,58,0,0,NA,NA,NA,NA,NA,1012.7,11.5,12.9,NA,NA,NA
2025,4,26,20,58,0,0,NA,NA,NA,NA,NA,1012.9,11.7,13,NA,NA,NA
2025,4,26,21,58,0,0,NA,NA,NA,NA,NA,1013,11.9,13.1,NA,NA,NA
2025,4,26,22,58,0,0,NA,NA,NA,NA,NA,1013,12.1,13.1,NA,NA,NA
2025,4,26,23,58,0,0,NA,NA,NA,NA,NA,1012.9,12.3,13.1,NA,NA,NA
2025,4,27,0,58,0,0,NA,NA,NA,NA,NA,1013.1,11.9,13,NA,NA,NA
2025,4,27,1,58,0,0,NA,NA,NA,NA,NA,1013.2,11.7,13,NA,NA,NA
2025,4,27,2,58,0,0,NA,NA,NA,NA,NA,1013.4,11.6,13,NA,NA,NA
2025,4,27,3,58,0,0,NA,NA,NA,NA,NA,1013.8,11.2,12.9,NA,NA,NA
2025,4,27,4,58,0,0,NA,NA,NA,NA,NA,1015.1,10.8,12.8,NA,NA,NA
2025,4,27,5,58,0,0,NA,NA,NA,NA,NA,1015.2,10.7,12.8,NA,NA,NA
2025,4,27,6,58,0,0,NA,NA,NA,NA,NA,1015.4,10.7,12.7,NA,NA,NA
2025,4,27,7,58,0,0,NA,NA,NA,NA,NA,1015.4,10.8,12.7,NA,NA,NA
2025,4,27,8,58,0,0,NA,NA,NA,NA,NA,1015.5,10.9,12.7,NA,NA,NA
2025,4,27,9,58,0,0,NA,NA,NA,NA,NA,1015.1,11.2,12.7,NA,NA,NA
2025,4,27,10,58,0,0,NA,NA,NA,NA,NA,1015,10.5,12.7,NA,NA,NA
2025,4,27,11,58,0,0,NA,NA,NA,NA,NA,1015.1,11.1,12.7,NA,NA,NA
2025,4,27,12,58,0,0,NA,NA,NA,NA,NA,1015.3,10.9,12.7,NA,NA,NA
2025,4,27,13,58,0,0,NA,NA,NA,NA,NA,1015.8,10.8,12.7,NA,NA,NA
2025,4,27,14,58,0,0,NA,NA,NA,NA,NA,1016.5,10.6,12.8,NA,NA,NA
2025,4,27,15,58,0,0,NA,NA,NA,NA,NA,1017,11.3,12.8,NA,NA,NA
2025,4,27,16,58,0,0,NA,NA,NA,NA,NA,1017.1,11.2,12.7,NA,NA,NA
2025,4,27,17,58,0,0,NA,NA,NA,NA,NA,1017.8,11,12.6,NA,NA,NA
2025,4,27,19,8,0,0,NA,NA,NA,NA,NA,1018.2,11.1,12.7,NA,NA,NA
2025,4,27,19,58,0,0,NA,NA,NA,NA,NA,1018.2,11,12.7,NA,NA,NA
2025,4,27,20,58,0,0,NA,NA,NA,NA,NA,1018.7,11,12.6,NA,NA,NA
2025,4,27,21,58,0,0,NA,NA,NA,NA,NA,1019.1,11,12.5,NA,NA,NA
2025,4,27,22,58,0,0,NA,NA,NA,NA,NA,1018.9,11.2,12.4,NA,NA,NA
2025,4,27,23,58,0,0,NA,NA,NA,NA,NA,1018.9,11.1,12.3,NA,NA,NA
2025,4,28,0,58,0,0,NA,NA,NA,NA,NA,1019.1,11.3,12.2,NA,NA,NA
2025,4,28,1,58,0,0,NA,NA,NA,NA,NA,1019,10.9,12.2,NA,NA,NA
2025,4,28,2,58,0,0,NA,NA,NA,NA,NA,1019.3,11,12.1,NA,NA,NA
2025,4,28,3,58,0,0,NA,NA,NA,NA,NA,1019.8,10.9,12.2,NA,NA,NA
2025,4,28,4,58,0,0,NA,NA,NA,NA,NA,1020.2,11,12.2,NA,NA,NA
2025,4,28,5,58,0,0,NA,NA,NA,NA,NA,1020.1,11,12.2,NA,NA,NA
2025,4,28,6,58,0,0,NA,NA,NA,NA,NA,1020.1,10.9,12.2,NA,NA,NA
2025,4,28,7,58,0,0,NA,NA,NA,NA,NA,1020.5,10.8,12.2,NA,NA,NA
2025,4,28,8,58,0,0,NA,NA,NA,NA,NA,1020.4,10.6,12.2,NA,NA,NA
2025,4,28,9,58,0,0,NA,NA,NA,NA,NA,1020.2,10.5,12.2,NA,NA,NA
2025,4,28,10,58,0,0,NA,NA,NA,NA,NA,1020.5,10.6,12.2,NA,NA,NA
2025,4,28,11,58,0,0,NA,NA,NA,NA,NA,1020.4,10.2,12.2,NA,NA,NA
2025,4,28,12,58,0,0,NA,NA,NA,NA,NA,1020.5,10.3,12.2,NA,NA,NA
2025,4,28,13,58,0,0,NA,NA,NA,NA,NA,1020.8,10,12.3,NA,NA,NA
2025,4,28,14,58,0,0,NA,NA,NA,NA,NA,1021.2,10.4,12.4,NA,NA,NA
2025,4,28,15,58,0,0,NA,NA,NA,NA,NA,1021.5,10.1,12.4,NA,NA,NA
2025,4,28,16,58,0,0,NA,NA,NA,NA,NA,1021.6,10.7,12.4,NA,NA,NA
2025,4,28,17,58,0,0,NA,NA,NA,NA,NA,1021.9,10.7,12.5,NA,NA,NA
2025,4,28,18,58,0,0,NA,NA,NA,NA,NA,1021.7,11,12.5,NA,NA,NA
2025,4,28,19,58,0,0,NA,NA,NA,NA,NA,1021.1,10.6,12.3,NA,NA,NA
2025,4,28,20,58,0,0,NA,NA,NA,NA,NA,1021,10.8,12.3,NA,NA,NA
2025,4,28,21,58,0,0,NA,NA,NA,NA,NA,1020.3,11,12.3,NA,NA,NA
2025,4,28,22,58,0,0,NA,NA,NA,NA,NA,1019.7,11.1,12.3,NA,NA,NA
2025,4,28,23,58,0,0,NA,NA,NA,NA,NA,1019.1,11.2,12.2,NA,NA,NA
2025,4,29,0,58,0,0,NA,NA,NA,NA,NA,1018.7,11.2,12.2,NA,NA,NA
2025,4,29,1,58,0,0,NA,NA,NA,NA,NA,1018.6,10.7,12.1,NA,NA,NA
2025,4,29,2,58,0,0,NA,NA,NA,NA,NA,1018.6,10.3,12.1,NA,NA,NA
2025,4,29,3,58,100,0.5,NA,NA,NA,NA,NA,1018.8,10.4,12,NA,NA,NA
2025,4,29,4,58,0,0,NA,NA,NA,NA,NA,1019.5,10.7,11.9,NA,NA,NA
2025,4,29,5,58,0,0,NA,NA,NA,NA,NA,1019.7,11.6,11.8,NA,NA,NA
2025,4,29,6,58,0,0,NA,NA,NA,NA,NA,1019.9,11.3,11.9,NA,NA,NA
2025,4,29,7,58,0,0,NA,NA,NA,NA,NA,1019.9,11,11.9,NA,NA,NA
2025,4,29,8,58,0,0,NA,NA,NA,NA,NA,1019.8,10.5,12,NA,NA,NA
2025,4,29,9,58,0,0,NA,NA,NA,NA,NA,1019.6,10,12,NA,NA,NA
2025,4,29,10,58,0,0,NA,NA,NA,NA,NA,1019.2,9.3,12,NA,NA,NA
2025,4,29,11,58,0,0,NA,NA,NA,NA,NA,1019,9.1,12,NA,NA,NA
2025,4,29,12,58,0,0,NA,NA,NA,NA,NA,1018.8,8.8,12,NA,NA,NA
2025,4,29,13,58,0,0,NA,NA,NA,NA,NA,1019.2,8.9,12,NA,NA,NA
2025,4,29,14,58,0,0,NA,NA,NA,NA,NA,1019.4,8.7,12,NA,NA,NA
2025,4,29,15,58,0,0,NA,NA,NA,NA,NA,1019.4,9.1,12,NA,NA,NA
2025,4,29,16,58,0,0,NA,NA,NA,NA,NA,1019.6,9.2,12.1,NA,NA,NA
2025,4,29,17,58,0,0,NA,NA,NA,NA,NA,1020.4,8.9,11.9,NA,NA,NA
2025,4,29,18,58,0,0,NA,NA,NA,NA,NA,1020.5,9.5,11.6,NA,NA,NA
2025,4,29,19,58,0,0,NA,NA,NA,NA,NA,1018.9,10.4,11.9,NA,NA,NA
2025,4,29,20,58,0,0,NA,NA,NA,NA,NA,1018.5,10.7,11.9,NA,NA,NA
2025,4,29,21,58,0,0,NA,NA,NA,NA,NA,1018.1,10.7,12,NA,NA,NA
2025,4,29,22,58,0,0,NA,NA,NA,NA,NA,1017.5,10.9,12,NA,NA,NA
2025,4,29,23,58,0,0,NA,NA,NA,NA,NA,1017,10.7,11.9,NA,NA,NA
2025,4,30,0,58,0,0,NA,NA,NA,NA,NA,1016.8,10.4,11.6,NA,NA,NA
2025,4,30,1,58,0,0,NA,NA,NA,NA,NA,1016.6,10.1,11.8,NA,NA,NA
2025,4,30,2,58,0,0,NA,NA,NA,NA,NA,1016.5,10.4,11.8,NA,NA,NA
2025,4,30,3,58,0,0,NA,NA,NA,NA,NA,1016.5,10.7,11.8,NA,NA,NA
2025,4,30,4,58,0,0,NA,NA,NA,NA,NA,1016.3,10.6,11.8,NA,NA,NA
2025,4,30,5,58,0,0,NA,NA,NA,NA,NA,1016.2,10.4,11.9,NA,NA,NA
2025,4,30,6,58,0,0,NA,NA,NA,NA,NA,1015.8,10.6,11.9,NA,NA,NA
2025,4,30,7,58,0,0,NA,NA,NA,NA,NA,1015.8,10.7,12.2,NA,NA,NA
2025,4,30,8,58,0,0,NA,NA,NA,NA,NA,1015.6,10.8,12.3,NA,NA,NA
2025,4,30,9,58,0,0,NA,NA,NA,NA,NA,1015.3,10.9,12.4,NA,NA,NA
2025,4,30,10,58,0,0,NA,NA,NA,NA,NA,1014.9,10.7,12.5,NA,NA,NA
2025,4,30,11,58,0,0,NA,NA,NA,NA,NA,1014.8,10.4,12.4,NA,NA,NA
2025,4,30,12,58,0,0,NA,NA,NA,NA,NA,1014.9,10.4,12.4,NA,NA,NA
2025,4,30,13,58,0,0,NA,NA,NA,NA,NA,1015.1,10.3,12.4,NA,NA,NA
2025,4,30,14,58,0,0,NA,NA,NA,NA,NA,1015.7,10.1,12.3,NA,NA,NA
2025,4,30,15,58,0,0,NA,NA,NA,NA,NA,1015.8,10.2,12.3,NA,NA,NA
2025,4,30,16,58,0,0,NA,NA,NA,NA,NA,1015.8,10.2,12.3,NA,NA,NA
2025,4,30,17,58,0,0,NA,NA,NA,NA,NA,1016,10.6,12.1,NA,NA,NA
2025,4,30,18,58,0,0,NA,NA,NA,NA,NA,1016,10.8,12.2,NA,NA,NA
2025,4,30,19,58,0,0,NA,NA,NA,NA,NA,1015.4,11.1,12.3,NA,NA,NA
2025,4,30,20,58,0,0,NA,NA,NA,NA,NA,1015,11,12.4,NA,NA,NA
2025,4,30,21,58,0,0,NA,NA,NA,NA,NA,1014.8,11.5,12.6,NA,NA,NA
2025,4,30,22,58,0,0,NA,NA,NA,NA,NA,1014.4,11.9,12.8,NA,NA,NA
2025,5,1,0,58,0,0,NA,NA,NA,NA,NA,1014.3,12,12.9,NA,NA,NA
2025,5,1,1,58,0,0,NA,NA,NA,NA,NA,1014,12.2,12.8,NA,NA,NA
2025,5,1,2,58,0,0,NA,NA,NA,NA,NA,1014,12.1,13,NA,NA,NA
2025,5,1,3,58,0,0,NA,NA,NA,NA,NA,1014.4,12.2,12.8,NA,NA,NA
2025,5,1,4,58,0,0,NA,NA,NA,NA,NA,1014.9,12,12.7,NA,NA,NA
2025,5,1,5,58,0,0,NA,NA,NA,NA,NA,1014.7,12,12.6,NA,NA,NA
2025,5,1,6,58,0,0,NA,NA,NA,NA,NA,1014.8,11.7,12.5,NA,NA,NA
2025,5,1,7,58,0,0,NA,NA,NA,NA,NA,1014.9,11.7,12.5,NA,NA,NA
2025,5,1,8,58,0,0,NA,NA,NA,NA,NA,1014.5,11.6,12.5,NA,NA,NA
2025,5,1,9,58,0,0,NA,NA,NA,NA,NA,1014.3,11.6,12.5,NA,NA,NA
2025,5,1,10,58,0,0,NA,NA,NA,NA,NA,1014.4,11.7,12.6,NA,NA,NA
2025,5,1,11,58,0,0,NA,NA,NA,NA,NA,1014.2,11.4,12.8,NA,NA,NA
2025,5,1,12,58,0,0,NA,NA,NA,NA,NA,1014.1,11.4,12.5,NA,NA,NA
2025,5,1,13,58,0,0,NA,NA,NA,NA,NA,1014.3,11.2,12.2,NA,NA,NA
2025,5,1,14,58,0,0,NA,NA,NA,NA,NA,1014.7,11.3,12.2,NA,NA,NA
2025,5,1,15,58,0,0,NA,NA,NA,NA,NA,1014.9,11.3,12.2,NA,NA,NA
2025,5,1,16,58,0,0,NA,NA,NA,NA,NA,1015.3,11.4,12.1,NA,NA,NA
2025,5,1,17,58,0,0,NA,NA,NA,NA,NA,1015.6,11.3,12,NA,NA,NA
2025,5,1,18,58,0,0,NA,NA,NA,NA,NA,1015.7,11.9,11.9,NA,NA,NA
2025,5,1,19,58,0,0,NA,NA,NA,NA,NA,1015.4,12.4,12.1,NA,NA,NA
2025,5,1,20,58,0,0,NA,NA,NA,NA,NA,1015.2,12.3,12.2,NA,NA,NA
2025,5,1,21,58,0,0,NA,NA,NA,NA,NA,1015.1,12.2,12.3,NA,NA,NA
2025,5,1,22,58,0,0,NA,NA,NA,NA,NA,1014.8,11.9,12.2,NA,NA,NA
2025,5,1,23,58,0,0,NA,NA,NA,NA,NA,1014.3,11.5,12.3,NA,NA,NA
2025,5,2,0,58,0,0,NA,NA,NA,NA,NA,1014.3,11.2,12.2,NA,NA,NA
2025,5,2,1,58,0,0,NA,NA,NA,NA,NA,1014,11.3,12.1,NA,NA,NA
2025,5,2,2,58,0,0,NA,NA,NA,NA,NA,1014.3,11.3,11.9,NA,NA,NA
2025,5,2,3,58,0,0,NA,NA,NA,NA,NA,1014.9,11.1,12,NA,NA,NA
2025,5,2,4,58,0,0,NA,NA,NA,NA,NA,1015.3,11,11.9,NA,NA,NA
2025,5,2,5,58,0,0,NA,NA,NA,NA,NA,1015.5,11,11.8,NA,NA,NA
2025,5,2,6,58,0,0,NA,NA,NA,NA,NA,1015.6,10.9,11.9,NA,NA,NA
2025,5,2,7,58,0,0,NA,NA,NA,NA,NA,1015.7,10.8,11.9,NA,NA,NA
2025,5,2,8,58,0,0,NA,NA,NA,NA,NA,1015.4,10.8,12.5,NA,NA,NA
2025,5,2,9,58,0,0,NA,NA,NA,NA,NA,1015.2,10.5,12.1,NA,NA,NA
2025,5,2,10,58,0,0,NA,NA,NA,NA,NA,1015.2,10,12.2,NA,NA,NA
2025,5,2,11,58,0,0,NA,NA,NA,NA,NA,1015.2,10,12.6,NA,NA,NA
2025,5,2,12,58,0,0,NA,NA,NA,NA,NA,1015,10.3,12.7,NA,NA,NA
2025,5,2,13,58,0,0,NA,NA,NA,NA,NA,1015.6,10.4,12.6,NA,NA,NA
2025,5,2,14,58,0,0,NA,NA,NA,NA,NA,1015.9,10.9,12.6,NA,NA,NA
2025,5,2,15,58,0,0,NA,NA,NA,NA,NA,1016.7,10.9,12.7,NA,NA,NA
2025,5,2,16,58,0,0,NA,NA,NA,NA,NA,1017.1,11.2,12.8,NA,NA,NA
2025,5,2,17,58,0,0,NA,NA,NA,NA,NA,1017.7,11.2,12.8,NA,NA,NA
2025,5,2,18,58,0,0,NA,NA,NA,NA,NA,1017.3,11.7,13.1,NA,NA,NA
2025,5,2,19,58,0,0,NA,NA,NA,NA,NA,1016.9,11.7,13.3,NA,NA,NA
2025,5,2,20,58,0,0,NA,NA,NA,NA,NA,1016.5,11.8,13.5,NA,NA,NA
2025,5,2,21,58,0,0,NA,NA,NA,NA,NA,1016,12.2,13.1,NA,NA,NA
2025,5,2,22,58,0,0,NA,NA,NA,NA,NA,1015.2,11.8,13.6,NA,NA,NA
2025,5,2,23,58,340,2.1,NA,NA,NA,NA,NA,1014.3,12.2,13.3,NA,NA,NA
2025,5,3,0,58,340,2.1,NA,NA,NA,NA,NA,1013.9,12.2,13.3,NA,NA,NA
2025,5,3,1,58,360,5.7,NA,NA,NA,NA,NA,1013.6,12.1,13,NA,NA,NA
2025,5,3,2,58,250,4.1,NA,NA,NA,NA,NA,1014.2,12.1,13,NA,NA,NA
2025,5,3,3,58,140,1,NA,NA,NA,NA,NA,1014.8,11.9,12.5,NA,NA,NA
2025,5,3,4,58,250,1.5,NA,NA,NA,NA,NA,1015.3,12.1,12.3,NA,NA,NA
2025,5,3,7,58,0,0,NA,NA,NA,NA,NA,1015,11.7,12.3,NA,NA,NA
2025,5,3,8,58,0,0,NA,NA,NA,NA,NA,1015.1,11.6,12.3,NA,NA,NA
2025,5,3,9,58,0,0,NA,NA,NA,NA,NA,1014.8,11.5,12.4,NA,NA,NA
2025,5,3,10,58,0,0,NA,NA,NA,NA,NA,1015.2,11.3,12.4,NA,NA,NA
2025,5,3,11,58,0,0,NA,NA,NA,NA,NA,1015.1,11,12.4,NA,NA,NA
2025,5,3,12,58,0,0,NA,NA,NA,NA,NA,1015.1,10.8,12.3,NA,NA,NA
2025,5,3,13,58,160,0.5,NA,NA,NA,NA,NA,1015.2,10.7,12.3,NA,NA,NA
2025,5,3,14,58,0,0,NA,NA,NA,NA,NA,1015.7,10.6,12.3,NA,NA,NA
2025,5,3,15,58,90,0.5,NA,NA,NA,NA,NA,1015.8,10.5,12.3,NA,NA,NA
2025,5,3,16,58,90,1,NA,NA,NA,NA,NA,1016,10.9,12.3,NA,NA,NA
2025,5,3,17,58,260,0.5,NA,NA,NA,NA,NA,1016.4,11.2,12.2,NA,NA,NA
2025,5,3,18,58,80,3.6,NA,NA,NA,NA,NA,1016.3,11.2,12.2,NA,NA,NA
2025,5,3,19,58,260,1.5,NA,NA,NA,NA,NA,1016.2,11.1,12.1,NA,NA,NA
2025,5,3,20,58,120,1.5,NA,NA,NA,NA,NA,1015.8,11.1,12.1,NA,NA,NA
2025,5,3,21,58,100,3.6,NA,NA,NA,NA,NA,1015.7,11.3,12.1,NA,NA,NA
2025,5,3,22,58,120,0.5,NA,NA,NA,NA,NA,1015.4,11.2,11.9,NA,NA,NA
2025,5,3,23,58,200,4.1,NA,NA,NA,NA,NA,1015.1,11.2,11.9,NA,NA,NA
2025,5,4,0,58,100,2.1,NA,NA,NA,NA,NA,1014.8,11.1,12,NA,NA,NA
2025,5,4,1,58,210,2.1,NA,NA,NA,NA,NA,1014.6,11,12,NA,NA,NA
2025,5,4,2,58,120,1,NA,NA,NA,NA,NA,1014.2,10.9,12,NA,NA,NA
2025,5,4,3,58,110,9.8,NA,NA,NA,NA,NA,1013.9,10.9,12,NA,NA,NA
2025,5,4,4,58,10,8.2,NA,NA,NA,NA,NA,1013.6,10.7,11.9,NA,NA,NA
2025,5,4,5,58,350,0.5,NA,NA,NA,NA,NA,1013.1,10.5,11.9,NA,NA,NA
2025,5,4,6,58,80,2.1,NA,NA,NA,NA,NA,1012.1,10.5,11.8,NA,NA,NA
2025,5,4,7,58,0,0,NA,NA,NA,NA,NA,1011.8,10.2,11.8,NA,NA,NA
2025,5,4,8,58,140,0.5,NA,NA,NA,NA,NA,1011,10.1,11.7,NA,NA,NA
2025,5,4,9,58,20,0.5,NA,NA,NA,NA,NA,1010.5,10.2,11.7,NA,NA,NA
2025,5,4,10,58,0,0,NA,NA,NA,NA,NA,1010.5,10.1,11.7,NA,NA,NA
2025,5,4,11,58,0,0,NA,NA,NA,NA,NA,1010.3,9.9,11.7,NA,NA,NA
2025,5,4,12,58,0,0,NA,NA,NA,NA,NA,1010.2,9.8,11.6,NA,NA,NA
2025,5,4,13,58,0,0,NA,NA,NA,NA,NA,1010.7,9.8,11.6,NA,NA,NA
2025,5,4,15,8,0,0,NA,NA,NA,NA,NA,1011.2,9.9,11.6,NA,NA,NA
2025,5,4,16,8,0,0,NA,NA,NA,NA,NA,1010.7,10.2,11.6,NA,NA,NA
2025,5,4,16,58,0,0,NA,NA,NA,NA,NA,1010.4,10.1,11.6,NA,NA,NA
2025,5,4,17,58,120,0.5,NA,NA,NA,NA,NA,1010.5,10.1,11.6,NA,NA,NA
2025,5,4,19,8,0,0,NA,NA,NA,NA,NA,1010.5,10.1,11.6,NA,NA,NA
2025,5,4,19,58,0,0,NA,NA,NA,NA,NA,1009.7,10.2,11.6,NA,NA,NA
2025,5,4,20,58,0,0,NA,NA,NA,NA,NA,1009.3,10.2,11.5,NA,NA,NA
2025,5,4,21,58,0,0,NA,NA,NA,NA,NA,1008.8,10.4,11.4,NA,NA,NA
2025,5,4,22,58,0,0,NA,NA,NA,NA,NA,1008.3,10.2,11.3,NA,NA,NA
2025,5,5,0,8,0,0,NA,NA,NA,NA,NA,1007.5,10.6,11.3,NA,NA,NA
2025,5,5,0,58,0,0,NA,NA,NA,NA,NA,1007.4,10.5,11.4,NA,NA,NA
2025,5,5,2,8,0,0,NA,NA,NA,NA,NA,1007,10.6,11.3,NA,NA,NA
2025,5,5,3,8,0,0,NA,NA,NA,NA,NA,1007.4,10.9,11.3,NA,NA,NA
2025,5,5,3,58,0,0,NA,NA,NA,NA,NA,1008,11,11.3,NA,NA,NA
2025,5,5,5,8,0,0,NA,NA,NA,NA,NA,1008.3,10.8,11.4,NA,NA,NA
2025,5,5,6,8,0,0,NA,NA,NA,NA,NA,1008.1,10.5,11.5,NA,NA,NA
2025,5,5,7,8,0,0,NA,NA,NA,NA,NA,1008.1,10.6,11.6,NA,NA,NA
2025,5,5,8,8,0,0,NA,NA,NA,NA,NA,1008,10.3,11.7,NA,NA,NA
2025,5,5,9,8,0,0,NA,NA,NA,NA,NA,1007.8,10.3,11.7,NA,NA,NA
2025,5,5,10,8,0,0,NA,NA,NA,NA,NA,1007.7,10.4,11.7,NA,NA,NA
2025,5,5,11,8,0,0,NA,NA,NA,NA,NA,1007.7,10,11.7,NA,NA,NA
2025,5,5,12,8,0,0,NA,NA,NA,NA,NA,1007.8,10.2,11.7,NA,NA,NA
2025,5,5,13,8,0,0,NA,NA,NA,NA,NA,1008,9.9,11.6,NA,NA,NA
2025,5,5,14,8,0,0,NA,NA,NA,NA,NA,1008.4,10.2,11.6,NA,NA,NA
2025,5,5,15,8,0,0,NA,NA,NA,NA,NA,1008.8,10,11.5,NA,NA,NA
2025,5,5,16,8,0,0,NA,NA,NA,NA,NA,1008.7,9.4,11.5,NA,NA,NA
2025,5,5,17,8,0,0,NA,NA,NA,NA,NA,1009,9.5,11.4,NA,NA,NA
2025,5,5,18,8,0,0,NA,NA,NA,NA,NA,1008.7,9.5,11.8,NA,NA,NA
2025,5,5,19,8,0,0,NA,NA,NA,NA,NA,1008.6,11.7,12,NA,NA,NA
2025,5,5,20,8,0,0,NA,NA,NA,NA,NA,1008.4,12.5,12,NA,NA,NA
2025,5,5,21,8,0,0,NA,NA,NA,NA,NA,1008.3,13.2,12.1,NA,NA,NA
2025,5,5,22,8,0,0,NA,NA,NA,NA,NA,1008,13.1,12.5,NA,NA,NA
2025,5,5,23,8,0,0,NA,NA,NA,NA,NA,1007.9,12.6,12,NA,NA,NA
2025,5,6,0,8,0,0,NA,NA,NA,NA,NA,1008.1,12.9,11.9,NA,NA,NA
2025,5,6,1,8,0,0,NA,NA,NA,NA,NA,1007.9,12,11.9,NA,NA,NA
2025,5,6,2,8,0,0,NA,NA,NA,NA,NA,1007.9,12,11.6,NA,NA,NA
2025,5,6,3,8,0,0,NA,NA,NA,NA,NA,1008.8,11.6,11.6,NA,NA,NA
2025,5,6,4,8,0,0,NA,NA,NA,NA,NA,1009.8,11.7,11.5,NA,NA,NA
2025,5,6,5,8,0,0,NA,NA,NA,NA,NA,1010.5,11.5,11.5,NA,NA,NA
2025,5,6,6,8,0,0,NA,NA,NA,NA,NA,1010.7,11.4,11.4,NA,NA,NA
2025,5,6,7,8,0,0,NA,NA,NA,NA,NA,1010.8,11.3,11.4,NA,NA,NA
2025,5,6,8,8,0,0,NA,NA,NA,NA,NA,1011,11.2,11.3,NA,NA,NA
2025,5,6,9,8,0,0,NA,NA,NA,NA,NA,1011,11.4,11.2,NA,NA,NA
2025,5,6,10,8,0,0,NA,NA,NA,NA,NA,1010.9,11.3,11.2,NA,NA,NA
2025,5,6,11,8,0,0,NA,NA,NA,NA,NA,1011.4,11.2,11.4,NA,NA,NA
2025,5,6,12,8,0,0,NA,NA,NA,NA,NA,1011.6,11.2,11.3,NA,NA,NA
2025,5,6,13,8,0,0,NA,NA,NA,NA,NA,1012.1,11.1,11.3,NA,NA,NA
2025,5,6,14,8,0,0,NA,NA,NA,NA,NA,1012.6,11.1,11.4,NA,NA,NA
2025,5,6,15,8,0,0,NA,NA,NA,NA,NA,1012.9,11.3,11.5,NA,NA,NA
2025,5,6,16,8,0,0,NA,NA,NA,NA,NA,1013.1,11.7,11.6,NA,NA,NA
2025,5,6,17,8,0,0,NA,NA,NA,NA,NA,1013.4,12,11.8,NA,NA,NA
2025,5,6,18,8,0,0,NA,NA,NA,NA,NA,1014,12.2,11.8,NA,NA,NA
2025,5,6,19,8,0,0,NA,NA,NA,NA,NA,1013.8,12.2,11.9,NA,NA,NA
2025,5,6,20,8,0,0,NA,NA,NA,NA,NA,1013.7,12.2,11.9,NA,NA,NA
2025,5,6,21,8,0,0,NA,NA,NA,NA,NA,1013.6,12.2,11.9,NA,NA,NA
2025,5,6,22,8,0,0,NA,NA,NA,NA,NA,1013.5,12.1,11.9,NA,NA,NA
2025,5,6,23,8,0,0,NA,NA,NA,NA,NA,1013.4,12.1,11.7,NA,NA,NA
2025,5,7,0,8,0,0,NA,NA,NA,NA,NA,1013.2,11.9,11.7,NA,NA,NA
2025,5,7,1,8,0,0,NA,NA,NA,NA,NA,1013.3,12.1,11.8,NA,NA,NA
2025,5,7,2,8,0,0,NA,NA,NA,NA,NA,1013.5,11.6,11.7,NA,NA,NA
2025,5,7,3,8,0,0,NA,NA,NA,NA,NA,1013.8,11.5,11.8,NA,NA,NA
2025,5,7,4,8,0,0,NA,NA,NA,NA,NA,1014.2,12,11.7,NA,NA,NA
2025,5,7,5,8,0,0,NA,NA,NA,NA,NA,1015.2,12,11.7,NA,NA,NA
2025,5,7,6,8,0,0,NA,NA,NA,NA,NA,1015.4,11.9,11.8,NA,NA,NA
2025,5,7,7,8,0,0,NA,NA,NA,NA,NA,1015.6,12,11.7,NA,NA,NA
2025,5,7,8,8,0,0,NA,NA,NA,NA,NA,1015.4,11.9,11.6,NA,NA,NA
2025,5,7,9,8,0,0,NA,NA,NA,NA,NA,1015.2,11.9,11.5,NA,NA,NA
2025,5,7,10,8,0,0,NA,NA,NA,NA,NA,1015.2,11.8,11.5,NA,NA,NA
2025,5,7,11,8,0,0,NA,NA,NA,NA,NA,1015.4,11.8,11.5,NA,NA,NA
2025,5,7,12,8,0,0,NA,NA,NA,NA,NA,1015.5,11.7,11.6,NA,NA,NA
2025,5,7,13,8,0,0,NA,NA,NA,NA,NA,1016.1,11.9,11.7,NA,NA,NA
2025,5,7,14,8,0,0,NA,NA,NA,NA,NA,1016.6,12.1,11.7,NA,NA,NA
2025,5,7,15,8,0,0,NA,NA,NA,NA,NA,1017.5,12.1,11.8,NA,NA,NA
2025,5,7,16,8,0,0,NA,NA,NA,NA,NA,1018.3,11.9,11.8,NA,NA,NA
2025,5,7,17,8,0,0,NA,NA,NA,NA,NA,1019,12,11.7,NA,NA,NA
2025,5,7,18,8,50,12.4,NA,NA,NA,NA,NA,1019.6,11.9,11.8,NA,NA,NA
2025,5,7,19,8,0,0,NA,NA,NA,NA,NA,1019.8,12.4,12,NA,NA,NA
2025,5,7,20,8,0,0,NA,NA,NA,NA,NA,1019.6,12.8,12.2,NA,NA,NA
2025,5,7,21,8,0,0,NA,NA,NA,NA,NA,1019.4,12.9,12.4,NA,NA,NA
2025,5,7,22,8,0,0,NA,NA,NA,NA,NA,1019,12.9,12.7,NA,NA,NA
2025,5,7,23,8,0,0,NA,NA,NA,NA,NA,1018.5,13.1,13.3,NA,NA,NA
2025,5,8,0,8,0,0,NA,NA,NA,NA,NA,1018.3,12.4,13,NA,NA,NA
2025,5,8,1,8,0,0,NA,NA,NA,NA,NA,1017.8,12.2,12.7,NA,NA,NA
2025,5,8,2,8,0,0,NA,NA,NA,NA,NA,1017.7,11.8,12.2,NA,NA,NA
2025,5,8,3,8,0,0,NA,NA,NA,NA,NA,1017.6,11.4,12.3,NA,NA,NA
2025,5,8,4,8,0,0,NA,NA,NA,NA,NA,1018.1,11,12.4,NA,NA,NA
2025,5,8,5,8,0,0,NA,NA,NA,NA,NA,1018.6,10.8,12.4,NA,NA,NA
2025,5,8,6,8,0,0,NA,NA,NA,NA,NA,1018.7,10.8,12.2,NA,NA,NA
2025,5,8,7,8,0,0,NA,NA,NA,NA,NA,1018.8,10.5,12.4,NA,NA,NA
2025,5,8,8,8,0,0,NA,NA,NA,NA,NA,1019,10.3,12.4,NA,NA,NA
2025,5,8,9,8,0,0,NA,NA,NA,NA,NA,1018.7,10.4,12.4,NA,NA,NA
2025,5,8,10,8,0,0,NA,NA,NA,NA,NA,1018.6,10.2,12.4,NA,NA,NA
2025,5,8,11,8,0,0,NA,NA,NA,NA,NA,1018.8,9.8,12.4,NA,NA,NA
2025,5,8,12,8,0,0,NA,NA,NA,NA,NA,1018.9,9.9,12.3,NA,NA,NA
2025,5,8,13,8,0,0,NA,NA,NA,NA,NA,1019,9.9,12.2,NA,NA,NA
2025,5,8,14,8,0,0,NA,NA,NA,NA,NA,1019.4,9.8,12.1,NA,NA,NA
2025,5,8,15,8,0,0,NA,NA,NA,NA,NA,1019.6,10.2,12.1,NA,NA,NA
2025,5,8,16,8,0,0,NA,NA,NA,NA,NA,1020.2,10.5,12.2,NA,NA,NA
2025,5,8,17,8,0,0,NA,NA,NA,NA,NA,1020.3,10.2,12.2,NA,NA,NA
2025,5,8,18,8,0,0,NA,NA,NA,NA,NA,1020.4,10.2,12.3,NA,NA,NA
2025,5,8,19,8,0,0,NA,NA,NA,NA,NA,1020.1,10,12.4,NA,NA,NA
2025,5,8,20,8,0,0,NA,NA,NA,NA,NA,1019.4,9.8,12.3,NA,NA,NA
2025,5,8,21,8,0,0,NA,NA,NA,NA,NA,1018.8,10.2,12.4,NA,NA,NA
2025,5,8,22,8,0,0,NA,NA,NA,NA,NA,1018.5,10.3,12.5,NA,NA,NA
2025,5,8,23,8,0,0,NA,NA,NA,NA,NA,1017.8,10.7,12.5,NA,NA,NA
2025,5,9,0,8,0,0,NA,NA,NA,NA,NA,1017.3,11.4,12.4,NA,NA,NA
2025,5,9,1,8,0,0,NA,NA,NA,NA,NA,1017.2,12,12.4,NA,NA,NA
2025,5,9,2,8,0,0,NA,NA,NA,NA,NA,1016.6,12.2,12.3,NA,NA,NA
2025,5,9,3,8,0,0,NA,NA,NA,NA,NA,1016.6,12.2,12.3,NA,NA,NA
2025,5,9,4,8,0,0,NA,NA,NA,NA,NA,1017.2,12.3,12.2,NA,NA,NA
2025,5,9,5,8,0,0,NA,NA,NA,NA,NA,1017.9,12,12.2,NA,NA,NA
2025,5,9,6,8,0,0,NA,NA,NA,NA,NA,1018.4,12.1,12.1,NA,NA,NA
2025,5,9,7,8,0,0,NA,NA,NA,NA,NA,1018.5,11.5,12.1,NA,NA,NA
2025,5,9,7,58,0,0,NA,NA,NA,NA,NA,1018.5,11.6,12.1,NA,NA,NA
2025,5,9,8,58,0,0,NA,NA,NA,NA,NA,1018.4,11.6,12.2,NA,NA,NA
2025,5,9,9,58,0,0,NA,NA,NA,NA,NA,1018,11.4,12.1,NA,NA,NA
2025,5,9,10,58,0,0,NA,NA,NA,NA,NA,1017.8,11.3,12.1,NA,NA,NA
2025,5,9,11,58,0,0,NA,NA,NA,NA,NA,1017.6,11.1,12.1,NA,NA,NA
2025,5,9,12,58,0,0,NA,NA,NA,NA,NA,1017.4,11.2,12.1,NA,NA,NA
2025,5,9,13,58,0,0,NA,NA,NA,NA,NA,1017.6,11,12.1,NA,NA,NA
2025,5,9,14,58,0,0,NA,NA,NA,NA,NA,1018.2,10.2,12.1,NA,NA,NA
2025,5,9,15,58,0,0,NA,NA,NA,NA,NA,1018.4,10.1,12.1,NA,NA,NA
2025,5,9,16,58,0,0,NA,NA,NA,NA,NA,1018.5,10.5,12.2,NA,NA,NA
2025,5,9,17,58,0,0,NA,NA,NA,NA,NA,1018.4,10.6,12.3,NA,NA,NA
2025,5,9,18,58,0,0,NA,NA,NA,NA,NA,1018.2,10.7,12.4,NA,NA,NA
2025,5,9,20,8,0,0,NA,NA,NA,NA,NA,1017.9,10.8,12.4,NA,NA,NA
2025,5,9,21,8,0,0,NA,NA,NA,NA,NA,1017.4,10.8,12.5,NA,NA,NA
2025,5,9,22,8,0,0,NA,NA,NA,NA,NA,1015.4,11.2,12.4,NA,NA,NA
2025,5,9,23,8,0,0,NA,NA,NA,NA,NA,1014.9,11.4,12.4,NA,NA,NA
2025,5,10,0,8,0,0,NA,NA,NA,NA,NA,1014.4,11.8,12.3,NA,NA,NA
2025,5,10,1,8,0,0,NA,NA,NA,NA,NA,1014.5,12.6,12.4,NA,NA,NA
2025,5,10,2,8,0,0,NA,NA,NA,NA,NA,1014.4,12.9,12.3,NA,NA,NA
2025,5,10,3,8,0,0,NA,NA,NA,NA,NA,1014.2,12.3,12.2,NA,NA,NA
2025,5,10,4,8,0,0,NA,NA,NA,NA,NA,1014.4,12,12.2,NA,NA,NA
2025,5,10,5,8,0,0,NA,NA,NA,NA,NA,1015.1,10.8,12.3,NA,NA,NA
2025,5,10,6,8,0,0,NA,NA,NA,NA,NA,1015.5,11.1,12.3,NA,NA,NA
2025,5,10,7,8,0,0,NA,NA,NA,NA,NA,1015.5,11.9,12.6,NA,NA,NA
2025,5,10,8,8,0,0,NA,NA,NA,NA,NA,1015.3,11.8,13.3,NA,NA,NA
2025,5,10,9,8,0,0,NA,NA,NA,NA,NA,1014.7,12.3,13.3,NA,NA,NA
2025,5,10,10,8,0,0,NA,NA,NA,NA,NA,1014.4,11.6,13.3,NA,NA,NA
2025,5,10,11,8,0,0,NA,NA,NA,NA,NA,1014.5,11.3,13.2,NA,NA,NA
2025,5,10,12,8,0,0,NA,NA,NA,NA,NA,1014.3,11.4,13.1,NA,NA,NA
2025,5,10,13,8,0,0,NA,NA,NA,NA,NA,1014,11.5,12.9,NA,NA,NA
2025,5,10,14,8,0,0,NA,NA,NA,NA,NA,1014.4,11.6,12.7,NA,NA,NA
2025,5,10,15,8,0,0,NA,NA,NA,NA,NA,1014.4,11.3,12.6,NA,NA,NA
2025,5,10,16,8,0,0,NA,NA,NA,NA,NA,1014.5,11.2,12.7,NA,NA,NA
2025,5,10,17,8,0,0,NA,NA,NA,NA,NA,1014.8,11.5,12.5,NA,NA,NA
2025,5,10,18,8,0,0,NA,NA,NA,NA,NA,1014.8,11.4,12.5,NA,NA,NA
2025,5,10,19,8,0,0,NA,NA,NA,NA,NA,1014.5,11,12.4,NA,NA,NA
2025,5,10,20,8,0,0,NA,NA,NA,NA,NA,1014.2,11.4,12.4,NA,NA,NA
2025,5,10,21,8,0,0,NA,NA,NA,NA,NA,1013.5,11.6,12.5,NA,NA,NA
2025,5,10,22,8,0,0,NA,NA,NA,NA,NA,1013,11.8,12.7,NA,NA,NA
2025,5,10,23,8,190,0.5,NA,NA,NA,NA,NA,1012,12.1,13.2,NA,NA,NA
2025,5,11,0,8,340,1,NA,NA,NA,NA,NA,1011.7,12.5,13.1,NA,NA,NA
2025,5,11,1,8,210,2.1,NA,NA,NA,NA,NA,1011.9,12.8,12.9,NA,NA,NA
2025,5,11,2,8,80,1,NA,NA,NA,NA,NA,1012.2,12.6,12.9,NA,NA,NA
2025,5,11,3,8,180,0.5,NA,NA,NA,NA,NA,1012.5,12.3,12.7,NA,NA,NA
2025,5,11,4,8,0,0,NA,NA,NA,NA,NA,1013.3,12.2,12.6,NA,NA,NA
2025,5,11,5,8,0,0,NA,NA,NA,NA,NA,1014.2,12,12.5,NA,NA,NA
2025,5,11,6,8,0,0,NA,NA,NA,NA,NA,1014.3,12,12.5,NA,NA,NA
2025,5,11,7,8,0,0,NA,NA,NA,NA,NA,1014.7,12,12.4,NA,NA,NA
2025,5,11,7,58,0,0,NA,NA,NA,NA,NA,1014.5,12,12.5,NA,NA,NA
2025,5,11,8,58,0,0,NA,NA,NA,NA,NA,1014.8,11.9,12.7,NA,NA,NA
2025,5,11,9,58,0,0,NA,NA,NA,NA,NA,1014.4,11.6,12.8,NA,NA,NA
2025,5,11,10,58,0,0,NA,NA,NA,NA,NA,1014.5,11.6,12.8,NA,NA,NA
2025,5,11,11,58,0,0,NA,NA,NA,NA,NA,1014.7,12,12.7,NA,NA,NA
2025,5,11,12,58,0,0,NA,NA,NA,NA,NA,1014.6,11.6,12.5,NA,NA,NA
2025,5,11,13,58,0,0,NA,NA,NA,NA,NA,1015,11.2,12.4,NA,NA,NA
2025,5,11,14,58,0,0,NA,NA,NA,NA,NA,1015.2,11.1,12.3,NA,NA,NA
2025,5,11,15,58,0,0,NA,NA,NA,NA,NA,1015.8,11.1,12.3,NA,NA,NA
2025,5,11,16,58,0,0,NA,NA,NA,NA,NA,1016,11.2,12.3,NA,NA,NA
2025,5,11,17,58,240,1,NA,NA,NA,NA,NA,1016.2,10.5,12.4,NA,NA,NA
2025,5,11,18,58,0,0,NA,NA,NA,NA,NA,1016.5,10.8,12.4,NA,NA,NA
2025,5,11,20,8,0,0,NA,NA,NA,NA,NA,1016.3,11.7,12.5,NA,NA,NA
2025,5,11,21,8,0,0,NA,NA,NA,NA,NA,1016.3,11.7,12.4,NA,NA,NA
2025,5,11,22,8,0,0,NA,NA,NA,NA,NA,1016,11.9,12.6,NA,NA,NA
2025,5,11,23,8,0,0,NA,NA,NA,NA,NA,1015.2,11.7,12.6,NA,NA,NA
2025,5,12,0,8,0,0,NA,NA,NA,NA,NA,1015,11.9,12.4,NA,NA,NA
2025,5,12,1,8,0,0,NA,NA,NA,NA,NA,1014.2,11.8,12.3,NA,NA,NA
2025,5,12,2,8,0,0,NA,NA,NA,NA,NA,1013.7,11.7,12.1,NA,NA,NA
2025,5,12,3,8,0,0,NA,NA,NA,NA,NA,1013.8,11.6,11.9,NA,NA,NA
2025,5,12,4,8,0,0,NA,NA,NA,NA,NA,1014.1,11.5,12.1,NA,NA,NA
2025,5,12,5,8,0,0,NA,NA,NA,NA,NA,1014.8,11.4,12,NA,NA,NA
2025,5,12,6,8,0,0,NA,NA,NA,NA,NA,1015.3,11.3,12,NA,NA,NA
2025,5,12,7,8,0,0,NA,NA,NA,NA,NA,1015.6,11.2,12,NA,NA,NA
2025,5,12,8,8,0,0,NA,NA,NA,NA,NA,1015.8,11.1,12.1,NA,NA,NA
2025,5,12,9,8,0,0,NA,NA,NA,NA,NA,1015.4,11.2,12.5,NA,NA,NA
2025,5,12,10,8,0,0,NA,NA,NA,NA,NA,1014.7,11.5,12.5,NA,NA,NA
2025,5,12,11,8,0,0,NA,NA,NA,NA,NA,1014.3,11.6,12.5,NA,NA,NA
2025,5,12,12,8,0,0,NA,NA,NA,NA,NA,1013.7,11.7,12.3,NA,NA,NA
2025,5,12,13,8,0,0,NA,NA,NA,NA,NA,1013.9,11.9,12.1,NA,NA,NA
2025,5,12,14,8,0,0,NA,NA,NA,NA,NA,1014.2,12,12.2,NA,NA,NA
2025,5,12,15,8,0,0,NA,NA,NA,NA,NA,1014.4,11.7,12.1,NA,NA,NA
2025,5,12,16,8,0,0,NA,NA,NA,NA,NA,1015.1,11.5,12.1,NA,NA,NA
2025,5,12,17,8,0,0,NA,NA,NA,NA,NA,1015.9,11.7,12.2,NA,NA,NA
2025,5,12,18,8,0,0,NA,NA,NA,NA,NA,1016.2,11.9,12.4,NA,NA,NA
2025,5,12,19,8,0,0,NA,NA,NA,NA,NA,1015.6,12.4,12.3,NA,NA,NA
2025,5,12,20,8,0,0,NA,NA,NA,NA,NA,1015.2,12.3,12.6,NA,NA,NA
2025,5,12,21,8,0,0,NA,NA,NA,NA,NA,1015.1,13,13.1,NA,NA,NA
2025,5,12,22,8,0,0,NA,NA,NA,NA,NA,1014.9,13,13.4,NA,NA,NA
2025,5,12,23,8,0,0,NA,NA,NA,NA,NA,1014.9,12.9,13.3,NA,NA,NA
2025,5,13,0,8,0,0,NA,NA,NA,NA,NA,1014.8,13,13.2,NA,NA,NA
2025,5,13,1,8,0,0,NA,NA,NA,NA,NA,1014.5,13.1,13,NA,NA,NA
2025,5,13,2,8,0,0,NA,NA,NA,NA,NA,1014.3,12.9,12.8,NA,NA,NA
2025,5,13,3,8,0,0,NA,NA,NA,NA,NA,1014.5,12.5,12.6,NA,NA,NA
2025,5,13,4,8,0,0,NA,NA,NA,NA,NA,1014.7,11.9,12.7,NA,NA,NA
2025,5,13,5,8,0,0,NA,NA,NA,NA,NA,1015,12.3,12.7,NA,NA,NA
2025,5,13,6,8,0,0,NA,NA,NA,NA,NA,1015.4,12.1,12.7,NA,NA,NA
2025,5,13,7,8,0,0,NA,NA,NA,NA,NA,1015.5,12.1,12.6,NA,NA,NA
2025,5,13,8,8,0,0,NA,NA,NA,NA,NA,1015.5,11.9,12.6,NA,NA,NA
2025,5,13,9,8,0,0,NA,NA,NA,NA,NA,1015.6,11.6,12.5,NA,NA,NA
2025,5,13,10,8,0,0,NA,NA,NA,NA,NA,1015.6,11.6,12.5,NA,NA,NA
2025,5,13,11,8,0,0,NA,NA,NA,NA,NA,1015.7,11.3,12.5,NA,NA,NA
2025,5,13,12,8,0,0,NA,NA,NA,NA,NA,1015.8,11.2,12.5,NA,NA,NA
2025,5,13,13,8,0,0,NA,NA,NA,NA,NA,1016.1,10.9,12.4,NA,NA,NA
2025,5,13,14,8,0,0,NA,NA,NA,NA,NA,1016.6,11.5,12.4,NA,NA,NA
2025,5,13,15,8,0,0,NA,NA,NA,NA,NA,1017.1,11.7,12.3,NA,NA,NA
2025,5,13,16,8,0,0,NA,NA,NA,NA,NA,1018,11.4,12.2,NA,NA,NA
2025,5,13,17,8,0,0,NA,NA,NA,NA,NA,1018.3,11,12.3,NA,NA,NA
2025,5,13,18,8,0,0,NA,NA,NA,NA,NA,1018.7,11.4,12.4,NA,NA,NA
2025,5,13,19,8,0,0,NA,NA,NA,NA,NA,1018.7,11.5,12.4,NA,NA,NA
2025,5,13,20,8,0,0,NA,NA,NA,NA,NA,1018.8,11.5,12.4,NA,NA,NA
2025,5,13,21,8,0,0,NA,NA,NA,NA,NA,1018.6,11.7,12.4,NA,NA,NA
2025,5,13,22,8,0,0,NA,NA,NA,NA,NA,1018.1,11.7,12.3,NA,NA,NA
2025,5,13,23,8,90,0.5,NA,NA,NA,NA,NA,1017.6,11.8,12.3,NA,NA,NA
2025,5,14,0,8,0,0,NA,NA,NA,NA,NA,1017.3,11.8,12.2,NA,NA,NA
2025,5,14,1,8,0,0,NA,NA,NA,NA,NA,1017,11.9,12.2,NA,NA,NA
2025,5,14,2,8,230,3.6,NA,NA,NA,NA,NA,1016.4,11.7,12.2,NA,NA,NA
2025,5,14,3,8,140,1,NA,NA,NA,NA,NA,1016.9,11.5,12.1,NA,NA,NA
2025,5,14,4,8,350,1.5,NA,NA,NA,NA,NA,1017.2,11.3,12.1,NA,NA,NA
2025,5,14,5,8,200,1.5,NA,NA,NA,NA,NA,1017.8,11.4,12,NA,NA,NA
2025,5,14,6,8,0,0,NA,NA,NA,NA,NA,1018.1,11.3,11.9,NA,NA,NA
2025,5,14,7,8,0,0,NA,NA,NA,NA,NA,1018.3,11.1,11.8,NA,NA,NA
2025,5,14,8,8,0,0,NA,NA,NA,NA,NA,1018.2,11,12.3,NA,NA,NA
2025,5,14,9,8,0,0,NA,NA,NA,NA,NA,1017.9,10.9,12.5,NA,NA,NA
2025,5,14,10,8,0,0,NA,NA,NA,NA,NA,1017.8,10.7,12.5,NA,NA,NA
2025,5,14,11,8,0,0,NA,NA,NA,NA,NA,1017.7,10.8,12.6,NA,NA,NA
2025,5,14,12,8,0,0,NA,NA,NA,NA,NA,1017.9,10.8,12.7,NA,NA,NA
2025,5,14,13,8,0,0,NA,NA,NA,NA,NA,1018.2,10.8,12.7,NA,NA,NA
2025,5,14,14,8,0,0,NA,NA,NA,NA,NA,1018.6,10.8,12.7,NA,NA,NA
2025,5,14,15,8,0,0,NA,NA,NA,NA,NA,1019.2,10.7,12.9,NA,NA,NA
2025,5,14,16,8,0,0,NA,NA,NA,NA,NA,1019.7,10.8,12.9,NA,NA,NA
2025,5,14,17,8,0,0,NA,NA,NA,NA,NA,1019.8,10.8,13,NA,NA,NA
2025,5,14,18,8,0,0,NA,NA,NA,NA,NA,1019.8,11.1,13.1,NA,NA,NA
2025,5,14,20,8,0,0,NA,NA,NA,NA,NA,1019,11.2,13.5,NA,NA,NA
2025,5,14,21,8,0,0,NA,NA,NA,NA,NA,1018.9,11.4,13.5,NA,NA,NA
2025,5,14,22,8,0,0,NA,NA,NA,NA,NA,1018.5,11.3,13.3,NA,NA,NA
2025,5,14,23,8,0,0,NA,NA,NA,NA,NA,1018.1,11.2,13.3,NA,NA,NA
2025,5,15,0,8,0,0,NA,NA,NA,NA,NA,1017.7,11.5,13.2,NA,NA,NA
2025,5,15,1,8,0,0,NA,NA,NA,NA,NA,1017.1,11.6,12.9,NA,NA,NA
2025,5,15,2,8,200,0.5,NA,NA,NA,NA,NA,1016.2,11.5,12.1,NA,NA,NA
2025,5,15,3,8,80,0.5,NA,NA,NA,NA,NA,1016.3,11.3,12.1,NA,NA,NA
2025,5,15,4,8,0,0,NA,NA,NA,NA,NA,1016.5,11.1,12.1,NA,NA,NA
2025,5,15,5,8,0,0,NA,NA,NA,NA,NA,1016.9,11,12,NA,NA,NA
2025,5,15,6,8,0,0,NA,NA,NA,NA,NA,1016.8,11,11.9,NA,NA,NA
2025,5,15,10,8,0,0,NA,NA,NA,NA,NA,1015.8,10.7,12.8,NA,NA,NA
2025,5,15,11,8,0,0,NA,NA,NA,NA,NA,1015.8,10.6,12.8,NA,NA,NA
2025,5,15,12,8,0,0,NA,NA,NA,NA,NA,1015.9,10.5,12.8,NA,NA,NA
2025,5,15,13,8,0,0,NA,NA,NA,NA,NA,1016.1,10.1,12.8,NA,NA,NA
2025,5,15,14,8,0,0,NA,NA,NA,NA,NA,1016.5,9.9,12.8,NA,NA,NA
2025,5,15,15,8,0,0,NA,NA,NA,NA,NA,1017.2,10.2,12.5,NA,NA,NA
2025,5,15,16,8,0,0,NA,NA,NA,NA,NA,1017.6,10.1,12.4,NA,NA,NA
2025,5,15,17,8,0,0,NA,NA,NA,NA,NA,1017.2,10.1,12.3,NA,NA,NA
2025,5,15,18,8,0,0,NA,NA,NA,NA,NA,1017.3,10.6,12.4,NA,NA,NA
2025,5,15,19,8,0,0,NA,NA,NA,NA,NA,1017.2,10.1,12.2,NA,NA,NA
2025,5,15,20,8,0,0,NA,NA,NA,NA,NA,1017.1,10.7,11.9,NA,NA,NA
2025,5,15,21,8,0,0,NA,NA,NA,NA,NA,1016.9,10.9,11.6,NA,NA,NA
2025,5,15,22,8,0,0,NA,NA,NA,NA,NA,1016.7,11.1,11.6,NA,NA,NA
2025,5,15,23,8,0,0,NA,NA,NA,NA,NA,1016.3,11.3,11.9,NA,NA,NA
2025,5,16,0,8,0,0,NA,NA,NA,NA,NA,1015.8,11.8,12.2,NA,NA,NA
2025,5,16,1,8,0,0,NA,NA,NA,NA,NA,1015.7,12,12.1,NA,NA,NA
2025,5,16,2,8,0,0,NA,NA,NA,NA,NA,1015,11.5,12.4,NA,NA,NA
2025,5,16,3,8,0,0,NA,NA,NA,NA,NA,1014.1,11.3,12.6,NA,NA,NA
2025,5,16,4,8,170,0.5,NA,NA,NA,NA,NA,1014.7,11.1,12.3,NA,NA,NA
2025,5,16,5,8,0,0,NA,NA,NA,NA,NA,1015,11.1,12.3,NA,NA,NA
2025,5,16,6,8,0,0,NA,NA,NA,NA,NA,1014.9,11,12.4,NA,NA,NA
2025,5,16,7,8,0,0,NA,NA,NA,NA,NA,1014.6,11.2,12.4,NA,NA,NA
2025,5,16,8,8,0,0,NA,NA,NA,NA,NA,1014.4,10.9,12.4,NA,NA,NA
2025,5,16,9,8,0,0,NA,NA,NA,NA,NA,1014.2,10.7,12.5,NA,NA,NA
2025,5,16,10,8,0,0,NA,NA,NA,NA,NA,1014.3,10.7,12.4,NA,NA,NA
2025,5,16,11,8,0,0,NA,NA,NA,NA,NA,1013.8,10.8,12.3,NA,NA,NA
2025,5,16,12,8,0,0,NA,NA,NA,NA,NA,1013.7,11,12.2,NA,NA,NA
2025,5,16,13,8,0,0,NA,NA,NA,NA,NA,1013.6,10.8,12.1,NA,NA,NA
2025,5,16,14,8,0,0,NA,NA,NA,NA,NA,1014,10.7,12.1,NA,NA,NA
2025,5,16,15,8,0,0,NA,NA,NA,NA,NA,1014.5,10.8,12.1,NA,NA,NA
2025,5,16,16,8,0,0,NA,NA,NA,NA,NA,1014.4,11.1,12.2,NA,NA,NA
2025,5,16,17,8,0,0,NA,NA,NA,NA,NA,1014.6,11.2,12.3,NA,NA,NA
2025,5,16,18,8,0,0,NA,NA,NA,NA,NA,1014.5,11.1,12.5,NA,NA,NA
2025,5,16,19,8,0,0,NA,NA,NA,NA,NA,1014.4,11.1,12.6,NA,NA,NA
2025,5,16,20,8,0,0,NA,NA,NA,NA,NA,1014.4,11.3,12.6,NA,NA,NA
2025,5,16,21,8,240,0.5,NA,NA,NA,NA,NA,1013.9,11.4,12.4,NA,NA,NA
2025,5,16,22,8,0,0,NA,NA,NA,NA,NA,1013.5,11.3,12.3,NA,NA,NA
2025,5,16,23,8,0,0,NA,NA,NA,NA,NA,1013,11.2,12.2,NA,NA,NA
2025,5,17,0,8,240,1,NA,NA,NA,NA,NA,1012.9,11.4,12.2,NA,NA,NA
2025,5,17,1,8,70,1.5,NA,NA,NA,NA,NA,1012.7,11.3,12,NA,NA,NA
2025,5,17,2,8,120,1,NA,NA,NA,NA,NA,1012.1,11.2,12,NA,NA,NA
2025,5,17,3,8,0,0,NA,NA,NA,NA,NA,1012.6,11,11.9,NA,NA,NA
2025,5,17,4,8,0,0,NA,NA,NA,NA,NA,1013.1,11.1,11.8,NA,NA,NA
2025,5,17,5,8,0,0,NA,NA,NA,NA,NA,1013.8,11,11.8,NA,NA,NA
2025,5,17,6,8,0,0,NA,NA,NA,NA,NA,1014.2,11.2,11.8,NA,NA,NA
2025,5,17,7,8,0,0,NA,NA,NA,NA,NA,1014.6,11.4,12.4,NA,NA,NA
2025,5,17,8,8,0,0,NA,NA,NA,NA,NA,1014.4,11.3,12.2,NA,NA,NA
2025,5,17,9,8,0,0,NA,NA,NA,NA,NA,1014.4,11,12.2,NA,NA,NA
2025,5,17,10,8,0,0,NA,NA,NA,NA,NA,1014.6,10.7,12.2,NA,NA,NA
2025,5,17,11,8,0,0,NA,NA,NA,NA,NA,1014.6,10.7,12.2,NA,NA,NA
2025,5,17,12,8,0,0,NA,NA,NA,NA,NA,1014.9,10.7,12.2,NA,NA,NA
2025,5,17,13,8,0,0,NA,NA,NA,NA,NA,1015,10.6,12.2,NA,NA,NA
2025,5,17,14,8,0,0,NA,NA,NA,NA,NA,1015.9,10.7,12.2,NA,NA,NA
2025,5,17,15,8,0,0,NA,NA,NA,NA,NA,1016.6,11,12,NA,NA,NA
2025,5,17,16,8,0,0,NA,NA,NA,NA,NA,1016.8,11.6,12,NA,NA,NA
2025,5,17,17,8,0,0,NA,NA,NA,NA,NA,1016.7,11.6,12,NA,NA,NA
2025,5,17,18,8,0,0,NA,NA,NA,NA,NA,1015.7,11.8,12,NA,NA,NA
2025,5,17,19,8,0,0,NA,NA,NA,NA,NA,1016.5,11.8,12,NA,NA,NA
2025,5,17,20,8,0,0,NA,NA,NA,NA,NA,1016.1,11.9,12.2,NA,NA,NA
2025,5,17,21,8,0,0,NA,NA,NA,NA,NA,1016,11.9,12.3,NA,NA,NA
2025,5,17,22,8,0,0,NA,NA,NA,NA,NA,1016.2,11.9,12.3,NA,NA,NA
2025,5,17,23,8,0,0,NA,NA,NA,NA,NA,1015.9,12,12.1,NA,NA,NA
2025,5,18,0,8,0,0,NA,NA,NA,NA,NA,1016.1,11.8,12.1,NA,NA,NA
2025,5,18,1,8,0,0,NA,NA,NA,NA,NA,1015.7,12,12.1,NA,NA,NA
2025,5,18,2,8,0,0,NA,NA,NA,NA,NA,1014.7,11.8,12,NA,NA,NA
2025,5,18,3,8,0,0,NA,NA,NA,NA,NA,1015,11.5,11.8,NA,NA,NA
2025,5,18,4,8,0,0,NA,NA,NA,NA,NA,1015.9,11.5,12.2,NA,NA,NA
2025,5,18,5,8,0,0,NA,NA,NA,NA,NA,1016.3,11.6,12.2,NA,NA,NA
2025,5,18,6,8,0,0,NA,NA,NA,NA,NA,1016.3,11.6,12.1,NA,NA,NA
2025,5,18,7,8,0,0,NA,NA,NA,NA,NA,1016,11.4,12.1,NA,NA,NA
2025,5,18,8,8,0,0,NA,NA,NA,NA,NA,1016.2,11.3,12.1,NA,NA,NA
2025,5,18,9,8,0,0,NA,NA,NA,NA,NA,1015.8,11.4,12.2,NA,NA,NA
2025,5,18,10,8,0,0,NA,NA,NA,NA,NA,1015.4,11.2,12.1,NA,NA,NA
2025,5,18,11,8,0,0,NA,NA,NA,NA,NA,1015.6,11,12.1,NA,NA,NA
2025,5,18,12,8,0,0,NA,NA,NA,NA,NA,1016.2,10.6,12.1,NA,NA,NA
2025,5,18,13,8,0,0,NA,NA,NA,NA,NA,1015.9,10.4,12.1,NA,NA,NA
2025,5,18,14,8,0,0,NA,NA,NA,NA,NA,1016.6,10.4,12.1,NA,NA,NA
2025,5,18,15,8,0,0,NA,NA,NA,NA,NA,1017.5,10.3,12.1,NA,NA,NA
2025,5,18,16,8,0,0,NA,NA,NA,NA,NA,1017.9,10.7,12.2,NA,NA,NA
2025,5,18,17,8,0,0,NA,NA,NA,NA,NA,1018.3,10.8,12.4,NA,NA,NA
2025,5,18,18,8,0,0,NA,NA,NA,NA,NA,1018.3,11,12.4,NA,NA,NA
2025,5,18,19,8,0,0,NA,NA,NA,NA,NA,1017.8,11.1,12.4,NA,NA,NA
2025,5,18,20,8,110,0.5,NA,NA,NA,NA,NA,1016.8,11.4,12.3,NA,NA,NA
2025,5,18,21,8,270,3.6,NA,NA,NA,NA,NA,1016.6,11.5,12.2,NA,NA,NA
2025,5,18,22,8,100,1,NA,NA,NA,NA,NA,1016.4,11.5,11.9,NA,NA,NA
2025,5,18,23,8,250,2.6,NA,NA,NA,NA,NA,1015.5,11.4,11.7,NA,NA,NA
2025,5,19,0,8,180,2.6,NA,NA,NA,NA,NA,1015,11.6,11.4,NA,NA,NA
2025,5,19,1,8,250,6.7,NA,NA,NA,NA,NA,1014.8,11.5,11.3,NA,NA,NA
2025,5,19,2,8,180,4.1,NA,NA,NA,NA,NA,1015.2,11.4,11.2,NA,NA,NA
2025,5,19,3,8,100,2.1,NA,NA,NA,NA,NA,1015.6,11.3,11.1,NA,NA,NA
2025,5,19,4,8,180,1,NA,NA,NA,NA,NA,1016.3,11.2,11.1,NA,NA,NA
2025,5,19,5,8,0,0,NA,NA,NA,NA,NA,1016.7,11,11.1,NA,NA,NA
2025,5,19,6,8,0,0,NA,NA,NA,NA,NA,1017.4,10.9,11,NA,NA,NA
2025,5,19,7,8,0,0,NA,NA,NA,NA,NA,1017.3,11,10.9,NA,NA,NA
2025,5,19,8,8,0,0,NA,NA,NA,NA,NA,1017.1,10.9,11.1,NA,NA,NA
2025,5,19,9,8,0,0,NA,NA,NA,NA,NA,1017.4,11,11.2,NA,NA,NA
2025,5,19,10,8,0,0,NA,NA,NA,NA,NA,1017.3,10.7,11.2,NA,NA,NA
2025,5,19,11,8,0,0,NA,NA,NA,NA,NA,1017.5,10.4,11.3,NA,NA,NA
2025,5,19,12,8,0,0,NA,NA,NA,NA,NA,1017.7,10.4,11.4,NA,NA,NA
2025,5,19,13,8,0,0,NA,NA,NA,NA,NA,1017.9,10.3,11.5,NA,NA,NA
2025,5,19,14,8,0,0,NA,NA,NA,NA,NA,1018.5,10.6,11.5,NA,NA,NA
2025,5,19,15,8,0,0,NA,NA,NA,NA,NA,1019.2,11.4,11.5,NA,NA,NA
2025,5,19,16,8,0,0,NA,NA,NA,NA,NA,1019.6,10.8,11.6,NA,NA,NA
2025,5,19,17,8,0,0,NA,NA,NA,NA,NA,1019.5,10.7,11.6,NA,NA,NA
2025,5,19,18,8,0,0,NA,NA,NA,NA,NA,1019.5,10.8,11.5,NA,NA,NA
2025,5,19,19,8,0,0,NA,NA,NA,NA,NA,1019.9,11.1,11.5,NA,NA,NA
2025,5,19,20,8,350,0.5,NA,NA,NA,NA,NA,1019,11.4,11.2,NA,NA,NA
2025,5,19,21,8,150,3.6,NA,NA,NA,NA,NA,1018.6,11.5,11.1,NA,NA,NA
2025,5,19,22,8,260,1.5,NA,NA,NA,NA,NA,1018.5,11.6,11.1,NA,NA,NA
2025,5,19,23,8,50,2.6,NA,NA,NA,NA,NA,1017.4,11.6,11,NA,NA,NA
2025,5,20,0,8,220,2.1,NA,NA,NA,NA,NA,1017,11.8,10.9,NA,NA,NA
2025,5,20,1,8,90,1.5,NA,NA,NA,NA,NA,1017,12.1,10.8,NA,NA,NA
2025,5,20,2,8,250,1.5,NA,NA,NA,NA,NA,1017.2,11.6,10.7,NA,NA,NA
2025,5,20,3,8,100,1.5,NA,NA,NA,NA,NA,1017.1,11.7,10.6,NA,NA,NA
2025,5,20,4,8,220,0.5,NA,NA,NA,NA,NA,1017.6,11.8,10.5,NA,NA,NA
2025,5,20,5,8,0,0,NA,NA,NA,NA,NA,1018.2,10.9,10.5,NA,NA,NA
2025,5,20,6,8,120,1.5,NA,NA,NA,NA,NA,1018.8,10.7,10.5,NA,NA,NA
2025,5,20,7,8,0,0,NA,NA,NA,NA,NA,1018.6,10.7,10.6,NA,NA,NA
2025,5,20,8,8,0,0,NA,NA,NA,NA,NA,1018.5,10.6,10.6,NA,NA,NA
2025,5,20,9,8,0,0,NA,NA,NA,NA,NA,1018,10.6,10.6,NA,NA,NA
2025,5,20,10,8,0,0,NA,NA,NA,NA,NA,1017.6,10.2,10.6,NA,NA,NA
2025,5,20,11,8,0,0,NA,NA,NA,NA,NA,1017.7,9.9,10.6,NA,NA,NA
2025,5,20,12,8,0,0,NA,NA,NA,NA,NA,1017.8,10.2,10.7,NA,NA,NA
2025,5,20,13,8,0,0,NA,NA,NA,NA,NA,1018.2,10.4,10.7,NA,NA,NA
2025,5,20,14,8,0,0,NA,NA,NA,NA,NA,1018.5,10.3,10.7,NA,NA,NA
2025,5,20,15,8,0,0,NA,NA,NA,NA,NA,1019.2,10.3,10.7,NA,NA,NA
2025,5,20,16,8,0,0,NA,NA,NA,NA,NA,1019.5,10,10.8,NA,NA,NA
2025,5,20,17,8,0,0,NA,NA,NA,NA,NA,1019.8,9.7,10.7,NA,NA,NA
2025,5,20,18,8,0,0,NA,NA,NA,NA,NA,1019.6,10.1,10.8,NA,NA,NA
2025,5,20,19,8,0,0,NA,NA,NA,NA,NA,1019.1,10.4,10.8,NA,NA,NA
2025,5,20,20,8,360,0.5,NA,NA,NA,NA,NA,1018,10.6,10.7,NA,NA,NA
2025,5,20,21,8,120,1.5,NA,NA,NA,NA,NA,1017,10.7,10.6,NA,NA,NA
2025,5,20,22,8,340,1.5,NA,NA,NA,NA,NA,1016.7,11,10.7,NA,NA,NA
2025,5,20,23,8,190,2.1,NA,NA,NA,NA,NA,1016.2,11.1,10.6,NA,NA,NA
2025,5,21,0,8,100,1.5,NA,NA,NA,NA,NA,1015.6,11.1,10.5,NA,NA,NA
2025,5,21,1,8,350,1.5,NA,NA,NA,NA,NA,1015.2,11.1,10.5,NA,NA,NA
2025,5,21,2,8,240,1,NA,NA,NA,NA,NA,1015.2,11.1,10.4,NA,NA,NA
2025,5,21,3,8,0,0,NA,NA,NA,NA,NA,1015.4,10.9,10.4,NA,NA,NA
2025,5,21,4,8,0,0,NA,NA,NA,NA,NA,1015.7,10.7,10.4,NA,NA,NA
2025,5,21,5,8,0,0,NA,NA,NA,NA,NA,1016.2,10.4,10.6,NA,NA,NA
2025,5,21,6,8,0,0,NA,NA,NA,NA,NA,1016.2,10.4,10.9,NA,NA,NA
2025,5,21,7,8,0,0,NA,NA,NA,NA,NA,1015.7,10.2,10.9,NA,NA,NA
2025,5,21,8,8,0,0,NA,NA,NA,NA,NA,1015.6,10.2,11,NA,NA,NA
2025,5,21,9,8,0,0,NA,NA,NA,NA,NA,1015.3,10,11.2,NA,NA,NA
2025,5,21,10,8,0,0,NA,NA,NA,NA,NA,1015,10.2,11.2,NA,NA,NA
2025,5,21,11,8,0,0,NA,NA,NA,NA,NA,1014.9,10,11.2,NA,NA,NA
2025,5,21,12,8,0,0,NA,NA,NA,NA,NA,1015,10.4,11.2,NA,NA,NA
2025,5,21,13,8,0,0,NA,NA,NA,NA,NA,1015,10,11.3,NA,NA,NA
2025,5,21,14,8,0,0,NA,NA,NA,NA,NA,1015.5,9,11.3,NA,NA,NA
2025,5,21,15,8,0,0,NA,NA,NA,NA,NA,1016.6,8.8,11.3,NA,NA,NA
2025,5,21,16,8,0,0,NA,NA,NA,NA,NA,1016.9,9.1,11.3,NA,NA,NA
2025,5,21,17,8,0,0,NA,NA,NA,NA,NA,1017,9.2,11.4,NA,NA,NA
2025,5,21,18,8,0,0,NA,NA,NA,NA,NA,1017.3,9,11.6,NA,NA,NA
2025,5,21,19,8,0,0,NA,NA,NA,NA,NA,1015.9,10.5,11.6,NA,NA,NA
2025,5,21,20,8,0,0,NA,NA,NA,NA,NA,1015.5,10.6,11.6,NA,NA,NA
2025,5,21,21,8,0,0,NA,NA,NA,NA,NA,1015.3,10.8,11.5,NA,NA,NA
2025,5,21,22,8,0,0,NA,NA,NA,NA,NA,1014.6,10.9,10.9,NA,NA,NA
2025,5,21,23,8,80,0.5,NA,NA,NA,NA,NA,1013.8,11.1,10.9,NA,NA,NA
2025,5,22,0,8,0,0,NA,NA,NA,NA,NA,1013.5,11.3,10.9,NA,NA,NA
2025,5,22,1,8,0,0,NA,NA,NA,NA,NA,1013.7,11.2,10.6,NA,NA,NA
2025,5,22,2,8,190,0.5,NA,NA,NA,NA,NA,1013.7,11.2,10.5,NA,NA,NA
2025,5,22,3,8,320,1,NA,NA,NA,NA,NA,1013.7,11,10.5,NA,NA,NA
2025,5,22,4,8,0,0,NA,NA,NA,NA,NA,1014.3,10.9,10.4,NA,NA,NA
2025,5,22,5,8,150,0.5,NA,NA,NA,NA,NA,1015,10.8,10.5,NA,NA,NA
2025,5,22,6,8,150,1,NA,NA,NA,NA,NA,1015.3,10.8,10.6,NA,NA,NA
2025,5,22,7,8,0,0,NA,NA,NA,NA,NA,1015,10.9,10.6,NA,NA,NA
2025,5,22,8,8,0,0,NA,NA,NA,NA,NA,1015.3,10.6,10.7,NA,NA,NA
2025,5,22,9,8,0,0,NA,NA,NA,NA,NA,1015.3,10.5,10.7,NA,NA,NA
2025,5,22,10,8,220,0.5,NA,NA,NA,NA,NA,1014.6,10.6,10.6,NA,NA,NA
2025,5,22,11,8,290,1,NA,NA,NA,NA,NA,1015,10.5,10.6,NA,NA,NA
2025,5,22,12,8,0,0,NA,NA,NA,NA,NA,1015.4,10.6,10.6,NA,NA,NA
2025,5,22,13,8,0,0,NA,NA,NA,NA,NA,1016.3,9.7,10.6,NA,NA,NA
2025,5,22,14,8,0,0,NA,NA,NA,NA,NA,1016.9,9.3,10.6,NA,NA,NA
2025,5,22,15,8,0,0,NA,NA,NA,NA,NA,1017.7,10.2,10.6,NA,NA,NA
2025,5,22,16,8,0,0,NA,NA,NA,NA,NA,1018.4,10.2,10.7,NA,NA,NA
2025,5,22,17,8,0,0,NA,NA,NA,NA,NA,1017.1,10.6,10.7,NA,NA,NA
2025,5,22,18,8,230,0.5,NA,NA,NA,NA,NA,1017.2,10.8,10.7,NA,NA,NA
2025,5,22,19,8,0,0,NA,NA,NA,NA,NA,1017,10.8,10.7,NA,NA,NA
2025,5,22,20,8,210,1,NA,NA,NA,NA,NA,1016.6,11,10.5,NA,NA,NA
2025,5,22,21,8,120,1.5,NA,NA,NA,NA,NA,1016.6,11.2,10.4,NA,NA,NA
2025,5,22,22,8,350,1.5,NA,NA,NA,NA,NA,1016.5,11.3,10.6,NA,NA,NA
2025,5,22,23,8,320,3.1,NA,NA,NA,NA,NA,1015.7,11.2,10.6,NA,NA,NA
2025,5,23,0,8,150,2.1,NA,NA,NA,NA,NA,1015.6,11.3,10.6,NA,NA,NA
2025,5,23,1,8,260,2.1,NA,NA,NA,NA,NA,1015.5,11.3,10.5,NA,NA,NA
2025,5,23,2,8,90,1.5,NA,NA,NA,NA,NA,1015.5,11.3,10.4,NA,NA,NA
2025,5,23,3,8,0,0,NA,NA,NA,NA,NA,1015.9,11.5,10.7,NA,NA,NA
2025,5,23,4,8,250,1,NA,NA,NA,NA,NA,1016.3,11.3,10.7,NA,NA,NA
2025,5,23,5,8,310,1.5,NA,NA,NA,NA,NA,1016.7,10.9,10.7,NA,NA,NA
2025,5,23,6,8,70,0.5,NA,NA,NA,NA,NA,1017,10.9,10.6,NA,NA,NA
2025,5,23,7,8,0,0,NA,NA,NA,NA,NA,1016.9,10.8,10.7,NA,NA,NA
2025,5,23,8,8,0,0,NA,NA,NA,NA,NA,1016.7,10.7,10.8,NA,NA,NA
2025,5,23,9,8,0,0,NA,NA,NA,NA,NA,1016.7,10.6,10.8,NA,NA,NA
2025,5,23,10,8,0,0,NA,NA,NA,NA,NA,1016.3,10.5,10.8,NA,NA,NA
2025,5,23,11,8,0,0,NA,NA,NA,NA,NA,1016.3,10.5,10.7,NA,NA,NA
2025,5,23,12,8,0,0,NA,NA,NA,NA,NA,1016.2,10.4,10.7,NA,NA,NA
2025,5,23,13,8,0,0,NA,NA,NA,NA,NA,1016.2,10.5,10.7,NA,NA,NA
2025,5,23,14,8,0,0,NA,NA,NA,NA,NA,1016.3,10.6,10.7,NA,NA,NA
2025,5,23,15,8,0,0,NA,NA,NA,NA,NA,1016.4,10.8,10.7,NA,NA,NA
2025,5,23,16,8,80,1.5,NA,NA,NA,NA,NA,1016.8,10.8,10.8,NA,NA,NA
2025,5,23,17,8,100,1,NA,NA,NA,NA,NA,1017.3,10.6,10.8,NA,NA,NA
2025,5,23,18,8,0,0,NA,NA,NA,NA,NA,1017.3,10.7,10.7,NA,NA,NA
2025,5,23,19,8,140,1,NA,NA,NA,NA,NA,1017.3,10.9,10.8,NA,NA,NA
2025,5,23,20,8,0,0,NA,NA,NA,NA,NA,1016.9,11.1,10.8,NA,NA,NA
2025,5,23,21,8,0,0,NA,NA,NA,NA,NA,1016.2,11.2,11.3,NA,NA,NA
2025,5,23,22,8,220,2.1,NA,NA,NA,NA,NA,1015.8,11.2,11.6,NA,NA,NA
2025,5,23,23,8,280,1,NA,NA,NA,NA,NA,1015.1,11.3,11.7,NA,NA,NA
2025,5,24,0,8,50,2.1,NA,NA,NA,NA,NA,1014.6,11.3,11.9,NA,NA,NA
2025,5,24,1,8,130,4.6,NA,NA,NA,NA,NA,1014.4,11.2,11.9,NA,NA,NA
2025,5,24,2,8,200,4.6,NA,NA,NA,NA,NA,1013.9,11.1,11.5,NA,NA,NA
2025,5,24,3,8,320,1.5,NA,NA,NA,NA,NA,1014.1,10.9,11.2,NA,NA,NA
2025,5,24,4,8,40,6.7,NA,NA,NA,NA,NA,1014.7,10.7,11,NA,NA,NA
2025,5,24,5,8,100,1,NA,NA,NA,NA,NA,1015.3,10.6,10.9,NA,NA,NA
2025,5,24,6,8,110,0.5,NA,NA,NA,NA,NA,1015.7,10.5,10.8,NA,NA,NA
2025,5,24,7,8,0,0,NA,NA,NA,NA,NA,1015.7,10.4,10.8,NA,NA,NA
2025,5,24,8,8,0,0,NA,NA,NA,NA,NA,1015.4,10.5,11.2,NA,NA,NA
2025,5,24,9,8,0,0,NA,NA,NA,NA,NA,1015.2,10.6,11.1,NA,NA,NA
2025,5,24,10,8,0,0,NA,NA,NA,NA,NA,1015.2,10.6,11.2,NA,NA,NA
2025,5,24,11,8,0,0,NA,NA,NA,NA,NA,1015.2,10.4,11.2,NA,NA,NA
2025,5,24,12,8,0,0,NA,NA,NA,NA,NA,1015.2,10.2,10.4,NA,NA,NA
2025,5,24,13,8,0,0,NA,NA,NA,NA,NA,1015.2,10,10.4,NA,NA,NA
2025,5,24,14,8,0,0,NA,NA,NA,NA,NA,1015.9,10,10.3,NA,NA,NA
2025,5,24,15,8,0,0,NA,NA,NA,NA,NA,1016.4,10.2,10.4,NA,NA,NA
2025,5,24,16,8,0,0,NA,NA,NA,NA,NA,1016.9,10.4,10.5,NA,NA,NA
2025,5,24,17,8,0,0,NA,NA,NA,NA,NA,1017.1,10.3,10.5,NA,NA,NA
2025,5,24,18,8,0,0,NA,NA,NA,NA,NA,1017.4,10.3,10.7,NA,NA,NA
2025,5,24,19,8,150,1,NA,NA,NA,NA,NA,1017.4,10.5,10.8,NA,NA,NA
2025,5,24,20,8,0,0,NA,NA,NA,NA,NA,1017.6,10.6,11,NA,NA,NA
2025,5,24,21,8,0,0,NA,NA,NA,NA,NA,1017.3,10.9,11.2,NA,NA,NA
2025,5,24,22,8,170,1,NA,NA,NA,NA,NA,1017.1,11.2,11.3,NA,NA,NA
2025,5,24,23,8,0,0,NA,NA,NA,NA,NA,1016.6,11.4,11.4,NA,NA,NA
2025,5,25,0,8,0,0,NA,NA,NA,NA,NA,1016.2,11.4,11.3,NA,NA,NA
2025,5,25,1,8,0,0,NA,NA,NA,NA,NA,1015.9,11.3,11,NA,NA,NA
2025,5,25,2,8,80,0.5,NA,NA,NA,NA,NA,1016,11.3,11,NA,NA,NA
2025,5,25,3,8,150,0.5,NA,NA,NA,NA,NA,1016.3,11.2,10.8,NA,NA,NA
2025,5,25,4,8,240,0.5,NA,NA,NA,NA,NA,1016.6,11.1,10.7,NA,NA,NA
2025,5,25,5,8,0,0,NA,NA,NA,NA,NA,1017.2,11,10.6,NA,NA,NA
2025,5,25,6,8,0,0,NA,NA,NA,NA,NA,1017.8,10.9,10.5,NA,NA,NA
2025,5,25,7,8,0,0,NA,NA,NA,NA,NA,1017.9,10.9,10.4,NA,NA,NA
2025,5,25,7,58,0,0,NA,NA,NA,NA,NA,1017.8,10.9,10.4,NA,NA,NA
2025,5,25,8,58,320,1,NA,NA,NA,NA,NA,1017.5,10.7,10.3,NA,NA,NA
2025,5,25,9,58,330,0.5,NA,NA,NA,NA,NA,1017.5,10.6,10.2,NA,NA,NA
2025,5,25,10,58,300,0.5,NA,NA,NA,NA,NA,1017.5,10.6,10.2,NA,NA,NA
2025,5,25,11,58,0,0,NA,NA,NA,NA,NA,1017.4,10.2,10.2,NA,NA,NA
2025,5,25,12,58,0,0,NA,NA,NA,NA,NA,1017.6,10.2,10.2,NA,NA,NA
2025,5,25,13,58,0,0,NA,NA,NA,NA,NA,1017.9,10.2,10.3,NA,NA,NA
2025,5,25,14,58,0,0,NA,NA,NA,NA,NA,1018.4,10.5,10.5,NA,NA,NA
2025,5,25,15,58,0,0,NA,NA,NA,NA,NA,1018.9,11.1,10.6,NA,NA,NA
2025,5,25,16,58,0,0,NA,NA,NA,NA,NA,1019,11.3,10.7,NA,NA,NA
2025,5,25,17,58,0,0,NA,NA,NA,NA,NA,1018.8,11.4,11,NA,NA,NA
2025,5,25,18,58,350,0.5,NA,NA,NA,NA,NA,1018.5,11.7,11.3,NA,NA,NA
2025,5,25,20,8,350,1.5,NA,NA,NA,NA,NA,1018.3,11.9,11.2,NA,NA,NA
2025,5,25,21,8,350,1,NA,NA,NA,NA,NA,1017.8,12.2,11.3,NA,NA,NA
2025,5,25,22,8,60,1,NA,NA,NA,NA,NA,1017.7,12.3,11.3,NA,NA,NA
2025,5,25,23,8,100,2.1,NA,NA,NA,NA,NA,1017.2,12.5,11.5,NA,NA,NA
2025,5,26,0,8,160,1,NA,NA,NA,NA,NA,1017,12.8,11.9,NA,NA,NA
2025,5,26,1,8,250,1.5,NA,NA,NA,NA,NA,1016.8,12.8,11.8,NA,NA,NA
2025,5,26,2,8,340,0.5,NA,NA,NA,NA,NA,1016.6,12.8,12.6,NA,NA,NA
2025,5,26,3,8,360,0.5,NA,NA,NA,NA,NA,1016.9,12.6,12.6,NA,NA,NA
2025,5,26,4,8,340,1,NA,NA,NA,NA,NA,1017.3,12.2,12.5,NA,NA,NA
2025,5,26,5,8,30,1,NA,NA,NA,NA,NA,1018,12.2,12.3,NA,NA,NA
2025,5,26,6,8,50,1.5,NA,NA,NA,NA,NA,1018.3,12.3,11.9,NA,NA,NA
2025,5,26,7,8,60,1,NA,NA,NA,NA,NA,1018.6,11.9,11.6,NA,NA,NA
2025,5,26,8,8,0,0,NA,NA,NA,NA,NA,1018.9,11.6,11.4,NA,NA,NA
2025,5,26,9,8,0,0,NA,NA,NA,NA,NA,1019,11.5,11.3,NA,NA,NA
2025,5,26,10,8,0,0,NA,NA,NA,NA,NA,1018.7,11.6,11.2,NA,NA,NA
2025,5,26,11,8,0,0,NA,NA,NA,NA,NA,1018.7,11,11.1,NA,NA,NA
2025,5,26,12,8,0,0,NA,NA,NA,NA,NA,1018.4,11,10.9,NA,NA,NA
2025,5,26,13,8,0,0,NA,NA,NA,NA,NA,1018.5,10.9,10.9,NA,NA,NA
2025,5,26,14,8,0,0,NA,NA,NA,NA,NA,1018.8,10.6,10.8,NA,NA,NA
2025,5,26,15,8,0,0,NA,NA,NA,NA,NA,1018.8,11.3,12.2,NA,NA,NA
2025,5,26,16,8,0,0,NA,NA,NA,NA,NA,1019,12,13.2,NA,NA,NA
2025,5,26,17,8,0,0,NA,NA,NA,NA,NA,1019,11.9,13.7,NA,NA,NA
2025,5,26,18,8,60,0.5,NA,NA,NA,NA,NA,1018.9,12.6,13.7,NA,NA,NA
2025,5,26,19,8,0,0,NA,NA,NA,NA,NA,1018.7,12.8,13.8,NA,NA,NA
2025,5,26,20,8,0,0,NA,NA,NA,NA,NA,1018.4,13,13.4,NA,NA,NA
2025,5,26,21,8,0,0,NA,NA,NA,NA,NA,1017.8,13,13.3,NA,NA,NA
2025,5,26,22,8,70,2.1,NA,NA,NA,NA,NA,1017.5,12.3,14.3,NA,NA,NA
2025,5,26,23,8,80,1,NA,NA,NA,NA,NA,1016.7,12.4,14.3,NA,NA,NA
2025,5,27,0,8,130,3.6,NA,NA,NA,NA,NA,1016.1,12.2,14.2,NA,NA,NA
2025,5,27,1,8,230,3.1,NA,NA,NA,NA,NA,1015.6,12,14.1,NA,NA,NA
2025,5,27,2,8,10,3.1,NA,NA,NA,NA,NA,1015.7,12.2,14,NA,NA,NA
2025,5,27,3,8,110,2.6,NA,NA,NA,NA,NA,1015.7,12.5,14,NA,NA,NA
2025,5,27,4,8,180,3.6,NA,NA,NA,NA,NA,1016.2,12.1,13.7,NA,NA,NA
2025,5,27,5,8,290,3.6,NA,NA,NA,NA,NA,1016.7,11.8,13.4,NA,NA,NA
2025,5,27,6,8,0,0,NA,NA,NA,NA,NA,1016.9,11.5,13.1,NA,NA,NA
2025,5,27,7,8,0,0,NA,NA,NA,NA,NA,1016.8,11.3,12.6,NA,NA,NA
2025,5,27,8,8,0,0,NA,NA,NA,NA,NA,1016.4,11.1,12.2,NA,NA,NA
2025,5,27,9,8,0,0,NA,NA,NA,NA,NA,1016.2,11.1,12,NA,NA,NA
2025,5,27,10,8,0,0,NA,NA,NA,NA,NA,1016,11,11.7,NA,NA,NA
2025,5,27,11,8,0,0,NA,NA,NA,NA,NA,1015.7,10.9,11.5,NA,NA,NA
2025,5,27,12,8,0,0,NA,NA,NA,NA,NA,1015.7,10.8,11.5,NA,NA,NA
2025,5,27,13,8,0,0,NA,NA,NA,NA,NA,1016,10.7,11.4,NA,NA,NA
2025,5,27,14,8,0,0,NA,NA,NA,NA,NA,1016.3,10.4,11.4,NA,NA,NA
2025,5,27,15,8,0,0,NA,NA,NA,NA,NA,1016.5,10.4,11.6,NA,NA,NA
2025,5,27,16,8,0,0,NA,NA,NA,NA,NA,1016.7,10.5,11.7,NA,NA,NA
2025,5,27,17,8,0,0,NA,NA,NA,NA,NA,1016.6,10.5,12.1,NA,NA,NA
2025,5,27,18,8,0,0,NA,NA,NA,NA,NA,1016.6,10.6,12.2,NA,NA,NA
2025,5,27,19,8,0,0,NA,NA,NA,NA,NA,1016.3,11,12.5,NA,NA,NA
2025,5,27,20,8,0,0,NA,NA,NA,NA,NA,1016,11.3,12.7,NA,NA,NA
2025,5,27,21,8,0,0,NA,NA,NA,NA,NA,1015.8,11.5,12.7,NA,NA,NA
2025,5,27,22,8,0,0,NA,NA,NA,NA,NA,1015.5,12,13.5,NA,NA,NA
2025,5,27,23,8,50,3.6,NA,NA,NA,NA,NA,1015.2,12.2,13.7,NA,NA,NA
2025,5,28,0,8,50,5.1,NA,NA,NA,NA,NA,1015.2,12.4,13.9,NA,NA,NA
2025,5,28,1,8,60,4.6,NA,NA,NA,NA,NA,1015.2,12,13.9,NA,NA,NA
2025,5,28,2,8,70,4.6,NA,NA,NA,NA,NA,1015.2,11.7,13.9,NA,NA,NA
2025,5,28,3,8,80,2.6,NA,NA,NA,NA,NA,1015.3,11.7,13.9,NA,NA,NA
2025,5,28,4,8,80,5.1,NA,NA,NA,NA,NA,1015.6,11.8,13.9,NA,NA,NA
2025,5,28,5,8,90,5.1,NA,NA,NA,NA,NA,1016,12,13.8,NA,NA,NA
2025,5,28,6,8,110,4.6,NA,NA,NA,NA,NA,1016.1,11.7,13.7,NA,NA,NA
2025,5,28,7,8,120,1.5,NA,NA,NA,NA,NA,1015.9,11.4,13.6,NA,NA,NA
2025,5,28,8,8,0,0,NA,NA,NA,NA,NA,1015.7,11.2,13.5,NA,NA,NA
2025,5,28,9,8,140,2.6,NA,NA,NA,NA,NA,1015.5,11.6,13.4,NA,NA,NA
2025,5,28,10,8,130,2.6,NA,NA,NA,NA,NA,1015.5,11,13.3,NA,NA,NA
2025,5,28,11,8,140,3.1,NA,NA,NA,NA,NA,1015.4,10.6,13,NA,NA,NA
2025,5,28,12,8,140,5.1,NA,NA,NA,NA,NA,1015.5,10.8,12.9,NA,NA,NA
2025,5,28,13,8,140,3.1,NA,NA,NA,NA,NA,1015.6,10.9,12.8,NA,NA,NA
2025,5,28,14,8,0,0,NA,NA,NA,NA,NA,1015.6,11.3,12.7,NA,NA,NA
2025,5,28,15,8,0,0,NA,NA,NA,NA,NA,1015.7,11.1,12.7,NA,NA,NA
2025,5,28,16,8,160,1,NA,NA,NA,NA,NA,1016.1,11.1,12.8,NA,NA,NA
2025,5,28,17,8,0,0,NA,NA,NA,NA,NA,1016.1,11.5,13,NA,NA,NA
2025,5,28,19,8,150,2.1,NA,NA,NA,NA,NA,1016.9,11.8,13.2,NA,NA,NA
2025,5,28,20,8,160,2.1,NA,NA,NA,NA,NA,1016.3,12,13.2,NA,NA,NA
2025,5,28,21,8,200,6.7,NA,NA,NA,NA,NA,1016.1,12,13.1,NA,NA,NA
2025,5,28,22,8,260,4.6,NA,NA,NA,NA,NA,1015.8,12.4,13,NA,NA,NA
2025,5,28,23,8,350,2.6,NA,NA,NA,NA,NA,1015.4,12.4,12.9,NA,NA,NA
2025,5,29,0,8,70,2.6,NA,NA,NA,NA,NA,1015.2,12.8,13,NA,NA,NA
2025,5,29,1,8,190,12.9,NA,NA,NA,NA,NA,1014.8,12.7,13.3,NA,NA,NA
2025,5,29,2,8,320,5.1,NA,NA,NA,NA,NA,1015,12.7,13,NA,NA,NA
2025,5,29,3,8,130,2.1,NA,NA,NA,NA,NA,1015.8,12.7,12.8,NA,NA,NA
2025,5,29,4,8,230,10.3,NA,NA,NA,NA,NA,1016.1,12.5,12.6,NA,NA,NA
2025,5,29,5,8,310,1,NA,NA,NA,NA,NA,1016.6,12.5,12.5,NA,NA,NA
2025,5,29,6,8,320,1,NA,NA,NA,NA,NA,1017.1,12.1,12.4,NA,NA,NA
2025,5,29,7,8,330,NA,NA,NA,NA,NA,NA,1017.1,11.9,12.2,NA,NA,NA
2025,5,29,8,8,340,6.7,NA,NA,NA,NA,NA,1017.2,11.7,11.9,NA,NA,NA
2025,5,29,9,8,350,2.1,NA,NA,NA,NA,NA,1017,11.5,11.8,NA,NA,NA
2025,5,29,10,8,10,0.5,NA,NA,NA,NA,NA,1017.1,11.3,11.6,NA,NA,NA
2025,5,29,11,8,20,1,NA,NA,NA,NA,NA,1016.8,11.3,11.5,NA,NA,NA
2025,5,29,12,8,0,0,NA,NA,NA,NA,NA,1017.1,11.3,11.3,NA,NA,NA
2025,5,29,13,8,0,0,NA,NA,NA,NA,NA,1017.2,11,11.3,NA,NA,NA
2025,5,29,14,8,0,0,NA,NA,NA,NA,NA,1017.5,11.3,11.5,NA,NA,NA
2025,5,29,15,8,0,0,NA,NA,NA,NA,NA,1017.9,10.9,11.3,NA,NA,NA
2025,5,29,16,8,0,0,NA,NA,NA,NA,NA,1017.8,11.5,12.4,NA,NA,NA
2025,5,29,17,8,0,0,NA,NA,NA,NA,NA,1017.9,12.1,13,NA,NA,NA
2025,5,29,18,8,50,2.6,NA,NA,NA,NA,NA,1017.8,12.2,13.4,NA,NA,NA
2025,5,29,19,8,50,5.7,NA,NA,NA,NA,NA,1017.7,12.4,13.7,NA,NA,NA
2025,5,29,20,8,50,4.1,NA,NA,NA,NA,NA,1017.4,12.8,13.6,NA,NA,NA
2025,5,29,21,8,60,3.1,NA,NA,NA,NA,NA,1016.5,12.7,13.5,NA,NA,NA
2025,5,29,22,8,70,1,NA,NA,NA,NA,NA,1015.9,12.6,12.8,NA,NA,NA
2025,5,29,23,8,100,1,NA,NA,NA,NA,NA,1015.1,12.4,12.4,NA,NA,NA
2025,5,30,0,8,110,1,NA,NA,NA,NA,NA,1014.6,12.3,11.8,NA,NA,NA
2025,5,30,1,8,130,1.5,NA,NA,NA,NA,NA,1014.2,12.5,11.7,NA,NA,NA
2025,5,30,2,8,190,2.1,NA,NA,NA,NA,NA,1014.3,12.2,12.1,NA,NA,NA
2025,5,30,3,8,280,2.1,NA,NA,NA,NA,NA,1014.7,11.8,12.2,NA,NA,NA
2025,5,30,4,8,40,1,NA,NA,NA,NA,NA,1014.9,11.4,12.1,NA,NA,NA
2025,5,30,5,8,130,1.5,NA,NA,NA,NA,NA,1015.7,11.2,12.1,NA,NA,NA
2025,5,30,6,8,150,1,NA,NA,NA,NA,NA,1016,11,11.8,NA,NA,NA
2025,5,30,7,8,160,2.1,NA,NA,NA,NA,NA,1016,10.9,11.7,NA,NA,NA
2025,5,30,8,8,170,1,NA,NA,NA,NA,NA,1015.9,11,11.4,NA,NA,NA
2025,5,30,9,8,170,1.5,NA,NA,NA,NA,NA,1015.5,10.7,11.3,NA,NA,NA
2025,5,30,10,8,180,0.5,NA,NA,NA,NA,NA,1015.2,10.4,11.3,NA,NA,NA
2025,5,30,11,8,180,1,NA,NA,NA,NA,NA,1015.2,10,11,NA,NA,NA
2025,5,30,12,8,180,1,NA,NA,NA,NA,NA,1015.3,10.2,11.2,NA,NA,NA
2025,5,30,13,8,170,1,NA,NA,NA,NA,NA,1015.5,10.2,11.1,NA,NA,NA
2025,5,30,14,8,0,0,NA,NA,NA,NA,NA,1015.8,10.3,11.1,NA,NA,NA
2025,5,30,15,8,0,0,NA,NA,NA,NA,NA,1016.1,10.2,11.1,NA,NA,NA
2025,5,30,16,8,0,0,NA,NA,NA,NA,NA,1016.5,9.8,11.1,NA,NA,NA
2025,5,30,17,8,0,0,NA,NA,NA,NA,NA,1016.3,10,11.2,NA,NA,NA
2025,5,30,18,8,0,0,NA,NA,NA,NA,NA,1016.5,10.1,11.7,NA,NA,NA
2025,5,30,19,8,0,0,NA,NA,NA,NA,NA,1016.2,10.5,11.7,NA,NA,NA
2025,5,30,20,8,0,0,NA,NA,NA,NA,NA,1016.3,10.7,11.5,NA,NA,NA
2025,5,30,21,8,0,0,NA,NA,NA,NA,NA,1015.9,11.6,12.1,NA,NA,NA
2025,5,30,22,8,0,0,NA,NA,NA,NA,NA,1014.5,12.1,11.8,NA,NA,NA
2025,5,30,23,8,0,0,NA,NA,NA,NA,NA,1014.3,12.3,11.9,NA,NA,NA
2025,5,31,0,8,0,0,NA,NA,NA,NA,NA,1014.1,11.9,12,NA,NA,NA
2025,5,31,1,8,0,0,NA,NA,NA,NA,NA,1013.7,11.1,11.5,NA,NA,NA
2025,5,31,2,8,0,0,NA,NA,NA,NA,NA,1013.9,10.9,11.8,NA,NA,NA
2025,5,31,3,8,0,0,NA,NA,NA,NA,NA,1013.9,10.7,11.5,NA,NA,NA
2025,5,31,4,8,0,0,NA,NA,NA,NA,NA,1013.7,10.4,11.1,NA,NA,NA
2025,5,31,5,8,0,0,NA,NA,NA,NA,NA,1014.3,10.7,10.9,NA,NA,NA
2025,5,31,6,8,0,0,NA,NA,NA,NA,NA,1014.4,10.8,11,NA,NA,NA
2025,5,31,7,8,0,0,NA,NA,NA,NA,NA,1014,10.4,11.2,NA,NA,NA
2025,5,31,8,8,0,0,NA,NA,NA,NA,NA,1013.6,10.6,11.5,NA,NA,NA
2025,5,31,9,8,0,0,NA,NA,NA,NA,NA,1013.3,10.3,11.5,NA,NA,NA
2025,5,31,10,8,0,0,NA,NA,NA,NA,NA,1013.2,10.1,11.4,NA,NA,NA
2025,5,31,11,8,0,0,NA,NA,NA,NA,NA,1013.3,10.6,11.4,NA,NA,NA
2025,5,31,12,8,0,0,NA,NA,NA,NA,NA,1013.2,10.6,11.4,NA,NA,NA
2025,5,31,13,8,0,0,NA,NA,NA,NA,NA,1013.2,10.4,11.4,NA,NA,NA
2025,5,31,14,8,0,0,NA,NA,NA,NA,NA,1013.6,9.9,11.4,NA,NA,NA
2025,5,31,15,8,0,0,NA,NA,NA,NA,NA,1014.2,10,11.4,NA,NA,NA
2025,5,31,16,8,0,0,NA,NA,NA,NA,NA,1015,10.6,11.1,NA,NA,NA
2025,5,31,17,8,0,0,NA,NA,NA,NA,NA,1015.3,10.2,11.1,NA,NA,NA
2025,5,31,18,8,0,0,NA,NA,NA,NA,NA,1015.6,10,11.2,NA,NA,NA
2025,5,31,19,8,0,0,NA,NA,NA,NA,NA,1015.5,11.4,12.1,NA,NA,NA
2025,5,31,20,8,0,0,NA,NA,NA,NA,NA,1014.2,12.1,11.9,NA,NA,NA
2025,5,31,21,8,0,0,NA,NA,NA,NA,NA,1013.9,12.6,12.2,NA,NA,NA
2025,5,31,22,8,0,0,NA,NA,NA,NA,NA,1013.5,12.7,12.2,NA,NA,NA
2025,5,31,23,8,0,0,NA,NA,NA,NA,NA,1013.2,12.7,11.6,NA,NA,NA
2025,6,1,0,8,0,0,NA,NA,NA,NA,NA,1012.7,13,11.9,NA,NA,NA
2025,6,1,1,8,0,0,NA,NA,NA,NA,NA,1012.4,13.2,11.8,NA,NA,NA
2025,6,1,2,8,0,0,NA,NA,NA,NA,NA,1012,13,11.5,NA,NA,NA
2025,6,1,3,8,0,0,NA,NA,NA,NA,NA,1012.2,12.6,11.6,NA,NA,NA
2025,6,1,4,8,0,0,NA,NA,NA,NA,NA,1012.1,12.6,11.4,NA,NA,NA
2025,6,1,5,8,0,0,NA,NA,NA,NA,NA,1012.5,12.5,11.9,NA,NA,NA
2025,6,1,6,8,0,0,NA,NA,NA,NA,NA,1012.8,12.7,12.1,NA,NA,NA
2025,6,1,7,8,0,0,NA,NA,NA,NA,NA,1012.7,12.6,11.9,NA,NA,NA
2025,6,1,8,8,0,0,NA,NA,NA,NA,NA,1012.2,12.4,12,NA,NA,NA
2025,6,1,9,8,0,0,NA,NA,NA,NA,NA,1012.1,12.3,12.1,NA,NA,NA
2025,6,1,10,8,0,0,NA,NA,NA,NA,NA,1012.2,12,11.9,NA,NA,NA
2025,6,1,11,8,0,0,NA,NA,NA,NA,NA,1012.3,11.7,11.7,NA,NA,NA
2025,6,1,12,8,0,0,NA,NA,NA,NA,NA,1012.6,11.9,11.4,NA,NA,NA
2025,6,1,13,8,0,0,NA,NA,NA,NA,NA,1012.7,11.7,11.4,NA,NA,NA
2025,6,1,14,8,0,0,NA,NA,NA,NA,NA,1013.2,11.6,11.5,NA,NA,NA
2025,6,1,15,8,0,0,NA,NA,NA,NA,NA,1013.6,11.6,11.6,NA,NA,NA
2025,6,1,16,8,0,0,NA,NA,NA,NA,NA,1014.1,11.8,11.5,NA,NA,NA
2025,6,1,17,8,0,0,NA,NA,NA,NA,NA,1014.1,11.8,11.5,NA,NA,NA
2025,6,1,18,8,0,0,NA,NA,NA,NA,NA,1014.3,11.7,11.5,NA,NA,NA
2025,6,1,19,8,0,0,NA,NA,NA,NA,NA,1014.2,11.8,12.6,NA,NA,NA
2025,6,1,20,8,0,0,NA,NA,NA,NA,NA,1014,12.2,12.9,NA,NA,NA
2025,6,1,21,8,0,0,NA,NA,NA,NA,NA,1013.7,12.2,12.6,NA,NA,NA
2025,6,1,22,8,0,0,NA,NA,NA,NA,NA,1013.1,12.4,12.6,NA,NA,NA
2025,6,1,23,8,0,0,NA,NA,NA,NA,NA,1012.7,12.4,12.2,NA,NA,NA
2025,6,2,0,8,0,0,NA,NA,NA,NA,NA,1012.3,12.4,12.2,NA,NA,NA
2025,6,2,1,8,0,0,NA,NA,NA,NA,NA,1011.9,12.6,12.1,NA,NA,NA
2025,6,2,2,8,0,0,NA,NA,NA,NA,NA,1011.7,12.5,12.2,NA,NA,NA
2025,6,2,3,8,0,0,NA,NA,NA,NA,NA,1011.8,12,12.1,NA,NA,NA
2025,6,2,4,8,0,0,NA,NA,NA,NA,NA,1011.8,12.1,12.1,NA,NA,NA
2025,6,2,5,8,0,0,NA,NA,NA,NA,NA,1012.1,12,11.9,NA,NA,NA
2025,6,2,6,8,0,0,NA,NA,NA,NA,NA,1012.2,12.1,12.3,NA,NA,NA
2025,6,2,7,8,0,0,NA,NA,NA,NA,NA,1012,12.2,12,NA,NA,NA
2025,6,2,8,8,0,0,NA,NA,NA,NA,NA,1011.8,12.4,12.2,NA,NA,NA
2025,6,2,9,8,0,0,NA,NA,NA,NA,NA,1011.6,12.7,13.2,NA,NA,NA
2025,6,2,10,8,0,0,NA,NA,NA,NA,NA,1011.3,13,14,NA,NA,NA
2025,6,2,11,8,0,0,NA,NA,NA,NA,NA,1011.3,13,14.1,NA,NA,NA
2025,6,2,12,8,0,0,NA,NA,NA,NA,NA,1011.4,12.6,13.6,NA,NA,NA
2025,6,2,13,8,0,0,NA,NA,NA,NA,NA,1012.1,12.5,13.5,NA,NA,NA
2025,6,2,14,8,0,0,NA,NA,NA,NA,NA,1012.7,12.4,13.5,NA,NA,NA
2025,6,2,15,8,0,0,NA,NA,NA,NA,NA,1013.3,12.7,14.1,NA,NA,NA
2025,6,2,16,8,0,0,NA,NA,NA,NA,NA,1014.2,13,13.7,NA,NA,NA
2025,6,2,17,8,0,0,NA,NA,NA,NA,NA,1014.1,13.2,14.1,NA,NA,NA
2025,6,2,18,8,0,0,NA,NA,NA,NA,NA,1014.6,13.4,14.1,NA,NA,NA
2025,6,2,19,8,0,0,NA,NA,NA,NA,NA,1014.5,13.4,14.3,NA,NA,NA
2025,6,2,20,8,0,0,NA,NA,NA,NA,NA,1014.7,13.7,14.4,NA,NA,NA
2025,6,2,21,8,350,1,NA,NA,NA,NA,NA,1014.8,13.8,14.6,NA,NA,NA
2025,6,2,22,8,0,0,NA,NA,NA,NA,NA,1014.7,14.2,14.8,NA,NA,NA
2025,6,2,23,8,0,0,NA,NA,NA,NA,NA,1014.5,14.5,14.8,NA,NA,NA
2025,6,3,0,8,0,0,NA,NA,NA,NA,NA,1014.2,14.2,14.6,NA,NA,NA
2025,6,3,1,8,0,0,NA,NA,NA,NA,NA,1014,14.4,14.9,NA,NA,NA
2025,6,3,2,8,0,0,NA,NA,NA,NA,NA,1014.1,14.4,14.8,NA,NA,NA
2025,6,3,3,8,0,0,NA,NA,NA,NA,NA,1014.3,14.2,14.7,NA,NA,NA
2025,6,3,4,8,0,0,NA,NA,NA,NA,NA,1014.6,13.9,14.5,NA,NA,NA
2025,6,3,5,8,0,0,NA,NA,NA,NA,NA,1015.3,13.4,14.5,NA,NA,NA
2025,6,3,6,8,0,0,NA,NA,NA,NA,NA,1015.6,13.4,14.2,NA,NA,NA
2025,6,3,7,8,0,0,NA,NA,NA,NA,NA,1015.6,13.2,14.1,NA,NA,NA
2025,6,3,8,8,0,0,NA,NA,NA,NA,NA,1015.2,12.8,14.3,NA,NA,NA
2025,6,3,9,8,0,0,NA,NA,NA,NA,NA,1015.1,13.1,14.5,NA,NA,NA
2025,6,3,10,8,0,0,NA,NA,NA,NA,NA,1015.1,13.1,14.4,NA,NA,NA
2025,6,3,11,8,0,0,NA,NA,NA,NA,NA,1015,12.9,14,NA,NA,NA
2025,6,3,12,8,0,0,NA,NA,NA,NA,NA,1015.3,12.9,13.8,NA,NA,NA
2025,6,3,13,8,0,0,NA,NA,NA,NA,NA,1015.6,12.7,13.6,NA,NA,NA
2025,6,3,14,8,0,0,NA,NA,NA,NA,NA,1015.8,13,13.5,NA,NA,NA
2025,6,3,15,8,0,0,NA,NA,NA,NA,NA,1015.9,13.4,13.5,NA,NA,NA
2025,6,3,16,8,0,0,NA,NA,NA,NA,NA,1016.3,13.2,13.6,NA,NA,NA
2025,6,3,17,8,0,0,NA,NA,NA,NA,NA,1016.5,13.5,13.7,NA,NA,NA
2025,6,3,18,8,0,0,NA,NA,NA,NA,NA,1016.5,13.2,13.5,NA,NA,NA
2025,6,3,19,8,0,0,NA,NA,NA,NA,NA,1016.3,13.4,13.7,NA,NA,NA
2025,6,3,20,8,0,0,NA,NA,NA,NA,NA,1015.8,13.7,14,NA,NA,NA
2025,6,3,21,8,0,0,NA,NA,NA,NA,NA,1015.2,14,14.7,NA,NA,NA
2025,6,3,22,8,0,0,NA,NA,NA,NA,NA,1014.9,14,14.8,NA,NA,NA
2025,6,3,23,8,0,0,NA,NA,NA,NA,NA,1014.3,14.2,14.4,NA,NA,NA
2025,6,4,0,8,0,0,NA,NA,NA,NA,NA,1013.8,14.1,14.3,NA,NA,NA
2025,6,4,1,8,0,0,NA,NA,NA,NA,NA,1013.2,13.9,14.3,NA,NA,NA
2025,6,4,2,8,0,0,NA,NA,NA,NA,NA,1012.7,13.6,14.3,NA,NA,NA
2025,6,4,3,8,0,0,NA,NA,NA,NA,NA,1012.6,13.4,14.5,NA,NA,NA
2025,6,4,4,8,0,0,NA,NA,NA,NA,NA,1012.6,13.2,14.1,NA,NA,NA
2025,6,4,5,8,0,0,NA,NA,NA,NA,NA,1013,13,13.8,NA,NA,NA
2025,6,4,6,8,0,0,NA,NA,NA,NA,NA,1012.9,12.8,13.7,NA,NA,NA
2025,6,4,7,8,0,0,NA,NA,NA,NA,NA,1012.6,12.6,13.5,NA,NA,NA
2025,6,4,8,8,0,0,NA,NA,NA,NA,NA,1012.2,12.5,13.5,NA,NA,NA
2025,6,4,9,8,0,0,NA,NA,NA,NA,NA,1012,12.3,13.5,NA,NA,NA
2025,6,4,10,8,0,0,NA,NA,NA,NA,NA,1011.8,12.1,13.4,NA,NA,NA
2025,6,4,11,8,0,0,NA,NA,NA,NA,NA,1011.7,12.3,13.3,NA,NA,NA
2025,6,4,12,8,0,0,NA,NA,NA,NA,NA,1011.5,12.3,13.4,NA,NA,NA
2025,6,4,13,8,0,0,NA,NA,NA,NA,NA,1011.7,12.3,13.4,NA,NA,NA
2025,6,4,14,8,0,0,NA,NA,NA,NA,NA,1012,12.2,13.6,NA,NA,NA
2025,6,4,15,8,0,0,NA,NA,NA,NA,NA,1012.1,12.1,13.7,NA,NA,NA
2025,6,4,16,8,0,0,NA,NA,NA,NA,NA,1012.2,12.1,13.7,NA,NA,NA
2025,6,4,17,8,0,0,NA,NA,NA,NA,NA,1012.3,12.2,13.9,NA,NA,NA
2025,6,4,18,8,0,0,NA,NA,NA,NA,NA,1012.4,12.7,14,NA,NA,NA
2025,6,4,19,8,0,0,NA,NA,NA,NA,NA,1012.7,13.1,14.1,NA,NA,NA
2025,6,4,20,8,0,0,NA,NA,NA,NA,NA,1012.7,13.4,14.3,NA,NA,NA
2025,6,4,21,8,0,0,NA,NA,NA,NA,NA,1012.4,13.4,14.6,NA,NA,NA
2025,6,4,22,8,0,0,NA,NA,NA,NA,NA,1012,13.6,14.8,NA,NA,NA
2025,6,4,23,8,0,0,NA,NA,NA,NA,NA,1011.9,13.6,14.8,NA,NA,NA
2025,6,5,0,8,0,0,NA,NA,NA,NA,NA,1011.6,13.9,14.9,NA,NA,NA
2025,6,5,1,8,0,0,NA,NA,NA,NA,NA,1011.5,13.7,14.7,NA,NA,NA
2025,6,5,2,8,0,0,NA,NA,NA,NA,NA,1011.4,13.6,14.9,NA,NA,NA
2025,6,5,3,8,0,0,NA,NA,NA,NA,NA,1011.5,13.4,14.9,NA,NA,NA
2025,6,5,4,8,0,0,NA,NA,NA,NA,NA,1011.6,13.4,15,NA,NA,NA
2025,6,5,5,8,0,0,NA,NA,NA,NA,NA,1011.9,13.4,14.8,NA,NA,NA
2025,6,5,6,8,0,0,NA,NA,NA,NA,NA,1011.9,13.4,14.6,NA,NA,NA
2025,6,5,7,8,0,0,NA,NA,NA,NA,NA,1011.9,13.4,14.6,NA,NA,NA
2025,6,5,8,8,0,0,NA,NA,NA,NA,NA,1011.6,13.4,14.6,NA,NA,NA
2025,6,5,9,8,0,0,NA,NA,NA,NA,NA,1011.6,13.4,14.6,NA,NA,NA
2025,6,5,10,8,0,0,NA,NA,NA,NA,NA,1011.4,13.3,14.6,NA,NA,NA
2025,6,5,11,8,0,0,NA,NA,NA,NA,NA,1011.4,13.2,14.6,NA,NA,NA
2025,6,5,12,8,0,0,NA,NA,NA,NA,NA,1011.5,13.1,14.6,NA,NA,NA
2025,6,5,13,8,0,0,NA,NA,NA,NA,NA,1011.7,13.1,14.5,NA,NA,NA
2025,6,5,14,8,0,0,NA,NA,NA,NA,NA,1012.3,13.2,14.7,NA,NA,NA
2025,6,5,15,8,0,0,NA,NA,NA,NA,NA,1012.5,13.2,14.6,NA,NA,NA
2025,6,5,16,8,0,0,NA,NA,NA,NA,NA,1013,13,14.7,NA,NA,NA
2025,6,5,17,8,0,0,NA,NA,NA,NA,NA,1013.1,13.2,14.8,NA,NA,NA
2025,6,5,18,8,0,0,NA,NA,NA,NA,NA,1013.3,13.5,14.7,NA,NA,NA
2025,6,5,19,8,0,0,NA,NA,NA,NA,NA,1013.4,13.6,14.8,NA,NA,NA
2025,6,5,20,8,0,0,NA,NA,NA,NA,NA,1013.4,13.5,14.6,NA,NA,NA
2025,6,5,21,8,0,0,NA,NA,NA,NA,NA,1013.3,13.9,14.7,NA,NA,NA
2025,6,5,22,8,0,0,NA,NA,NA,NA,NA,1012.9,13.7,14.9,NA,NA,NA
2025,6,5,23,8,0,0,NA,NA,NA,NA,NA,1012.7,13.8,15,NA,NA,NA
2025,6,6,0,8,0,0,NA,NA,NA,NA,NA,1012.3,14,14.9,NA,NA,NA
2025,6,6,1,8,0,0,NA,NA,NA,NA,NA,1011.9,14,15,NA,NA,NA
2025,6,6,2,8,0,0,NA,NA,NA,NA,NA,1011.8,13.9,15,NA,NA,NA
2025,6,6,3,8,0,0,NA,NA,NA,NA,NA,1011.9,13.9,14.9,NA,NA,NA
2025,6,6,4,8,0,0,NA,NA,NA,NA,NA,1012,14,14.8,NA,NA,NA
2025,6,6,5,8,0,0,NA,NA,NA,NA,NA,1012.6,13.9,15,NA,NA,NA
2025,6,6,6,8,0,0,NA,NA,NA,NA,NA,1012.8,13.8,14.9,NA,NA,NA
2025,6,6,7,8,0,0,NA,NA,NA,NA,NA,1012.5,13.7,14.8,NA,NA,NA
2025,6,6,8,8,0,0,NA,NA,NA,NA,NA,1012.4,13.6,14.8,NA,NA,NA
2025,6,6,9,8,0,0,NA,NA,NA,NA,NA,1012.2,13.5,14.7,NA,NA,NA
2025,6,6,10,8,0,0,NA,NA,NA,NA,NA,1012.1,13.4,14.6,NA,NA,NA
2025,6,6,11,8,0,0,NA,NA,NA,NA,NA,1012.3,13.2,14.5,NA,NA,NA
2025,6,6,12,8,0,0,NA,NA,NA,NA,NA,1012.4,13.3,14.5,NA,NA,NA
2025,6,6,13,8,0,0,NA,NA,NA,NA,NA,1012.7,13.1,14.5,NA,NA,NA
2025,6,6,14,8,0,0,NA,NA,NA,NA,NA,1013.2,13.1,14.5,NA,NA,NA
2025,6,6,15,8,0,0,NA,NA,NA,NA,NA,1013.5,13.2,14.5,NA,NA,NA
2025,6,6,16,8,0,0,NA,NA,NA,NA,NA,1014,13.3,14.6,NA,NA,NA
2025,6,6,17,8,0,0,NA,NA,NA,NA,NA,1014.4,13.4,14.6,NA,NA,NA
2025,6,6,18,8,0,0,NA,NA,NA,NA,NA,1014.5,13.6,14.8,NA,NA,NA
2025,6,6,19,8,0,0,NA,NA,NA,NA,NA,1014.6,13.8,14.9,NA,NA,NA
2025,6,6,20,8,0,0,NA,NA,NA,NA,NA,1014.6,14,15,NA,NA,NA
2025,6,6,21,8,0,0,NA,NA,NA,NA,NA,1014.4,14.1,15,NA,NA,NA
2025,6,6,22,8,0,0,NA,NA,NA,NA,NA,1014,14.2,15,NA,NA,NA
2025,6,6,23,8,0,0,NA,NA,NA,NA,NA,1013.8,14.2,15.1,NA,NA,NA
2025,6,7,0,8,0,0,NA,NA,NA,NA,NA,1013.5,14.4,15.1,NA,NA,NA
2025,6,7,1,8,0,0,NA,NA,NA,NA,NA,1013.2,14.3,15.1,NA,NA,NA
2025,6,7,2,8,0,0,NA,NA,NA,NA,NA,1013.2,14.2,15,NA,NA,NA
2025,6,7,3,8,0,0,NA,NA,NA,NA,NA,1013.4,14.1,15,NA,NA,NA
2025,6,7,4,8,0,0,NA,NA,NA,NA,NA,1013.8,14,14.9,NA,NA,NA
2025,6,7,5,8,0,0,NA,NA,NA,NA,NA,1014.2,14.1,14.9,NA,NA,NA
2025,6,7,6,8,0,0,NA,NA,NA,NA,NA,1014.2,13.9,14.8,NA,NA,NA
2025,6,7,7,8,0,0,NA,NA,NA,NA,NA,1014.3,13.8,14.8,NA,NA,NA
2025,6,7,8,8,0,0,NA,NA,NA,NA,NA,1014.4,13.7,14.7,NA,NA,NA
2025,6,7,9,8,0,0,NA,NA,NA,NA,NA,1014.1,13.4,14.7,NA,NA,NA
2025,6,7,10,8,0,0,NA,NA,NA,NA,NA,1014,13.5,14.6,NA,NA,NA
2025,6,7,11,8,0,0,NA,NA,NA,NA,NA,1014.1,13.3,14.5,NA,NA,NA
2025,6,7,12,8,0,0,NA,NA,NA,NA,NA,1014.5,13.3,14.5,NA,NA,NA
2025,6,7,13,8,0,0,NA,NA,NA,NA,NA,1014.9,13.4,14.5,NA,NA,NA
2025,6,7,14,8,0,0,NA,NA,NA,NA,NA,1015.6,13.3,14.5,NA,NA,NA
2025,6,7,15,8,0,0,NA,NA,NA,NA,NA,1015.9,13.3,14.6,NA,NA,NA
2025,6,7,16,8,0,0,NA,NA,NA,NA,NA,1016.3,13.5,14.7,NA,NA,NA
2025,6,7,17,8,0,0,NA,NA,NA,NA,NA,1016.2,13.5,14.7,NA,NA,NA
2025,6,7,18,8,0,0,NA,NA,NA,NA,NA,1016.2,13.7,14.6,NA,NA,NA
2025,6,7,19,8,0,0,NA,NA,NA,NA,NA,1016.3,13.8,14.6,NA,NA,NA
2025,6,7,20,8,0,0,NA,NA,NA,NA,NA,1016.1,13.8,14.6,NA,NA,NA
2025,6,7,21,8,0,0,NA,NA,NA,NA,NA,1015.9,13.9,14.8,NA,NA,NA
2025,6,7,22,8,0,0,NA,NA,NA,NA,NA,1015.6,13.9,14.9,NA,NA,NA
2025,6,7,23,8,0,0,NA,NA,NA,NA,NA,1015.5,14.1,14.9,NA,NA,NA
2025,6,8,0,8,0,0,NA,NA,NA,NA,NA,1015.4,14.2,14.9,NA,NA,NA
2025,6,8,1,8,0,0,NA,NA,NA,NA,NA,1015.3,14.2,14.7,NA,NA,NA
2025,6,8,2,8,0,0,NA,NA,NA,NA,NA,1015.7,14.1,14.7,NA,NA,NA
2025,6,8,3,8,0,0,NA,NA,NA,NA,NA,1016.1,14,14.7,NA,NA,NA
2025,6,8,4,8,0,0,NA,NA,NA,NA,NA,1016.1,13.7,14.7,NA,NA,NA
2025,6,8,5,8,0,0,NA,NA,NA,NA,NA,1016.4,13.5,14.7,NA,NA,NA
2025,6,8,6,8,0,0,NA,NA,NA,NA,NA,1016.6,13.7,14.6,NA,NA,NA
2025,6,8,7,8,0,0,NA,NA,NA,NA,NA,1016.5,13.4,14.5,NA,NA,NA
2025,6,8,8,8,0,0,NA,NA,NA,NA,NA,1016.1,13.3,14.4,NA,NA,NA
2025,6,8,9,8,0,0,NA,NA,NA,NA,NA,1016,13,14,NA,NA,NA
2025,6,8,10,8,0,0,NA,NA,NA,NA,NA,1015.6,12.8,13.9,NA,NA,NA
2025,6,8,11,8,0,0,NA,NA,NA,NA,NA,1015.2,12.9,13.8,NA,NA,NA
2025,6,8,12,8,0,0,NA,NA,NA,NA,NA,1015.2,12.7,14,NA,NA,NA
2025,6,8,13,8,0,0,NA,NA,NA,NA,NA,1015.3,12.9,14,NA,NA,NA
2025,6,8,14,8,0,0,NA,NA,NA,NA,NA,1015.8,12.9,14,NA,NA,NA
2025,6,8,15,8,0,0,NA,NA,NA,NA,NA,1016,13.1,14,NA,NA,NA
2025,6,8,16,8,0,0,NA,NA,NA,NA,NA,1016.5,13.2,14.2,NA,NA,NA
2025,6,8,17,8,0,0,NA,NA,NA,NA,NA,1016.4,13.3,14.3,NA,NA,NA
2025,6,8,18,8,0,0,NA,NA,NA,NA,NA,1016.5,13.4,14.5,NA,NA,NA
2025,6,8,19,8,0,0,NA,NA,NA,NA,NA,1016.6,13.5,14.5,NA,NA,NA
2025,6,8,20,8,0,0,NA,NA,NA,NA,NA,1016.6,13.9,14.6,NA,NA,NA
2025,6,8,21,8,0,0,NA,NA,NA,NA,NA,1016.1,14.1,14.6,NA,NA,NA
2025,6,8,22,8,0,0,NA,NA,NA,NA,NA,1015.8,14.1,14.7,NA,NA,NA
2025,6,8,23,8,0,0,NA,NA,NA,NA,NA,1015.7,13.8,14.7,NA,NA,NA
2025,6,9,0,8,0,0,NA,NA,NA,NA,NA,1015.6,13.5,14.6,NA,NA,NA
2025,6,9,1,8,0,0,NA,NA,NA,NA,NA,1015.2,13.9,14.6,NA,NA,NA
2025,6,9,2,8,0,0,NA,NA,NA,NA,NA,1015.2,13.7,14.6,NA,NA,NA
2025,6,9,3,8,0,0,NA,NA,NA,NA,NA,1014.8,13.4,14.5,NA,NA,NA
2025,6,9,4,8,0,0,NA,NA,NA,NA,NA,1014.5,13.1,14.5,NA,NA,NA
2025,6,9,5,8,0,0,NA,NA,NA,NA,NA,1014.8,12.5,14.5,NA,NA,NA
2025,6,9,6,8,0,0,NA,NA,NA,NA,NA,1014.7,12.4,14.5,NA,NA,NA
2025,6,9,7,8,0,0,NA,NA,NA,NA,NA,1014.4,11.9,14.5,NA,NA,NA
2025,6,9,8,8,0,0,NA,NA,NA,NA,NA,1014.3,11.7,14.5,NA,NA,NA
2025,6,9,9,8,0,0,NA,NA,NA,NA,NA,1014.5,11.8,14.5,NA,NA,NA
2025,6,9,10,8,0,0,NA,NA,NA,NA,NA,1014.5,11.8,14.5,NA,NA,NA
2025,6,9,11,8,0,0,NA,NA,NA,NA,NA,1014.2,11.8,14.4,NA,NA,NA
2025,6,9,12,8,0,0,NA,NA,NA,NA,NA,1013.9,12,14.5,NA,NA,NA
2025,6,9,13,8,0,0,NA,NA,NA,NA,NA,1013.7,12.2,14.5,NA,NA,NA
2025,6,9,14,8,0,0,NA,NA,NA,NA,NA,1014.1,12.2,14.6,NA,NA,NA
2025,6,9,15,8,0,0,NA,NA,NA,NA,NA,1014.3,12.3,14.7,NA,NA,NA
2025,6,9,16,8,0,0,NA,NA,NA,NA,NA,1014.8,12.3,14.6,NA,NA,NA
2025,6,9,17,8,0,0,NA,NA,NA,NA,NA,1014.9,12.3,14.6,NA,NA,NA
2025,6,9,18,8,0,0,NA,NA,NA,NA,NA,1015.3,12.6,14.4,NA,NA,NA
2025,6,9,19,8,0,0,NA,NA,NA,NA,NA,1015.3,12.7,14.4,NA,NA,NA
2025,6,9,20,8,0,0,NA,NA,NA,NA,NA,1015,13,14.5,NA,NA,NA
2025,6,9,21,8,0,0,NA,NA,NA,NA,NA,1014.9,13.2,14.6,NA,NA,NA
2025,6,9,22,8,0,0,NA,NA,NA,NA,NA,1014.7,13.5,14.5,NA,NA,NA
2025,6,9,23,8,0,0,NA,NA,NA,NA,NA,1014.3,13.5,14.5,NA,NA,NA
2025,6,10,0,8,0,0,NA,NA,NA,NA,NA,1014,13.6,14.6,NA,NA,NA
2025,6,10,1,8,0,0,NA,NA,NA,NA,NA,1013.8,13.5,14.6,NA,NA,NA
2025,6,10,2,8,170,1,NA,NA,NA,NA,NA,1013.7,13.1,14.4,NA,NA,NA
2025,6,10,3,8,0,0,NA,NA,NA,NA,NA,1014.1,13,14.6,NA,NA,NA
2025,6,10,4,8,0,0,NA,NA,NA,NA,NA,1014,13.1,14.5,NA,NA,NA
2025,6,10,5,8,0,0,NA,NA,NA,NA,NA,1014.4,13.1,14.3,NA,NA,NA
2025,6,10,6,8,0,0,NA,NA,NA,NA,NA,1014.5,13,14.2,NA,NA,NA
2025,6,10,7,8,0,0,NA,NA,NA,NA,NA,1014.4,13,14.1,NA,NA,NA
2025,6,10,8,8,0,0,NA,NA,NA,NA,NA,1014.6,12.7,14.1,NA,NA,NA
2025,6,10,9,8,0,0,NA,NA,NA,NA,NA,1014.4,12.2,14.1,NA,NA,NA
2025,6,10,10,8,280,1.5,NA,NA,NA,NA,NA,1014.4,12,14.2,NA,NA,NA
2025,6,10,11,8,190,0.5,NA,NA,NA,NA,NA,1014.4,12,14.1,NA,NA,NA
2025,6,10,12,8,220,1,NA,NA,NA,NA,NA,1014.3,12.4,14,NA,NA,NA
2025,6,10,13,8,160,0.5,NA,NA,NA,NA,NA,1014.5,12.2,13.9,NA,NA,NA
2025,6,10,14,8,0,0,NA,NA,NA,NA,NA,1015.2,12.4,13.9,NA,NA,NA
2025,6,10,15,8,0,0,NA,NA,NA,NA,NA,1015,12.2,14,NA,NA,NA
2025,6,10,16,8,0,0,NA,NA,NA,NA,NA,1015.4,12.4,14,NA,NA,NA
2025,6,10,17,8,70,1,NA,NA,NA,NA,NA,1015.6,12.6,14.3,NA,NA,NA
2025,6,10,18,8,60,1,NA,NA,NA,NA,NA,1015.8,12.8,14.5,NA,NA,NA
2025,6,10,19,8,0,0,NA,NA,NA,NA,NA,1016.2,13,14.4,NA,NA,NA
2025,6,10,19,58,20,0.5,NA,NA,NA,NA,NA,1016.1,13,14.4,NA,NA,NA
2025,6,10,20,58,10,0.5,NA,NA,NA,NA,NA,1015.7,13.2,14.2,NA,NA,NA
2025,6,10,21,58,230,0.5,NA,NA,NA,NA,NA,1015.4,13.1,13.8,NA,NA,NA
2025,6,10,22,58,0,0,NA,NA,NA,NA,NA,1015,13.3,13.7,NA,NA,NA
2025,6,10,23,58,0,0,NA,NA,NA,NA,NA,1014.8,13.2,13.5,NA,NA,NA
2025,6,11,0,58,120,1,NA,NA,NA,NA,NA,1014.5,12.8,13.2,NA,NA,NA
2025,6,11,1,58,60,1,NA,NA,NA,NA,NA,1014.7,12.6,13,NA,NA,NA
2025,6,11,2,58,160,0.5,NA,NA,NA,NA,NA,1014.8,12.3,12.8,NA,NA,NA
2025,6,11,3,58,0,0,NA,NA,NA,NA,NA,1014.6,12.3,12.7,NA,NA,NA
2025,6,11,4,58,0,0,NA,NA,NA,NA,NA,1015.2,12.3,12.7,NA,NA,NA
2025,6,11,5,58,340,0.5,NA,NA,NA,NA,NA,1015.7,12.1,12.7,NA,NA,NA
2025,6,11,6,58,0,0,NA,NA,NA,NA,NA,1015.6,12,12.6,NA,NA,NA
2025,6,11,8,18,0,0,NA,NA,NA,NA,NA,1015.5,12,12.7,NA,NA,NA
2025,6,11,9,8,0,0,NA,NA,NA,NA,NA,1015.3,12,12.8,NA,NA,NA
2025,6,11,10,8,0,0,NA,NA,NA,NA,NA,1015.3,11.7,13,NA,NA,NA
2025,6,11,11,8,0,0,NA,NA,NA,NA,NA,1014.9,11.6,13,NA,NA,NA
2025,6,11,12,8,0,0,NA,NA,NA,NA,NA,1015.3,11.7,13.1,NA,NA,NA
2025,6,11,13,8,0,0,NA,NA,NA,NA,NA,1015,11.6,13.1,NA,NA,NA
2025,6,11,14,8,0,0,NA,NA,NA,NA,NA,1015.6,11.5,13.2,NA,NA,NA
2025,6,11,15,8,0,0,NA,NA,NA,NA,NA,1016,11.5,13.3,NA,NA,NA
2025,6,11,16,8,0,0,NA,NA,NA,NA,NA,1016.1,12,13.2,NA,NA,NA
2025,6,11,17,8,0,0,NA,NA,NA,NA,NA,1016.2,12,13,NA,NA,NA
2025,6,11,18,8,0,0,NA,NA,NA,NA,NA,1016.4,12.2,12.9,NA,NA,NA
2025,6,11,19,8,0,0,NA,NA,NA,NA,NA,1016.6,12.3,12.8,NA,NA,NA
2025,6,11,20,8,0,0,NA,NA,NA,NA,NA,1016.3,12.3,12.8,NA,NA,NA
2025,6,11,21,8,0,0,NA,NA,NA,NA,NA,1016.1,12.4,12.8,NA,NA,NA
2025,6,11,22,8,310,1,NA,NA,NA,NA,NA,1015.7,12.5,12.8,NA,NA,NA
2025,6,11,23,8,160,0.5,NA,NA,NA,NA,NA,1015.3,12.5,12.8,NA,NA,NA
2025,6,12,0,8,160,1,NA,NA,NA,NA,NA,1014.9,12.5,12.5,NA,NA,NA
2025,6,12,1,8,130,1,NA,NA,NA,NA,NA,1014.4,12.5,12.5,NA,NA,NA
2025,6,12,2,8,50,0.5,NA,NA,NA,NA,NA,1014.1,12.3,12.5,NA,NA,NA
2025,6,12,3,8,150,1,NA,NA,NA,NA,NA,1014,12.1,12.4,NA,NA,NA
2025,6,12,4,8,160,0.5,NA,NA,NA,NA,NA,1014.2,12,12.3,NA,NA,NA
2025,6,12,5,8,0,0,NA,NA,NA,NA,NA,1014.8,12.1,12.2,NA,NA,NA
2025,6,12,6,8,0,0,NA,NA,NA,NA,NA,1014.7,12,12.2,NA,NA,NA
2025,6,12,7,8,0,0,NA,NA,NA,NA,NA,1014.4,11.9,12.1,NA,NA,NA
2025,6,12,8,8,0,0,NA,NA,NA,NA,NA,1014.3,11.9,12.1,NA,NA,NA
2025,6,12,9,8,0,0,NA,NA,NA,NA,NA,1014.4,12,12.2,NA,NA,NA
2025,6,12,10,8,0,0,NA,NA,NA,NA,NA,1013.9,11.9,12.3,NA,NA,NA
2025,6,12,11,8,0,0,NA,NA,NA,NA,NA,1013.8,11.9,12.3,NA,NA,NA
2025,6,12,12,8,0,0,NA,NA,NA,NA,NA,1013.9,11.8,12.4,NA,NA,NA
2025,6,12,13,8,0,0,NA,NA,NA,NA,NA,1014.1,11.6,12.4,NA,NA,NA
2025,6,12,14,8,0,0,NA,NA,NA,NA,NA,1014.4,11.6,12.4,NA,NA,NA
2025,6,12,15,8,0,0,NA,NA,NA,NA,NA,1014.7,11.8,12.4,NA,NA,NA
2025,6,12,16,8,0,0,NA,NA,NA,NA,NA,1014.9,11.9,12.4,NA,NA,NA
2025,6,12,17,8,0,0,NA,NA,NA,NA,NA,1014.8,11.9,12.4,NA,NA,NA
2025,6,12,18,8,0,0,NA,NA,NA,NA,NA,1014.9,12,12.4,NA,NA,NA
2025,6,12,19,8,0,0,NA,NA,NA,NA,NA,1014.6,12,12.3,NA,NA,NA
2025,6,12,20,8,0,0,NA,NA,NA,NA,NA,1014.3,11.9,12.2,NA,NA,NA
2025,6,12,21,8,260,1,NA,NA,NA,NA,NA,1014,12,12.2,NA,NA,NA
2025,6,12,22,8,0,0,NA,NA,NA,NA,NA,1013.8,12.1,12.1,NA,NA,NA
2025,6,12,23,8,0,0,NA,NA,NA,NA,NA,1013.6,12.1,11.9,NA,NA,NA
2025,6,13,0,8,0,0,NA,NA,NA,NA,NA,1013.1,12.1,11.9,NA,NA,NA
2025,6,13,1,8,70,0.5,NA,NA,NA,NA,NA,1012.7,12.1,11.7,NA,NA,NA
2025,6,13,2,8,0,0,NA,NA,NA,NA,NA,1012.7,12.1,11.7,NA,NA,NA
2025,6,13,3,8,190,0.5,NA,NA,NA,NA,NA,1012.7,12,11.6,NA,NA,NA
2025,6,13,4,8,0,0,NA,NA,NA,NA,NA,1012.8,11.8,11.5,NA,NA,NA
2025,6,13,5,8,0,0,NA,NA,NA,NA,NA,1013.4,11.6,11.5,NA,NA,NA
2025,6,13,6,8,0,0,NA,NA,NA,NA,NA,1013.8,11.5,11.4,NA,NA,NA
2025,6,13,7,8,0,0,NA,NA,NA,NA,NA,1013.7,11.5,11.4,NA,NA,NA
2025,6,13,7,58,30,0.5,NA,NA,NA,NA,NA,1013.7,11.4,11.6,NA,NA,NA
2025,6,13,8,58,0,0,NA,NA,NA,NA,NA,1013.5,11.4,12,NA,NA,NA
2025,6,13,9,58,0,0,NA,NA,NA,NA,NA,1013.6,11.3,12.2,NA,NA,NA
2025,6,13,10,58,0,0,NA,NA,NA,NA,NA,1013.6,11.2,12.1,NA,NA,NA
2025,6,13,11,58,0,0,NA,NA,NA,NA,NA,1013.5,11,12.3,NA,NA,NA
2025,6,13,12,58,0,0,NA,NA,NA,NA,NA,1013.7,11,12.2,NA,NA,NA
2025,6,13,13,58,0,0,NA,NA,NA,NA,NA,1014,11.1,12.2,NA,NA,NA
2025,6,13,14,58,0,0,NA,NA,NA,NA,NA,1014.1,11,12.2,NA,NA,NA
2025,6,13,15,58,100,1,NA,NA,NA,NA,NA,1014.5,11.2,12.3,NA,NA,NA
2025,6,13,16,58,0,0,NA,NA,NA,NA,NA,1014.7,11.4,12.3,NA,NA,NA
2025,6,13,17,58,110,0.5,NA,NA,NA,NA,NA,1014.9,11.3,12.5,NA,NA,NA
2025,6,13,18,58,130,1,NA,NA,NA,NA,NA,1015,11.3,12.5,NA,NA,NA
2025,6,13,20,18,130,0.5,NA,NA,NA,NA,NA,1014.5,11.5,12.5,NA,NA,NA
2025,6,13,21,8,150,1,NA,NA,NA,NA,NA,1014,11.6,12.4,NA,NA,NA
2025,6,13,22,8,160,1,NA,NA,NA,NA,NA,1014,11.9,12.2,NA,NA,NA
2025,6,13,23,8,180,0.5,NA,NA,NA,NA,NA,1013.5,11.9,11.9,NA,NA,NA
2025,6,14,0,8,0,0,NA,NA,NA,NA,NA,1012.9,12.2,11.8,NA,NA,NA
2025,6,14,1,8,0,0,NA,NA,NA,NA,NA,1012.7,12.2,11.7,NA,NA,NA
2025,6,14,2,8,360,0.5,NA,NA,NA,NA,NA,1012.8,12.3,11.6,NA,NA,NA
2025,6,14,3,8,20,1,NA,NA,NA,NA,NA,1012.4,12,11.5,NA,NA,NA
2025,6,14,4,8,0,0,NA,NA,NA,NA,NA,1013,11.8,11.5,NA,NA,NA
2025,6,14,5,8,0,0,NA,NA,NA,NA,NA,1013.6,11.7,11.5,NA,NA,NA
2025,6,14,6,8,0,0,NA,NA,NA,NA,NA,1014,11.6,11.5,NA,NA,NA
2025,6,14,7,8,0,0,NA,NA,NA,NA,NA,1014.2,11.6,11.5,NA,NA,NA
2025,6,14,8,8,0,0,NA,NA,NA,NA,NA,1013.8,11.5,11.6,NA,NA,NA
2025,6,14,9,8,0,0,NA,NA,NA,NA,NA,1013.9,11.5,11.9,NA,NA,NA
2025,6,14,10,8,0,0,NA,NA,NA,NA,NA,1014,11.5,12.4,NA,NA,NA
2025,6,14,11,8,0,0,NA,NA,NA,NA,NA,1013.9,11.4,12.5,NA,NA,NA
2025,6,14,12,8,0,0,NA,NA,NA,NA,NA,1014.1,11.4,12.4,NA,NA,NA
2025,6,14,13,8,0,0,NA,NA,NA,NA,NA,1014.2,11.2,12.4,NA,NA,NA
2025,6,14,14,8,0,0,NA,NA,NA,NA,NA,1014.6,11.3,12.4,NA,NA,NA
2025,6,14,15,8,0,0,NA,NA,NA,NA,NA,1015.4,11.3,12.4,NA,NA,NA
2025,6,14,16,8,0,0,NA,NA,NA,NA,NA,1015.6,11.5,12.4,NA,NA,NA
2025,6,14,17,8,0,0,NA,NA,NA,NA,NA,1015.5,11.6,12.4,NA,NA,NA
2025,6,14,18,8,0,0,NA,NA,NA,NA,NA,1015.7,11.6,12.4,NA,NA,NA
2025,6,14,19,8,0,0,NA,NA,NA,NA,NA,1016,11.8,12.4,NA,NA,NA
2025,6,14,20,8,110,1,NA,NA,NA,NA,NA,1015.8,11.9,12.5,NA,NA,NA
2025,6,14,21,8,140,1.5,NA,NA,NA,NA,NA,1015.6,12,12.2,NA,NA,NA
2025,6,14,22,8,180,0.5,NA,NA,NA,NA,NA,1015.5,12,12.2,NA,NA,NA
2025,6,14,23,8,190,0.5,NA,NA,NA,NA,NA,1015.4,12.2,12.2,NA,NA,NA
2025,6,15,0,8,210,0.5,NA,NA,NA,NA,NA,1015,12.1,12,NA,NA,NA
2025,6,15,1,8,0,0,NA,NA,NA,NA,NA,1014.8,12.2,12,NA,NA,NA
2025,6,15,2,8,0,0,NA,NA,NA,NA,NA,1014.7,12,12,NA,NA,NA
2025,6,15,3,8,0,0,NA,NA,NA,NA,NA,1014.7,11.9,12,NA,NA,NA
2025,6,15,4,8,0,0,NA,NA,NA,NA,NA,1014.7,11.6,12,NA,NA,NA
2025,6,15,5,8,90,0.5,NA,NA,NA,NA,NA,1015.2,11.5,11.8,NA,NA,NA
2025,6,15,6,8,0,0,NA,NA,NA,NA,NA,1015.5,11.4,11.9,NA,NA,NA
2025,6,15,7,8,0,0,NA,NA,NA,NA,NA,1015.5,11.5,11.8,NA,NA,NA
2025,6,15,8,8,0,0,NA,NA,NA,NA,NA,1015.5,11.2,11.8,NA,NA,NA
2025,6,15,9,8,0,0,NA,NA,NA,NA,NA,1015.2,11.1,11.7,NA,NA,NA
2025,6,15,10,8,0,0,NA,NA,NA,NA,NA,1015.3,11,11.7,NA,NA,NA
2025,6,15,11,8,0,0,NA,NA,NA,NA,NA,1015.2,10.9,11.6,NA,NA,NA
2025,6,15,12,8,0,0,NA,NA,NA,NA,NA,1015.4,10.8,11.6,NA,NA,NA
2025,6,15,13,8,0,0,NA,NA,NA,NA,NA,1015.3,10.5,11.6,NA,NA,NA
2025,6,15,14,8,0,0,NA,NA,NA,NA,NA,1015.8,10.8,11.7,NA,NA,NA
2025,6,15,15,8,0,0,NA,NA,NA,NA,NA,1016,10.3,11.7,NA,NA,NA
2025,6,15,16,8,0,0,NA,NA,NA,NA,NA,1016.3,10.5,11.7,NA,NA,NA
2025,6,15,17,8,0,0,NA,NA,NA,NA,NA,1016.4,10.4,11.9,NA,NA,NA
2025,6,15,18,8,0,0,NA,NA,NA,NA,NA,1016.6,11.4,12.4,NA,NA,NA
2025,6,15,19,8,0,0,NA,NA,NA,NA,NA,1016.7,11.7,12.3,NA,NA,NA
2025,6,15,20,8,0,0,NA,NA,NA,NA,NA,1016.7,11.8,12.5,NA,NA,NA
2025,6,15,21,8,60,0.5,NA,NA,NA,NA,NA,1016.5,11.8,12.4,NA,NA,NA
2025,6,15,22,8,90,0.5,NA,NA,NA,NA,NA,1016.1,11.7,12.4,NA,NA,NA
2025,6,15,23,8,0,0,NA,NA,NA,NA,NA,1015.8,11.6,12.4,NA,NA,NA
2025,6,16,0,8,150,1,NA,NA,NA,NA,NA,1015.7,11.7,12.4,NA,NA,NA
2025,6,16,1,8,0,0,NA,NA,NA,NA,NA,1015.3,11.7,12.3,NA,NA,NA
2025,6,16,2,8,180,1,NA,NA,NA,NA,NA,1014.7,11.5,12.2,NA,NA,NA
2025,6,16,3,8,220,0.5,NA,NA,NA,NA,NA,1014.8,11.6,12,NA,NA,NA
2025,6,16,4,8,220,0.5,NA,NA,NA,NA,NA,1014.9,11.5,12,NA,NA,NA
2025,6,16,5,8,0,0,NA,NA,NA,NA,NA,1015.9,11.4,11.9,NA,NA,NA
2025,6,16,6,8,270,0.5,NA,NA,NA,NA,NA,1016.2,11.2,11.8,NA,NA,NA
2025,6,16,7,8,0,0,NA,NA,NA,NA,NA,1016.1,11.2,11.8,NA,NA,NA
2025,6,16,8,8,0,0,NA,NA,NA,NA,NA,1016,11,11.8,NA,NA,NA
2025,6,16,9,8,0,0,NA,NA,NA,NA,NA,1015.7,11,11.7,NA,NA,NA
2025,6,16,10,8,0,0,NA,NA,NA,NA,NA,1015.5,11,11.7,NA,NA,NA
2025,6,16,11,8,0,0,NA,NA,NA,NA,NA,1015.9,10.8,11.6,NA,NA,NA
2025,6,16,12,8,0,0,NA,NA,NA,NA,NA,1016.1,10.7,11.5,NA,NA,NA
2025,6,16,13,8,270,0.5,NA,NA,NA,NA,NA,1016.5,10.7,11.5,NA,NA,NA
2025,6,16,14,8,0,0,NA,NA,NA,NA,NA,1017,10.6,11.5,NA,NA,NA
2025,6,16,15,8,0,0,NA,NA,NA,NA,NA,1017.6,10.6,11.5,NA,NA,NA
2025,6,16,16,8,0,0,NA,NA,NA,NA,NA,1018,10.7,11.5,NA,NA,NA
2025,6,16,17,8,0,0,NA,NA,NA,NA,NA,1018.2,10.8,11.5,NA,NA,NA
2025,6,16,18,8,0,0,NA,NA,NA,NA,NA,1018.6,11,11.6,NA,NA,NA
2025,6,16,19,8,0,0,NA,NA,NA,NA,NA,1018.4,11.2,11.6,NA,NA,NA
2025,6,16,20,8,70,1,NA,NA,NA,NA,NA,1017.9,11.3,11.7,NA,NA,NA
2025,6,16,21,8,120,0.5,NA,NA,NA,NA,NA,1017.6,11.6,11.7,NA,NA,NA
2025,6,16,22,8,0,0,NA,NA,NA,NA,NA,1017,11.7,11.7,NA,NA,NA
2025,6,16,23,8,0,0,NA,NA,NA,NA,NA,1016.7,11.8,11.7,NA,NA,NA
2025,6,17,0,8,0,0,NA,NA,NA,NA,NA,1015.7,12,11.7,NA,NA,NA
2025,6,17,1,8,0,0,NA,NA,NA,NA,NA,1015.5,12,11.6,NA,NA,NA
2025,6,17,2,8,0,0,NA,NA,NA,NA,NA,1015.3,11.9,11.5,NA,NA,NA
2025,6,17,3,8,160,1,NA,NA,NA,NA,NA,1015.5,12,11.4,NA,NA,NA
2025,6,17,4,8,0,0,NA,NA,NA,NA,NA,1015.7,11.7,11.4,NA,NA,NA
2025,6,17,5,8,0,0,NA,NA,NA,NA,NA,1016.1,11.6,11.4,NA,NA,NA
2025,6,17,6,8,0,0,NA,NA,NA,NA,NA,1016.4,11.5,11.3,NA,NA,NA
2025,6,17,7,8,0,0,NA,NA,NA,NA,NA,1016.6,11.4,11.4,NA,NA,NA
2025,6,17,8,8,0,0,NA,NA,NA,NA,NA,1016.5,11.2,11.3,NA,NA,NA
2025,6,17,9,8,0,0,NA,NA,NA,NA,NA,1016.3,11.3,11.3,NA,NA,NA
2025,6,17,10,8,0,0,NA,NA,NA,NA,NA,1016.1,11.2,11.3,NA,NA,NA
2025,6,17,11,8,0,0,NA,NA,NA,NA,NA,1016.1,11.1,11.3,NA,NA,NA
2025,6,17,12,8,0,0,NA,NA,NA,NA,NA,1015.8,11.1,11.3,NA,NA,NA
2025,6,17,13,8,0,0,NA,NA,NA,NA,NA,1016,11,11.3,NA,NA,NA
2025,6,17,14,8,0,0,NA,NA,NA,NA,NA,1016.3,10.9,11.2,NA,NA,NA
2025,6,17,15,8,0,0,NA,NA,NA,NA,NA,1016.5,10.2,11.2,NA,NA,NA
2025,6,17,16,8,0,0,NA,NA,NA,NA,NA,1016.8,10.1,11.3,NA,NA,NA
2025,6,17,17,8,0,0,NA,NA,NA,NA,NA,1016.8,10.4,11.6,NA,NA,NA
2025,6,17,18,8,120,0.5,NA,NA,NA,NA,NA,1016.3,11.8,11.5,NA,NA,NA
2025,6,17,19,8,0,0,NA,NA,NA,NA,NA,1016.3,12.2,11.7,NA,NA,NA
2025,6,17,20,8,0,0,NA,NA,NA,NA,NA,1016.1,12.4,11.8,NA,NA,NA
2025,6,17,21,7,0,0,NA,NA,NA,NA,NA,1015.1,12.6,11.5,NA,NA,NA
2025,6,17,22,7,0,0,NA,NA,NA,NA,NA,1014.5,12.8,11.6,NA,NA,NA
2025,6,17,23,7,100,1.5,NA,NA,NA,NA,NA,1013.7,12.8,11.5,NA,NA,NA
2025,6,18,0,7,270,2.1,NA,NA,NA,NA,NA,1013.2,12.8,11.5,NA,NA,NA
2025,6,18,1,7,70,1,NA,NA,NA,NA,NA,1012.8,12.6,11.5,NA,NA,NA
2025,6,18,2,7,160,0.5,NA,NA,NA,NA,NA,1012.9,12.5,11.4,NA,NA,NA
2025,6,18,3,7,0,0,NA,NA,NA,NA,NA,1013.2,12.2,11.4,NA,NA,NA
2025,6,18,4,7,180,0.5,NA,NA,NA,NA,NA,1013.4,11.9,11.4,NA,NA,NA
2025,6,18,5,7,0,0,NA,NA,NA,NA,NA,1013.7,11.7,11.3,NA,NA,NA
2025,6,18,6,7,0,0,NA,NA,NA,NA,NA,1013.9,11.7,11.1,NA,NA,NA
2025,6,18,7,7,0,0,NA,NA,NA,NA,NA,1013.7,11.5,11,NA,NA,NA
2025,6,18,8,7,0,0,NA,NA,NA,NA,NA,1013.6,11.5,11.1,NA,NA,NA
2025,6,18,9,7,0,0,NA,NA,NA,NA,NA,1013.1,11.4,11.1,NA,NA,NA
2025,6,18,10,7,0,0,NA,NA,NA,NA,NA,1013,11.4,11.1,NA,NA,NA
2025,6,18,11,7,0,0,NA,NA,NA,NA,NA,1012.9,11.2,11.1,NA,NA,NA
2025,6,18,12,7,170,0.5,NA,NA,NA,NA,NA,1012.7,11,11.1,NA,NA,NA
2025,6,18,13,7,0,0,NA,NA,NA,NA,NA,1012.5,10.6,11,NA,NA,NA
2025,6,18,14,7,0,0,NA,NA,NA,NA,NA,1012.9,10.5,11.1,NA,NA,NA
2025,6,18,15,7,0,0,NA,NA,NA,NA,NA,1013.7,10.7,11.1,NA,NA,NA
2025,6,18,16,7,0,0,NA,NA,NA,NA,NA,1014.1,10.8,11.1,NA,NA,NA
2025,6,18,17,7,0,0,NA,NA,NA,NA,NA,1014,10.7,11.1,NA,NA,NA
2025,6,18,18,7,170,1,NA,NA,NA,NA,NA,1014.3,10.8,11.2,NA,NA,NA
2025,6,18,19,7,180,1,NA,NA,NA,NA,NA,1014.2,11,11.3,NA,NA,NA
2025,6,18,20,7,210,1.5,NA,NA,NA,NA,NA,1013.1,11.1,11.4,NA,NA,NA
2025,6,18,21,7,220,0.5,NA,NA,NA,NA,NA,1012.4,11.5,11.5,NA,NA,NA
2025,6,18,22,7,240,1,NA,NA,NA,NA,NA,1011.7,12.2,11.5,NA,NA,NA
2025,6,18,23,7,270,1,NA,NA,NA,NA,NA,1010.8,12.2,11.5,NA,NA,NA
2025,6,19,0,7,280,1,NA,NA,NA,NA,NA,1010.2,12.2,11.4,NA,NA,NA
2025,6,19,1,7,310,1,NA,NA,NA,NA,NA,1009.8,12.3,11.3,NA,NA,NA
2025,6,19,2,7,330,1.5,NA,NA,NA,NA,NA,1009.6,12.4,11.3,NA,NA,NA
2025,6,19,3,7,0,0,NA,NA,NA,NA,NA,1009.9,12.4,11.3,NA,NA,NA
2025,6,19,4,7,10,1,NA,NA,NA,NA,NA,1010.3,12.2,11.3,NA,NA,NA
2025,6,19,5,7,0,0,NA,NA,NA,NA,NA,1011.1,12,11.2,NA,NA,NA
2025,6,19,6,7,30,0.5,NA,NA,NA,NA,NA,1011.3,11.7,11.2,NA,NA,NA
2025,6,19,7,7,80,0.5,NA,NA,NA,NA,NA,1011.3,11.5,11.2,NA,NA,NA
2025,6,19,8,7,0,0,NA,NA,NA,NA,NA,1011,11.2,11.1,NA,NA,NA
2025,6,19,9,7,0,0,NA,NA,NA,NA,NA,1011,11.5,11.2,NA,NA,NA
2025,6,19,10,7,0,0,NA,NA,NA,NA,NA,1010.9,11.3,11.2,NA,NA,NA
2025,6,19,11,7,0,0,NA,NA,NA,NA,NA,1011,11.3,11.2,NA,NA,NA
2025,6,19,12,7,0,0,NA,NA,NA,NA,NA,1011,11.4,11.2,NA,NA,NA
2025,6,19,13,7,0,0,NA,NA,NA,NA,NA,1011,11.2,11.1,NA,NA,NA
2025,6,19,14,7,0,0,NA,NA,NA,NA,NA,1011.6,11.1,11.1,NA,NA,NA
2025,6,19,15,7,0,0,NA,NA,NA,NA,NA,1012,11.2,11.1,NA,NA,NA
2025,6,19,16,7,0,0,NA,NA,NA,NA,NA,1012.8,11.2,11.2,NA,NA,NA
2025,6,19,17,7,0,0,NA,NA,NA,NA,NA,1012.6,11.5,11.2,NA,NA,NA
2025,6,19,18,7,130,0.5,NA,NA,NA,NA,NA,1013,11.5,11.3,NA,NA,NA
2025,6,19,19,7,300,1.5,NA,NA,NA,NA,NA,1013.1,11.7,11.3,NA,NA,NA
2025,6,19,20,7,110,1,NA,NA,NA,NA,NA,1012.9,11.8,11.5,NA,NA,NA
2025,6,19,21,7,340,1.5,NA,NA,NA,NA,NA,1012.7,11.9,11.5,NA,NA,NA
2025,6,19,22,7,240,2.1,NA,NA,NA,NA,NA,1012.4,11.9,11.4,NA,NA,NA
2025,6,19,23,7,200,3.6,NA,NA,NA,NA,NA,1012.1,12.1,11.5,NA,NA,NA
2025,6,20,0,7,250,3.6,NA,NA,NA,NA,NA,1011.9,12.1,11.5,NA,NA,NA
2025,6,20,1,7,350,8.8,NA,NA,NA,NA,NA,1011.6,12.1,11.3,NA,NA,NA
2025,6,20,2,7,350,2.1,NA,NA,NA,NA,NA,1012.2,12,11,NA,NA,NA
2025,6,20,3,7,160,1.5,NA,NA,NA,NA,NA,1012.5,11.9,11.1,NA,NA,NA
2025,6,20,4,7,0,0,NA,NA,NA,NA,NA,1013.1,11.9,11,NA,NA,NA
2025,6,20,5,7,0,0,NA,NA,NA,NA,NA,1013.6,11.7,10.9,NA,NA,NA
2025,6,20,6,7,0,0,NA,NA,NA,NA,NA,1013.5,11.6,10.9,NA,NA,NA
2025,6,20,7,7,0,0,NA,NA,NA,NA,NA,1013.4,11.6,10.9,NA,NA,NA
2025,6,20,8,7,0,0,NA,NA,NA,NA,NA,1013.3,11.4,10.8,NA,NA,NA
2025,6,20,9,7,0,0,NA,NA,NA,NA,NA,1012.9,11.2,10.7,NA,NA,NA
2025,6,20,10,7,0,0,NA,NA,NA,NA,NA,1012.9,11,10.7,NA,NA,NA
2025,6,20,11,7,0,0,NA,NA,NA,NA,NA,1013.3,11.2,10.8,NA,NA,NA
2025,6,20,12,7,0,0,NA,NA,NA,NA,NA,1013.5,11.2,10.8,NA,NA,NA
2025,6,20,13,7,120,0.5,NA,NA,NA,NA,NA,1013.7,11.2,10.8,NA,NA,NA
2025,6,20,14,7,130,0.5,NA,NA,NA,NA,NA,1014.3,11.1,10.8,NA,NA,NA
2025,6,20,15,7,130,0.5,NA,NA,NA,NA,NA,1014.5,11.2,10.8,NA,NA,NA
2025,6,20,16,7,140,1,NA,NA,NA,NA,NA,1015.1,11.1,10.8,NA,NA,NA
2025,6,20,17,7,0,0,NA,NA,NA,NA,NA,1015.2,11.2,10.9,NA,NA,NA
2025,6,20,18,7,140,2.6,NA,NA,NA,NA,NA,1015.3,11.3,10.9,NA,NA,NA
2025,6,20,19,7,160,1,NA,NA,NA,NA,NA,1014.6,11.4,10.9,NA,NA,NA
2025,6,20,20,7,190,1,NA,NA,NA,NA,NA,1014.8,11.5,10.8,NA,NA,NA
2025,6,20,21,7,240,3.1,NA,NA,NA,NA,NA,1014.1,11.6,10.4,NA,NA,NA
2025,6,20,22,7,350,1.5,NA,NA,NA,NA,NA,1014.2,11.9,10.3,NA,NA,NA
2025,6,20,23,7,70,1.5,NA,NA,NA,NA,NA,1014,11.8,10.5,NA,NA,NA
2025,6,21,0,7,110,1.5,NA,NA,NA,NA,NA,1014,11.8,10.5,NA,NA,NA
2025,6,21,1,7,140,1.5,NA,NA,NA,NA,NA,1013.7,11.7,10.5,NA,NA,NA
2025,6,21,2,7,160,1.5,NA,NA,NA,NA,NA,1013.8,11.7,10.4,NA,NA,NA
2025,6,21,3,7,190,2.1,NA,NA,NA,NA,NA,1014,11.5,10.4,NA,NA,NA
2025,6,21,4,7,210,0.5,NA,NA,NA,NA,NA,1014,11.4,10.3,NA,NA,NA
2025,6,21,5,7,210,1,NA,NA,NA,NA,NA,1014.5,11.3,10.4,NA,NA,NA
2025,6,21,6,7,200,1.5,NA,NA,NA,NA,NA,1014.3,11.2,10.3,NA,NA,NA
2025,6,21,7,7,190,2.1,NA,NA,NA,NA,NA,1014.3,11.3,10.3,NA,NA,NA
2025,6,21,8,7,150,2.1,NA,NA,NA,NA,NA,1013.7,11.1,10.3,NA,NA,NA
2025,6,21,9,7,130,1.5,NA,NA,NA,NA,NA,1013.5,11.1,10.3,NA,NA,NA
2025,6,21,10,7,150,1.5,NA,NA,NA,NA,NA,1013.9,10.8,10.3,NA,NA,NA
2025,6,21,11,7,120,1.5,NA,NA,NA,NA,NA,1013.6,10.7,10.3,NA,NA,NA
2025,6,21,12,7,150,1.5,NA,NA,NA,NA,NA,1014.4,10.6,10.3,NA,NA,NA
2025,6,21,13,7,0,0,NA,NA,NA,NA,NA,1015.1,10.1,10.3,NA,NA,NA
2025,6,21,14,7,150,0.5,NA,NA,NA,NA,NA,1015.2,10.7,10.3,NA,NA,NA
2025,6,21,15,7,130,1,NA,NA,NA,NA,NA,1015.3,10.4,10.3,NA,NA,NA
2025,6,21,16,7,0,0,NA,NA,NA,NA,NA,1016.2,10.5,10.3,NA,NA,NA
2025,6,21,17,7,130,1.5,NA,NA,NA,NA,NA,1016,10.6,10.3,NA,NA,NA
2025,6,21,18,7,120,1.5,NA,NA,NA,NA,NA,1016.2,10.8,10.3,NA,NA,NA
2025,6,21,19,7,150,7.7,NA,NA,NA,NA,NA,1016.2,10.8,10.3,NA,NA,NA
2025,6,21,20,7,160,2.6,NA,NA,NA,NA,NA,1016.1,11,10.3,NA,NA,NA
2025,6,21,21,7,150,2.1,NA,NA,NA,NA,NA,1015.3,11.2,10.3,NA,NA,NA
2025,6,21,22,7,140,2.1,NA,NA,NA,NA,NA,1014.9,11.4,10.2,NA,NA,NA
2025,6,21,23,7,130,2.6,NA,NA,NA,NA,NA,1014.5,11.3,10.3,NA,NA,NA
2025,6,22,0,7,120,1.5,NA,NA,NA,NA,NA,1014.1,11.6,10.3,NA,NA,NA
2025,6,22,1,7,120,1.5,NA,NA,NA,NA,NA,1013.6,11.6,10.3,NA,NA,NA
2025,6,22,2,7,110,2.1,NA,NA,NA,NA,NA,1013.6,11.6,10.2,NA,NA,NA
2025,6,22,3,7,100,2.1,NA,NA,NA,NA,NA,1013.6,11.6,10.2,NA,NA,NA
2025,6,22,4,7,80,1.5,NA,NA,NA,NA,NA,1013.7,11.2,10.1,NA,NA,NA
2025,6,22,5,7,90,1,NA,NA,NA,NA,NA,1014.5,10.8,10.1,NA,NA,NA
2025,6,22,6,7,80,1,NA,NA,NA,NA,NA,1014.7,10.7,10.1,NA,NA,NA
2025,6,22,7,7,120,1,NA,NA,NA,NA,NA,1014.7,10.5,10.2,NA,NA,NA
2025,6,22,8,7,0,0,NA,NA,NA,NA,NA,1014.2,10.2,10.2,NA,NA,NA
2025,6,22,9,7,0,0,NA,NA,NA,NA,NA,1014.2,10.1,10.3,NA,NA,NA
2025,6,22,10,7,0,0,NA,NA,NA,NA,NA,1014.1,10.2,10.3,NA,NA,NA
2025,6,22,11,7,0,0,NA,NA,NA,NA,NA,1014.2,10,10.3,NA,NA,NA
2025,6,22,12,7,0,0,NA,NA,NA,NA,NA,1014.6,10.1,10.3,NA,NA,NA
2025,6,22,13,7,0,0,NA,NA,NA,NA,NA,1014.5,9.9,10.2,NA,NA,NA
2025,6,22,14,7,0,0,NA,NA,NA,NA,NA,1015.7,9.9,10.3,NA,NA,NA
2025,6,22,15,7,0,0,NA,NA,NA,NA,NA,1016.8,10.1,10.3,NA,NA,NA
2025,6,22,16,7,0,0,NA,NA,NA,NA,NA,1017.1,10.3,10.4,NA,NA,NA
2025,6,22,17,7,50,1,NA,NA,NA,NA,NA,1016.6,10.6,10.4,NA,NA,NA
2025,6,22,18,7,50,1,NA,NA,NA,NA,NA,1016.9,10.6,10.3,NA,NA,NA
2025,6,22,19,7,90,1.5,NA,NA,NA,NA,NA,1016.7,10.6,10.2,NA,NA,NA
2025,6,22,20,7,110,1,NA,NA,NA,NA,NA,1015.6,10.6,10,NA,NA,NA
2025,6,22,21,7,140,2.1,NA,NA,NA,NA,NA,1015.5,10.7,10,NA,NA,NA
2025,6,22,22,7,160,1.5,NA,NA,NA,NA,NA,1015.2,10.9,10,NA,NA,NA
2025,6,22,23,7,150,1.5,NA,NA,NA,NA,NA,1014.8,11,10,NA,NA,NA
2025,6,23,0,7,140,1.5,NA,NA,NA,NA,NA,1014.3,11,10,NA,NA,NA
2025,6,23,1,7,120,1.5,NA,NA,NA,NA,NA,1013.6,10.9,10.1,NA,NA,NA
2025,6,23,2,7,120,0.5,NA,NA,NA,NA,NA,1013.5,10.7,10,NA,NA,NA
2025,6,23,3,7,110,1,NA,NA,NA,NA,NA,1013.3,10.5,10,NA,NA,NA
2025,6,23,4,7,140,1.5,NA,NA,NA,NA,NA,1013.4,10.3,10,NA,NA,NA
2025,6,23,5,7,140,2.1,NA,NA,NA,NA,NA,1013.9,10.3,10,NA,NA,NA
2025,6,23,6,7,110,0.5,NA,NA,NA,NA,NA,1014.1,10.1,10.1,NA,NA,NA
2025,6,23,7,7,150,1,NA,NA,NA,NA,NA,1013.9,10.1,10.1,NA,NA,NA
2025,6,23,8,7,150,1.5,NA,NA,NA,NA,NA,1013.9,9.9,10.2,NA,NA,NA
2025,6,23,9,7,0,0,NA,NA,NA,NA,NA,1013.6,9.9,10.2,NA,NA,NA
2025,6,23,10,7,0,0,NA,NA,NA,NA,NA,1013.7,10,10.2,NA,NA,NA
2025,6,23,11,7,0,0,NA,NA,NA,NA,NA,1013.5,10,10.2,NA,NA,NA
2025,6,23,12,7,0,0,NA,NA,NA,NA,NA,1013.6,9.8,10.2,NA,NA,NA
2025,6,23,13,7,0,0,NA,NA,NA,NA,NA,1013.7,9.6,10.2,NA,NA,NA
2025,6,23,14,7,0,0,NA,NA,NA,NA,NA,1013.9,9.3,10.2,NA,NA,NA
2025,6,23,15,7,0,0,NA,NA,NA,NA,NA,1014.2,9.1,10.2,NA,NA,NA
2025,6,23,16,7,0,0,NA,NA,NA,NA,NA,1014.7,9,10.2,NA,NA,NA
2025,6,23,17,7,0,0,NA,NA,NA,NA,NA,1015,9.4,10.3,NA,NA,NA
2025,6,23,18,7,0,0,NA,NA,NA,NA,NA,1015.5,9.7,10.5,NA,NA,NA
2025,6,23,19,7,0,0,NA,NA,NA,NA,NA,1014.8,10.3,10.7,NA,NA,NA
2025,6,23,20,7,0,0,NA,NA,NA,NA,NA,1014.7,10.4,10.8,NA,NA,NA
2025,6,23,21,7,0,0,NA,NA,NA,NA,NA,1014.8,10.6,10.9,NA,NA,NA
2025,6,23,22,7,0,0,NA,NA,NA,NA,NA,1014.7,10.8,10.8,NA,NA,NA
2025,6,23,23,7,0,0,NA,NA,NA,NA,NA,1014.4,10.8,10.6,NA,NA,NA
2025,6,24,0,7,0,0,NA,NA,NA,NA,NA,1014.3,10.8,10.6,NA,NA,NA
2025,6,24,1,7,0,0,NA,NA,NA,NA,NA,1014.1,10.7,10.6,NA,NA,NA
2025,6,24,2,7,0,0,NA,NA,NA,NA,NA,1013.9,10.7,10.6,NA,NA,NA
2025,6,24,3,7,0,0,NA,NA,NA,NA,NA,1013.9,10.5,10.6,NA,NA,NA
2025,6,24,4,7,0,0,NA,NA,NA,NA,NA,1013.9,10.5,10.7,NA,NA,NA
2025,6,24,5,7,0,0,NA,NA,NA,NA,NA,1014.3,10.4,10.7,NA,NA,NA
2025,6,24,6,7,80,0.5,NA,NA,NA,NA,NA,1014.5,10.4,10.5,NA,NA,NA
2025,6,24,7,7,0,0,NA,NA,NA,NA,NA,1014.5,10.3,10.4,NA,NA,NA
2025,6,24,8,7,0,0,NA,NA,NA,NA,NA,1014.4,10.4,10.4,NA,NA,NA
2025,6,24,9,7,0,0,NA,NA,NA,NA,NA,1014.2,10.4,10.5,NA,NA,NA
2025,6,24,10,7,0,0,NA,NA,NA,NA,NA,1014.2,10.2,10.5,NA,NA,NA
2025,6,24,11,7,0,0,NA,NA,NA,NA,NA,1014.4,10.3,10.5,NA,NA,NA
2025,6,24,12,7,0,0,NA,NA,NA,NA,NA,1014.4,10.2,10.6,NA,NA,NA
2025,6,24,13,7,0,0,NA,NA,NA,NA,NA,1014.7,10.2,10.5,NA,NA,NA
2025,6,24,14,7,0,0,NA,NA,NA,NA,NA,1015.2,10.1,10.5,NA,NA,NA
2025,6,24,15,7,0,0,NA,NA,NA,NA,NA,1015.9,10.2,10.6,NA,NA,NA
2025,6,24,16,7,0,0,NA,NA,NA,NA,NA,1016.7,10.3,10.6,NA,NA,NA
2025,6,24,17,7,0,0,NA,NA,NA,NA,NA,1017.2,10.4,10.6,NA,NA,NA
2025,6,24,18,7,0,0,NA,NA,NA,NA,NA,1017.7,10.7,10.7,NA,NA,NA
2025,6,24,19,7,0,0,NA,NA,NA,NA,NA,1018.3,11,10.8,NA,NA,NA
2025,6,24,20,7,0,0,NA,NA,NA,NA,NA,1018.5,11.2,11,NA,NA,NA
2025,6,24,21,7,0,0,NA,NA,NA,NA,NA,1018.4,11.4,11,NA,NA,NA
2025,6,24,22,7,0,0,NA,NA,NA,NA,NA,1017.1,11.6,11.3,NA,NA,NA
2025,6,24,23,7,0,0,NA,NA,NA,NA,NA,1016.9,11.7,11.6,NA,NA,NA
2025,6,25,0,7,0,0,NA,NA,NA,NA,NA,1016.3,11.7,11.7,NA,NA,NA
2025,6,25,1,7,0,0,NA,NA,NA,NA,NA,1015.9,11.8,12,NA,NA,NA
2025,6,25,2,7,0,0,NA,NA,NA,NA,NA,1015.7,11.6,11.8,NA,NA,NA
2025,6,25,3,7,0,0,NA,NA,NA,NA,NA,1015.7,11.7,11.7,NA,NA,NA
2025,6,25,4,17,0,0,NA,NA,NA,NA,NA,1015.7,11.3,11.7,NA,NA,NA
2025,6,25,5,7,0,0,NA,NA,NA,NA,NA,1016.1,11.2,11.6,NA,NA,NA
2025,6,25,6,7,0,0,NA,NA,NA,NA,NA,1016.9,10.9,11.6,NA,NA,NA
2025,6,25,7,7,0,0,NA,NA,NA,NA,NA,1017.2,11,11.5,NA,NA,NA
2025,6,25,8,7,0,0,NA,NA,NA,NA,NA,1017.1,11.1,11.5,NA,NA,NA
2025,6,25,9,7,0,0,NA,NA,NA,NA,NA,1016.8,11,11.4,NA,NA,NA
2025,6,25,10,7,0,0,NA,NA,NA,NA,NA,1016.7,11.1,11.4,NA,NA,NA
2025,6,25,11,7,0,0,NA,NA,NA,NA,NA,1016.5,11.1,11.3,NA,NA,NA
2025,6,25,12,7,0,0,NA,NA,NA,NA,NA,1016.5,10.7,11.2,NA,NA,NA
2025,6,25,13,7,0,0,NA,NA,NA,NA,NA,1016.7,10.6,11.1,NA,NA,NA
2025,6,25,14,17,0,0,NA,NA,NA,NA,NA,1017.1,10.7,11,NA,NA,NA
2025,6,25,15,7,0,0,NA,NA,NA,NA,NA,1017.4,10.6,10.9,NA,NA,NA
2025,6,25,16,17,0,0,NA,NA,NA,NA,NA,1018.3,10.8,11,NA,NA,NA
2025,6,25,17,7,0,0,NA,NA,NA,NA,NA,1018.3,11.1,11,NA,NA,NA
2025,6,25,18,7,0,0,NA,NA,NA,NA,NA,1018.4,11.3,11.1,NA,NA,NA
2025,6,25,19,7,0,0,NA,NA,NA,NA,NA,1018,11.3,11.3,NA,NA,NA
2025,6,25,20,7,0,0,NA,NA,NA,NA,NA,1017.7,11.6,11.4,NA,NA,NA
2025,6,25,21,7,0,0,NA,NA,NA,NA,NA,1016.3,11.2,11.4,NA,NA,NA
2025,6,25,22,7,0,0,NA,NA,NA,NA,NA,1015.8,11.3,11.5,NA,NA,NA
2025,6,25,23,7,0,0,NA,NA,NA,NA,NA,1015.5,11.5,11.6,NA,NA,NA
2025,6,26,0,7,250,0.5,NA,NA,NA,NA,NA,1014.9,11.5,11.6,NA,NA,NA
2025,6,26,1,7,260,1,NA,NA,NA,NA,NA,1014,11.5,10.8,NA,NA,NA
2025,6,26,2,7,300,1,NA,NA,NA,NA,NA,1014.3,11.4,10.8,NA,NA,NA
2025,6,26,3,7,0,0,NA,NA,NA,NA,NA,1014.6,11,10.7,NA,NA,NA
2025,6,26,4,17,20,1,NA,NA,NA,NA,NA,1015,10.7,10.6,NA,NA,NA
2025,6,26,5,7,20,1.5,NA,NA,NA,NA,NA,1015,10.8,10.6,NA,NA,NA
2025,6,26,6,7,80,0.5,NA,NA,NA,NA,NA,1015.3,10.9,10.6,NA,NA,NA
2025,6,26,7,7,110,1,NA,NA,NA,NA,NA,1015.4,11,10.7,NA,NA,NA
2025,6,26,8,7,100,1.5,NA,NA,NA,NA,NA,1015.3,11.1,10.8,NA,NA,NA
2025,6,26,9,7,100,0.5,NA,NA,NA,NA,NA,1015.1,10.9,10.9,NA,NA,NA
2025,6,26,10,7,0,0,NA,NA,NA,NA,NA,1015.1,10.9,10.9,NA,NA,NA
2025,6,26,11,7,0,0,NA,NA,NA,NA,NA,1015,10.7,10.9,NA,NA,NA
2025,6,26,13,7,50,2.1,NA,NA,NA,NA,NA,1015,10.8,10.9,NA,NA,NA
2025,6,26,14,7,180,0.5,NA,NA,NA,NA,NA,1015.3,11,10.9,NA,NA,NA
2025,6,26,15,7,180,1,NA,NA,NA,NA,NA,1015.6,11.1,10.9,NA,NA,NA
2025,6,26,16,7,0,0,NA,NA,NA,NA,NA,1015.6,10.7,11,NA,NA,NA
2025,6,26,17,7,0,0,NA,NA,NA,NA,NA,1015.7,10.8,11.1,NA,NA,NA
2025,6,26,18,7,50,1,NA,NA,NA,NA,NA,1015.5,11.2,11.1,NA,NA,NA
2025,6,26,19,7,170,1,NA,NA,NA,NA,NA,1015.4,11.1,11.2,NA,NA,NA
2025,6,26,19,57,60,1.5,NA,NA,NA,NA,NA,1014.9,11,11.2,NA,NA,NA
2025,6,26,20,57,170,1.5,NA,NA,NA,NA,NA,1014.6,11.3,11.1,NA,NA,NA
2025,6,26,21,57,10,1,NA,NA,NA,NA,NA,1014.3,11.4,11.1,NA,NA,NA
2025,6,26,22,57,100,0.5,NA,NA,NA,NA,NA,1013.9,11.5,10.9,NA,NA,NA
2025,6,26,23,57,280,1,NA,NA,NA,NA,NA,1013.4,11.5,10.8,NA,NA,NA
2025,6,27,0,57,190,0.5,NA,NA,NA,NA,NA,1012.9,11.6,10.7,NA,NA,NA
2025,6,27,1,57,0,0,NA,NA,NA,NA,NA,1012.9,11.4,10.7,NA,NA,NA
2025,6,27,2,57,0,0,NA,NA,NA,NA,NA,1013,11.6,10.7,NA,NA,NA
2025,6,27,3,57,0,0,NA,NA,NA,NA,NA,1012.8,11.6,11.3,NA,NA,NA
2025,6,27,4,57,0,0,NA,NA,NA,NA,NA,1013.1,11.6,11.2,NA,NA,NA
2025,6,27,5,57,0,0,NA,NA,NA,NA,NA,1013.2,11.3,11.1,NA,NA,NA
2025,6,27,6,57,0,0,NA,NA,NA,NA,NA,1013,11.2,11.2,NA,NA,NA
2025,6,27,8,17,0,0,NA,NA,NA,NA,NA,1012.7,11,11.2,NA,NA,NA
2025,6,27,9,7,0,0,NA,NA,NA,NA,NA,1012.5,11,11.1,NA,NA,NA
2025,6,27,10,7,0,0,NA,NA,NA,NA,NA,1012.4,11,10.7,NA,NA,NA
2025,6,27,11,17,0,0,NA,NA,NA,NA,NA,1012.2,10.8,10.7,NA,NA,NA
2025,6,27,12,7,0,0,NA,NA,NA,NA,NA,1012.2,10.8,10.7,NA,NA,NA
2025,6,27,13,7,0,0,NA,NA,NA,NA,NA,1012.5,10.7,10.7,NA,NA,NA
2025,6,27,14,7,0,0,NA,NA,NA,NA,NA,1012.8,10.3,10.6,NA,NA,NA
2025,6,27,15,7,0,0,NA,NA,NA,NA,NA,1013.3,10.3,10.6,NA,NA,NA
2025,6,27,16,7,0,0,NA,NA,NA,NA,NA,1013.8,10.3,10.6,NA,NA,NA
2025,6,27,17,7,0,0,NA,NA,NA,NA,NA,1013.9,10.5,10.7,NA,NA,NA
2025,6,27,18,7,0,0,NA,NA,NA,NA,NA,1014.2,10.6,10.8,NA,NA,NA
2025,6,27,19,17,0,0,NA,NA,NA,NA,NA,1014.1,10.8,11.1,NA,NA,NA
2025,6,27,20,17,0,0,NA,NA,NA,NA,NA,1014.4,11.2,11.5,NA,NA,NA
2025,6,27,21,17,0,0,NA,NA,NA,NA,NA,1014.2,11,11.4,NA,NA,NA
2025,6,27,22,17,0,0,NA,NA,NA,NA,NA,1014,11.1,11.6,NA,NA,NA
2025,6,28,0,17,100,1,NA,NA,NA,NA,NA,1013.7,11.3,11.5,NA,NA,NA
2025,6,28,1,17,0,0,NA,NA,NA,NA,NA,1013.4,11.5,11.6,NA,NA,NA
2025,6,28,2,17,0,0,NA,NA,NA,NA,NA,1013.5,11.2,11.2,NA,NA,NA
2025,6,28,3,17,0,0,NA,NA,NA,NA,NA,1013.5,11,11.3,NA,NA,NA
2025,6,28,4,17,0,0,NA,NA,NA,NA,NA,1013.9,11,11.1,NA,NA,NA
2025,6,28,5,17,0,0,NA,NA,NA,NA,NA,1014.1,11.1,11.2,NA,NA,NA
2025,6,28,6,7,0,0,NA,NA,NA,NA,NA,1014.2,10.9,11.4,NA,NA,NA
2025,6,28,7,17,0,0,NA,NA,NA,NA,NA,1014,10.8,11.4,NA,NA,NA
2025,6,28,8,17,0,0,NA,NA,NA,NA,NA,1013.8,10.6,11.5,NA,NA,NA
2025,6,28,9,17,0,0,NA,NA,NA,NA,NA,1013.8,10.6,11.5,NA,NA,NA
2025,6,28,10,7,0,0,NA,NA,NA,NA,NA,1013.6,10.6,11.4,NA,NA,NA
2025,6,28,11,17,0,0,NA,NA,NA,NA,NA,1013.7,10.5,11.5,NA,NA,NA
2025,6,28,12,17,0,0,NA,NA,NA,NA,NA,1014,10.8,11.6,NA,NA,NA
2025,6,28,15,17,0,0,NA,NA,NA,NA,NA,1015.6,10.8,11.5,NA,NA,NA
2025,6,28,16,17,0,0,NA,NA,NA,NA,NA,1016.2,10.7,11.5,NA,NA,NA
2025,6,28,17,17,0,0,NA,NA,NA,NA,NA,1016.4,10.7,11.6,NA,NA,NA
2025,6,28,18,17,0,0,NA,NA,NA,NA,NA,1016.7,10.4,11.7,NA,NA,NA
2025,6,28,19,17,0,0,NA,NA,NA,NA,NA,1016.9,10.9,11.7,NA,NA,NA
2025,6,28,20,17,0,0,NA,NA,NA,NA,NA,1016.8,11.1,11.6,NA,NA,NA
2025,6,28,21,17,0,0,NA,NA,NA,NA,NA,1015.6,11.4,11.6,NA,NA,NA
2025,6,28,22,17,0,0,NA,NA,NA,NA,NA,1015.2,11.6,11.8,NA,NA,NA
2025,6,28,23,17,0,0,NA,NA,NA,NA,NA,1014.9,11.7,11.7,NA,NA,NA
2025,6,29,0,17,0,0,NA,NA,NA,NA,NA,1014.6,11.7,11.8,NA,NA,NA
2025,6,29,1,17,0,0,NA,NA,NA,NA,NA,1014.3,11.5,11.7,NA,NA,NA
2025,6,29,2,17,0,0,NA,NA,NA,NA,NA,1014.1,11.4,11.9,NA,NA,NA
2025,6,29,3,17,0,0,NA,NA,NA,NA,NA,1013.8,11.3,11.9,NA,NA,NA
2025,6,29,4,17,0,0,NA,NA,NA,NA,NA,1014,11.2,11.8,NA,NA,NA
2025,6,29,5,17,0,0,NA,NA,NA,NA,NA,1014.8,10.9,11.9,NA,NA,NA
2025,6,29,6,17,0,0,NA,NA,NA,NA,NA,1014.7,10.8,11.8,NA,NA,NA
2025,6,29,7,7,0,0,NA,NA,NA,NA,NA,1014.6,10.5,11.7,NA,NA,NA
2025,6,29,8,17,0,0,NA,NA,NA,NA,NA,1014.4,10,11.7,NA,NA,NA
2025,6,29,9,17,0,0,NA,NA,NA,NA,NA,1014.2,9.8,11.8,NA,NA,NA
2025,6,29,10,17,0,0,NA,NA,NA,NA,NA,1013.9,9.8,11.8,NA,NA,NA
2025,6,29,11,17,0,0,NA,NA,NA,NA,NA,1013.9,9.8,11.8,NA,NA,NA
2025,6,29,12,17,0,0,NA,NA,NA,NA,NA,1013.8,9.1,11.9,NA,NA,NA
2025,6,29,13,17,0,0,NA,NA,NA,NA,NA,1014.3,9.3,11.9,NA,NA,NA
2025,6,29,14,17,0,0,NA,NA,NA,NA,NA,1014.9,9.1,11.9,NA,NA,NA
2025,6,29,15,17,0,0,NA,NA,NA,NA,NA,1015.7,9.1,12,NA,NA,NA
2025,6,29,16,17,0,0,NA,NA,NA,NA,NA,1016.4,9.3,11.9,NA,NA,NA
2025,6,29,17,17,0,0,NA,NA,NA,NA,NA,1016.5,9.2,12.1,NA,NA,NA
2025,6,29,18,17,0,0,NA,NA,NA,NA,NA,1016,9.8,11.9,NA,NA,NA
2025,6,29,19,7,0,0,NA,NA,NA,NA,NA,1015.3,10,12.4,NA,NA,NA
2025,6,29,20,17,0,0,NA,NA,NA,NA,NA,1014.9,10.4,12.2,NA,NA,NA
2025,6,29,21,17,40,0.5,NA,NA,NA,NA,NA,1014.8,11,11.7,NA,NA,NA
2025,6,29,22,17,0,0,NA,NA,NA,NA,NA,1014.4,10.7,12.1,NA,NA,NA
2025,6,29,23,17,0,0,NA,NA,NA,NA,NA,1013.9,10.8,12,NA,NA,NA
2025,6,30,0,7,0,0,NA,NA,NA,NA,NA,1013.4,11.1,12.1,NA,NA,NA
2025,6,30,1,17,0,0,NA,NA,NA,NA,NA,1013.2,11.3,12.5,NA,NA,NA
2025,6,30,2,17,0,0,NA,NA,NA,NA,NA,1013,11,12.3,NA,NA,NA
2025,6,30,3,17,0,0,NA,NA,NA,NA,NA,1013.1,11,12,NA,NA,NA
2025,6,30,4,17,0,0,NA,NA,NA,NA,NA,1013.9,11.2,11.8,NA,NA,NA
2025,6,30,5,17,0,0,NA,NA,NA,NA,NA,1014.2,11.4,11.9,NA,NA,NA
2025,6,30,6,17,0,0,NA,NA,NA,NA,NA,1013.8,11.4,11.9,NA,NA,NA
2025,6,30,7,17,0,0,NA,NA,NA,NA,NA,1013.8,11.3,11.9,NA,NA,NA
2025,6,30,8,17,0,0,NA,NA,NA,NA,NA,1013.2,11.2,12,NA,NA,NA
2025,6,30,9,17,0,0,NA,NA,NA,NA,NA,1012.8,11.1,12,NA,NA,NA
2025,6,30,10,17,0,0,NA,NA,NA,NA,NA,1012.6,11,12.1,NA,NA,NA
2025,6,30,11,17,0,0,NA,NA,NA,NA,NA,1012.6,10.7,12.1,NA,NA,NA
2025,6,30,12,17,0,0,NA,NA,NA,NA,NA,1012.6,10.6,12,NA,NA,NA
2025,6,30,13,17,0,0,NA,NA,NA,NA,NA,1012.6,10.4,12,NA,NA,NA
2025,6,30,14,17,0,0,NA,NA,NA,NA,NA,1013.1,10.4,11.7,NA,NA,NA
2025,6,30,15,17,0,0,NA,NA,NA,NA,NA,1013.6,10.4,11.8,NA,NA,NA
2025,6,30,16,17,0,0,NA,NA,NA,NA,NA,1013.9,10.3,12,NA,NA,NA
2025,6,30,17,17,0,0,NA,NA,NA,NA,NA,1014.1,10.3,12.2,NA,NA,NA
2025,6,30,18,17,0,0,NA,NA,NA,NA,NA,1012.8,11,12.5,NA,NA,NA
2025,6,30,19,17,0,0,NA,NA,NA,NA,NA,1012.7,11,12.7,NA,NA,NA
2025,6,30,20,17,0,0,NA,NA,NA,NA,NA,1012.8,11.6,12.6,NA,NA,NA
2025,6,30,21,17,0,0,NA,NA,NA,NA,NA,1012.7,12.2,12.6,NA,NA,NA
2025,6,30,22,17,0,0,NA,NA,NA,NA,NA,1012.5,12.6,12.4,NA,NA,NA
2025,6,30,23,17,0,0,NA,NA,NA,NA,NA,1012.4,12.8,12.5,NA,NA,NA
2025,7,1,0,17,0,0,NA,NA,NA,NA,NA,1012,12.8,12.5,NA,NA,NA
2025,7,1,1,17,0,0,NA,NA,NA,NA,NA,1011.8,12.8,12.7,NA,NA,NA
2025,7,1,2,17,0,0,NA,NA,NA,NA,NA,1011.7,12.6,12.6,NA,NA,NA
2025,7,1,3,17,0,0,NA,NA,NA,NA,NA,1011.8,12.4,12.7,NA,NA,NA
2025,7,1,4,17,0,0,NA,NA,NA,NA,NA,1012,12,12.4,NA,NA,NA
2025,7,1,5,17,0,0,NA,NA,NA,NA,NA,1012.4,11.9,12.6,NA,NA,NA
2025,7,1,6,17,0,0,NA,NA,NA,NA,NA,1012.2,11.7,12.5,NA,NA,NA
2025,7,1,7,17,0,0,NA,NA,NA,NA,NA,1011.9,11.6,12.5,NA,NA,NA
2025,7,1,8,17,0,0,NA,NA,NA,NA,NA,1012,11.4,12.6,NA,NA,NA
2025,7,1,9,17,0,0,NA,NA,NA,NA,NA,1012.1,11.5,12.5,NA,NA,NA
2025,7,1,10,17,0,0,NA,NA,NA,NA,NA,1011.9,11.4,12.5,NA,NA,NA
2025,7,1,11,17,0,0,NA,NA,NA,NA,NA,1011.8,11.4,12.5,NA,NA,NA
2025,7,1,12,17,0,0,NA,NA,NA,NA,NA,1011.7,11.2,12.4,NA,NA,NA
2025,7,1,13,17,0,0,NA,NA,NA,NA,NA,1012.1,11,12.4,NA,NA,NA
2025,7,1,14,17,0,0,NA,NA,NA,NA,NA,1012.5,11,12.5,NA,NA,NA
2025,7,1,15,17,0,0,NA,NA,NA,NA,NA,1012.9,11,12.5,NA,NA,NA
2025,7,1,16,17,0,0,NA,NA,NA,NA,NA,1013.2,11.2,12.6,NA,NA,NA
2025,7,1,17,17,0,0,NA,NA,NA,NA,NA,1013.6,12,12.6,NA,NA,NA
2025,7,1,18,17,0,0,NA,NA,NA,NA,NA,1013,11.9,12.6,NA,NA,NA
2025,7,1,19,17,0,0,NA,NA,NA,NA,NA,1013,12.3,13.1,NA,NA,NA
2025,7,1,20,17,0,0,NA,NA,NA,NA,NA,1012.9,12.6,13,NA,NA,NA
2025,7,1,21,17,0,0,NA,NA,NA,NA,NA,1012.6,12.7,13,NA,NA,NA
2025,7,1,22,17,0,0,NA,NA,NA,NA,NA,1012,12.7,13.7,NA,NA,NA
2025,7,1,23,17,0,0,NA,NA,NA,NA,NA,1011.6,12.6,13.5,NA,NA,NA
2025,7,2,0,17,0,0,NA,NA,NA,NA,NA,1011.4,12.7,13.4,NA,NA,NA
2025,7,2,1,17,0,0,NA,NA,NA,NA,NA,1010.9,12.8,13,NA,NA,NA
2025,7,2,2,17,0,0,NA,NA,NA,NA,NA,1011.2,12.7,13,NA,NA,NA
2025,7,2,3,17,0,0,NA,NA,NA,NA,NA,1011.3,12.5,12.9,NA,NA,NA
2025,7,2,4,17,0,0,NA,NA,NA,NA,NA,1011.5,11.8,12.9,NA,NA,NA
2025,7,2,5,17,0,0,NA,NA,NA,NA,NA,1011.7,11.7,12.9,NA,NA,NA
2025,7,2,6,17,0,0,NA,NA,NA,NA,NA,1011.5,11.5,12.8,NA,NA,NA
2025,7,2,7,17,0,0,NA,NA,NA,NA,NA,1012.3,11.6,12.9,NA,NA,NA
2025,7,2,8,17,0,0,NA,NA,NA,NA,NA,1012,11.6,12.7,NA,NA,NA
2025,7,2,9,17,0,0,NA,NA,NA,NA,NA,1011.8,11.3,12.7,NA,NA,NA
2025,7,2,10,17,0,0,NA,NA,NA,NA,NA,1011.4,10.8,12.7,NA,NA,NA
2025,7,2,11,17,0,0,NA,NA,NA,NA,NA,1011.6,11.2,12.5,NA,NA,NA
2025,7,2,12,17,0,0,NA,NA,NA,NA,NA,1011.8,11.5,12.5,NA,NA,NA
2025,7,2,13,17,0,0,NA,NA,NA,NA,NA,1012,11.4,12.4,NA,NA,NA
2025,7,2,14,17,0,0,NA,NA,NA,NA,NA,1012.2,11.5,12.4,NA,NA,NA
2025,7,2,15,17,0,0,NA,NA,NA,NA,NA,1012.6,11.4,12.4,NA,NA,NA
2025,7,2,16,17,0,0,NA,NA,NA,NA,NA,1012.8,11.7,12.4,NA,NA,NA
2025,7,2,17,17,0,0,NA,NA,NA,NA,NA,1013.1,11.9,12.5,NA,NA,NA
2025,7,2,18,17,0,0,NA,NA,NA,NA,NA,1013.4,12,12.6,NA,NA,NA
2025,7,2,19,17,0,0,NA,NA,NA,NA,NA,1013.2,11.9,12.5,NA,NA,NA
2025,7,2,20,17,0,0,NA,NA,NA,NA,NA,1012.5,12.1,12.5,NA,NA,NA
2025,7,2,21,17,0,0,NA,NA,NA,NA,NA,1012.4,12.2,12.6,NA,NA,NA
2025,7,2,22,17,0,0,NA,NA,NA,NA,NA,1012.1,12.2,12.5,NA,NA,NA
2025,7,2,23,17,0,0,NA,NA,NA,NA,NA,1012,12.2,12.4,NA,NA,NA
2025,7,3,0,17,0,0,NA,NA,NA,NA,NA,1011.5,12,11.7,NA,NA,NA
2025,7,3,1,17,0,0,NA,NA,NA,NA,NA,1011.3,11.8,12.4,NA,NA,NA
2025,7,3,2,17,0,0,NA,NA,NA,NA,NA,1011.7,11.9,12.4,NA,NA,NA
2025,7,3,3,17,0,0,NA,NA,NA,NA,NA,1011.8,12.1,12.2,NA,NA,NA
2025,7,3,4,17,0,0,NA,NA,NA,NA,NA,1011.9,12.1,12.1,NA,NA,NA
2025,7,3,5,17,0,0,NA,NA,NA,NA,NA,1011.4,12.2,12.1,NA,NA,NA
2025,7,3,6,17,0,0,NA,NA,NA,NA,NA,1011.4,12.2,12.1,NA,NA,NA
2025,7,3,7,17,0,0,NA,NA,NA,NA,NA,1011.7,11.8,12.1,NA,NA,NA
2025,7,3,8,17,0,0,NA,NA,NA,NA,NA,1011.5,12.1,12.2,NA,NA,NA
2025,7,3,9,17,0,0,NA,NA,NA,NA,NA,1011.5,12,12.2,NA,NA,NA
2025,7,3,10,17,0,0,NA,NA,NA,NA,NA,1011,12.1,12.1,NA,NA,NA
2025,7,3,11,17,0,0,NA,NA,NA,NA,NA,1011.1,11.5,12.1,NA,NA,NA
2025,7,3,12,17,0,0,NA,NA,NA,NA,NA,1011.4,11.4,12.1,NA,NA,NA
2025,7,3,13,17,0,0,NA,NA,NA,NA,NA,1011.9,11.7,12.1,NA,NA,NA
2025,7,3,14,17,0,0,NA,NA,NA,NA,NA,1012.3,11.9,12.1,NA,NA,NA
2025,7,3,15,17,0,0,NA,NA,NA,NA,NA,1012.8,12.1,12.1,NA,NA,NA
2025,7,3,16,17,0,0,NA,NA,NA,NA,NA,1013.4,12.2,12.1,NA,NA,NA
2025,7,3,17,17,0,0,NA,NA,NA,NA,NA,1013.4,12.4,12.1,NA,NA,NA
2025,7,3,18,17,0,0,NA,NA,NA,NA,NA,1014.1,12.3,12.2,NA,NA,NA
2025,7,3,19,17,0,0,NA,NA,NA,NA,NA,1014.5,12.4,12.2,NA,NA,NA
2025,7,3,20,17,0,0,NA,NA,NA,NA,NA,1014.5,12.3,12.3,NA,NA,NA
2025,7,3,21,17,30,11.8,NA,NA,NA,NA,NA,1014.6,12.4,12.5,NA,NA,NA
2025,7,3,22,17,110,11.3,NA,NA,NA,NA,NA,1014.5,12.5,12.4,NA,NA,NA
2025,7,3,23,17,210,1,NA,NA,NA,NA,NA,1013.8,12.7,12.4,NA,NA,NA
2025,7,4,0,17,120,0.5,NA,NA,NA,NA,NA,1013.8,12.7,12.3,NA,NA,NA
2025,7,4,1,17,0,0,NA,NA,NA,NA,NA,1013.6,12.6,12.2,NA,NA,NA
2025,7,4,2,17,160,2.6,NA,NA,NA,NA,NA,1014,12.6,12.1,NA,NA,NA
2025,7,4,3,17,190,1.5,NA,NA,NA,NA,NA,1014.2,12.5,12,NA,NA,NA
2025,7,4,4,17,250,0.5,NA,NA,NA,NA,NA,1014.4,12.4,11.9,NA,NA,NA
2025,7,4,5,17,210,0.5,NA,NA,NA,NA,NA,1014.8,12.6,11.9,NA,NA,NA
2025,7,4,6,17,0,0,NA,NA,NA,NA,NA,1015.5,NA,11.8,NA,NA,NA
2025,7,4,7,17,0,0,NA,NA,NA,NA,NA,1015.8,NA,11.8,NA,NA,NA
2025,7,4,8,17,0,0,NA,NA,NA,NA,NA,1015.8,NA,11.9,NA,NA,NA
2025,7,4,9,17,0,0,NA,NA,NA,NA,NA,1015.9,NA,11.9,NA,NA,NA
2025,7,4,10,17,0,0,NA,NA,NA,NA,NA,1015.7,NA,11.9,NA,NA,NA
2025,7,4,11,17,0,0,NA,NA,NA,NA,NA,1015.6,NA,12.1,NA,NA,NA
2025,7,4,12,17,0,0,NA,NA,NA,NA,NA,1016.4,NA,12.1,NA,NA,NA
2025,7,4,13,17,0,0,NA,NA,NA,NA,NA,1016.6,NA,12.2,NA,NA,NA
2025,7,4,14,17,0,0,NA,NA,NA,NA,NA,1017.1,NA,12.2,NA,NA,NA
2025,7,4,15,17,0,0,NA,NA,NA,NA,NA,1017.9,NA,12.2,NA,NA,NA
2025,7,4,16,17,0,0,NA,NA,NA,NA,NA,1018.5,NA,12.3,NA,NA,NA
2025,7,4,17,17,0,0,NA,NA,NA,NA,NA,1018.8,NA,12.6,NA,NA,NA
2025,7,4,18,17,200,1,NA,NA,NA,NA,NA,1018.9,NA,12.7,NA,NA,NA
2025,7,4,19,17,360,0.5,NA,NA,NA,NA,NA,1019.2,NA,12.7,NA,NA,NA
2025,7,4,20,17,180,2.6,NA,NA,NA,NA,NA,1018.9,NA,12.7,NA,NA,NA
2025,7,4,21,17,60,1.5,NA,NA,NA,NA,NA,1018.8,NA,12.7,NA,NA,NA
2025,7,4,22,17,290,1,NA,NA,NA,NA,NA,1018.6,NA,12.1,NA,NA,NA
2025,7,4,23,17,160,1.5,NA,NA,NA,NA,NA,1018.4,NA,12.2,NA,NA,NA
2025,7,5,0,17,30,1.5,NA,NA,NA,NA,NA,1018,NA,11.9,NA,NA,NA
2025,7,5,1,17,160,2.1,NA,NA,NA,NA,NA,1017.7,NA,11.7,NA,NA,NA
2025,7,5,2,17,50,2.6,NA,NA,NA,NA,NA,1017.7,NA,11.7,NA,NA,NA
2025,7,5,3,17,200,1.5,NA,NA,NA,NA,NA,1018.1,NA,11.6,NA,NA,NA
2025,7,5,4,17,240,1,NA,NA,NA,NA,NA,1018.7,NA,11.6,NA,NA,NA
2025,7,5,5,17,0,0,NA,NA,NA,NA,NA,1019.4,NA,11.6,NA,NA,NA
2025,7,5,6,17,320,1,NA,NA,NA,NA,NA,1019.5,NA,11.5,NA,NA,NA
2025,7,5,7,17,120,0.5,NA,NA,NA,NA,NA,1019.4,NA,11.5,NA,NA,NA
2025,7,5,8,17,0,0,NA,NA,NA,NA,NA,1019.3,NA,11.5,NA,NA,NA
2025,7,5,9,17,100,0.5,NA,NA,NA,NA,NA,1019.2,NA,11.4,NA,NA,NA
2025,7,5,10,17,0,0,NA,NA,NA,NA,NA,1018.8,NA,11.5,NA,NA,NA
2025,7,5,11,17,0,0,NA,NA,NA,NA,NA,1018.8,NA,11.5,NA,NA,NA
2025,7,5,12,17,0,0,NA,NA,NA,NA,NA,1018.8,NA,11.5,NA,NA,NA
2025,7,5,13,17,0,0,NA,NA,NA,NA,NA,1019.1,NA,11.6,NA,NA,NA
2025,7,5,14,17,0,0,NA,NA,NA,NA,NA,1019.6,NA,11.6,NA,NA,NA
2025,7,5,15,17,0,0,NA,NA,NA,NA,NA,1020.1,NA,11.6,NA,NA,NA
2025,7,5,16,17,0,0,NA,NA,NA,NA,NA,1020.5,NA,11.7,NA,NA,NA
2025,7,5,17,17,0,0,NA,NA,NA,NA,NA,1020.7,NA,11.8,NA,NA,NA
2025,7,5,18,17,0,0,NA,NA,NA,NA,NA,1020.5,NA,11.8,NA,NA,NA
2025,7,5,19,17,0,0,NA,NA,NA,NA,NA,1020.4,NA,11.9,NA,NA,NA
2025,7,5,20,17,0,0,NA,NA,NA,NA,NA,1020.2,NA,11.9,NA,NA,NA
2025,7,5,21,17,70,1,NA,NA,NA,NA,NA,1019.8,NA,11.9,NA,NA,NA
2025,7,5,22,17,120,10.3,NA,NA,NA,NA,NA,1019.2,NA,11.8,NA,NA,NA
2025,7,5,23,17,160,4.1,NA,NA,NA,NA,NA,1018.3,NA,11.7,NA,NA,NA
2025,7,6,0,17,230,4.1,NA,NA,NA,NA,NA,1017.6,NA,11.6,NA,NA,NA
2025,7,6,1,17,340,5.1,NA,NA,NA,NA,NA,1017.2,NA,11.5,NA,NA,NA
2025,7,6,2,17,50,3.1,NA,NA,NA,NA,NA,1017.3,NA,11.5,NA,NA,NA
2025,7,6,3,17,110,8.8,NA,NA,NA,NA,NA,1017.1,NA,11.4,NA,NA,NA
2025,7,6,4,17,130,8.2,NA,NA,NA,NA,NA,1017.5,NA,11.3,NA,NA,NA
2025,7,6,5,17,170,1.5,NA,NA,NA,NA,NA,1017.8,NA,11.3,NA,NA,NA
2025,7,6,6,17,190,1,NA,NA,NA,NA,NA,1017.7,NA,11.3,NA,NA,NA
2025,7,6,7,17,0,0,NA,NA,NA,NA,NA,1017.4,NA,11.2,NA,NA,NA
2025,7,6,8,17,0,0,NA,NA,NA,NA,NA,1017.2,NA,11.2,NA,NA,NA
2025,7,6,9,17,0,0,NA,NA,NA,NA,NA,1016.9,NA,11.3,NA,NA,NA
2025,7,6,10,17,0,0,NA,NA,NA,NA,NA,1016.7,NA,11.3,NA,NA,NA
2025,7,6,11,17,150,0.5,NA,NA,NA,NA,NA,1016.2,NA,11.3,NA,NA,NA
2025,7,6,12,17,0,0,NA,NA,NA,NA,NA,1016.2,NA,11.3,NA,NA,NA
2025,7,6,13,17,0,0,NA,NA,NA,NA,NA,1016.4,NA,11.3,NA,NA,NA
2025,7,6,14,17,0,0,NA,NA,NA,NA,NA,1016.4,NA,11.2,NA,NA,NA
2025,7,6,15,17,0,0,NA,NA,NA,NA,NA,1016.6,NA,11.2,NA,NA,NA
2025,7,6,16,17,0,0,NA,NA,NA,NA,NA,1016.8,NA,11.3,NA,NA,NA
2025,7,6,17,17,0,0,NA,NA,NA,NA,NA,1016.7,NA,11.4,NA,NA,NA
2025,7,6,18,17,0,0,NA,NA,NA,NA,NA,1016.4,NA,11.7,NA,NA,NA
2025,7,6,19,17,0,0,NA,NA,NA,NA,NA,1016.2,NA,11.9,NA,NA,NA
2025,7,6,20,17,0,0,NA,NA,NA,NA,NA,1016.1,NA,12.2,NA,NA,NA
2025,7,6,21,17,170,1,NA,NA,NA,NA,NA,1015.5,NA,12.1,NA,NA,NA
2025,7,6,22,17,170,0.5,NA,NA,NA,NA,NA,1015.1,NA,12.4,NA,NA,NA
2025,7,6,23,17,0,0,NA,NA,NA,NA,NA,1014.7,NA,12.4,NA,NA,NA
2025,7,7,0,17,0,0,NA,NA,NA,NA,NA,1014.3,NA,12.3,NA,NA,NA
2025,7,7,1,17,0,0,NA,NA,NA,NA,NA,1013.7,NA,12.3,NA,NA,NA
2025,7,7,2,17,170,0.5,NA,NA,NA,NA,NA,1013.6,NA,12.2,NA,NA,NA
2025,7,7,3,17,0,0,NA,NA,NA,NA,NA,1013.5,NA,12.2,NA,NA,NA
2025,7,7,4,17,0,0,NA,NA,NA,NA,NA,1013.5,NA,12.1,NA,NA,NA
2025,7,7,5,17,0,0,NA,NA,NA,NA,NA,1013.8,NA,12.2,NA,NA,NA
2025,7,7,6,17,0,0,NA,NA,NA,NA,NA,1014.2,NA,12.2,NA,NA,NA
2025,7,7,7,17,0,0,NA,NA,NA,NA,NA,1014.1,NA,12.2,NA,NA,NA
2025,7,7,8,17,0,0,NA,NA,NA,NA,NA,1014,NA,12.2,NA,NA,NA
2025,7,7,9,17,0,0,NA,NA,NA,NA,NA,1013.9,NA,12.2,NA,NA,NA
2025,7,7,10,17,0,0,NA,NA,NA,NA,NA,1013.7,NA,12.2,NA,NA,NA
2025,7,7,11,17,0,0,NA,NA,NA,NA,NA,1013.5,NA,12.2,NA,NA,NA
2025,7,7,12,17,0,0,NA,NA,NA,NA,NA,1013.7,NA,12.2,NA,NA,NA
2025,7,7,13,17,0,0,NA,NA,NA,NA,NA,1014.1,NA,12.2,NA,NA,NA
2025,7,7,14,17,0,0,NA,NA,NA,NA,NA,1014.4,NA,12.1,NA,NA,NA
2025,7,7,15,17,0,0,NA,NA,NA,NA,NA,1015.2,NA,12.1,NA,NA,NA
2025,7,7,16,17,0,0,NA,NA,NA,NA,NA,1015.8,NA,12,NA,NA,NA
2025,7,7,17,17,0,0,NA,NA,NA,NA,NA,1016,NA,12,NA,NA,NA
2025,7,7,18,17,0,0,NA,NA,NA,NA,NA,1016.3,NA,12.2,NA,NA,NA
2025,7,7,19,17,0,0,NA,NA,NA,NA,NA,1015.6,NA,12.4,NA,NA,NA
2025,7,7,20,17,0,0,NA,NA,NA,NA,NA,1015.7,NA,12.6,NA,NA,NA
2025,7,7,21,17,130,0.5,NA,NA,NA,NA,NA,1015.7,NA,12.8,NA,NA,NA
2025,7,7,22,17,0,0,NA,NA,NA,NA,NA,1015.8,NA,12.9,NA,NA,NA
2025,7,7,23,17,0,0,NA,NA,NA,NA,NA,1015.8,NA,12.7,NA,NA,NA
2025,7,8,0,17,0,0,NA,NA,NA,NA,NA,1015.7,NA,12.6,NA,NA,NA
2025,7,8,1,17,0,0,NA,NA,NA,NA,NA,1015.5,NA,12.8,NA,NA,NA
2025,7,8,2,17,0,0,NA,NA,NA,NA,NA,1015.7,NA,12.6,NA,NA,NA
2025,7,8,3,17,0,0,NA,NA,NA,NA,NA,1016,NA,12.8,NA,NA,NA
2025,7,8,4,17,0,0,NA,NA,NA,NA,NA,1016.2,NA,12.9,NA,NA,NA
2025,7,8,5,17,0,0,NA,NA,NA,NA,NA,1016.7,NA,12.7,NA,NA,NA
2025,7,8,6,17,0,0,NA,NA,NA,NA,NA,1017.2,NA,12.8,NA,NA,NA
2025,7,8,7,17,0,0,NA,NA,NA,NA,NA,1017.3,NA,13,NA,NA,NA
2025,7,8,8,17,0,0,NA,NA,NA,NA,NA,1017.4,NA,13.1,NA,NA,NA
2025,7,8,9,17,0,0,NA,NA,NA,NA,NA,1017.4,NA,13,NA,NA,NA
2025,7,8,10,17,0,0,NA,NA,NA,NA,NA,1017.4,NA,12.9,NA,NA,NA
2025,7,8,11,17,0,0,NA,NA,NA,NA,NA,1017.6,NA,12.6,NA,NA,NA
2025,7,8,12,17,0,0,NA,NA,NA,NA,NA,1017.8,NA,12.5,NA,NA,NA
2025,7,8,13,17,0,0,NA,NA,NA,NA,NA,1018.2,NA,12.4,NA,NA,NA
2025,7,8,14,17,0,0,NA,NA,NA,NA,NA,1018.7,NA,12.9,NA,NA,NA
2025,7,8,15,17,0,0,NA,NA,NA,NA,NA,1019.3,NA,12.7,NA,NA,NA
2025,7,8,16,17,0,0,NA,NA,NA,NA,NA,1019.8,NA,12.9,NA,NA,NA
2025,7,8,17,17,0,0,NA,NA,NA,NA,NA,1020,NA,12.8,NA,NA,NA
2025,7,8,18,17,0,0,NA,NA,NA,NA,NA,1020.6,NA,12.7,NA,NA,NA
2025,7,8,19,17,0,0,NA,NA,NA,NA,NA,1020.9,NA,12.8,NA,NA,NA
2025,7,8,20,17,0,0,NA,NA,NA,NA,NA,1020.8,NA,12.8,NA,NA,NA
2025,7,8,21,17,0,0,NA,NA,NA,NA,NA,1020.7,NA,13.3,NA,NA,NA
2025,7,8,23,17,0,0,NA,NA,NA,NA,NA,1020,NA,13.7,NA,NA,NA
2025,7,9,0,17,0,0,NA,NA,NA,NA,NA,1019.5,NA,14.1,NA,NA,NA
2025,7,9,1,17,0,0,NA,NA,NA,NA,NA,1019.1,NA,14.6,NA,NA,NA
2025,7,9,2,17,0,0,NA,NA,NA,NA,NA,1019.4,NA,13.8,NA,NA,NA
2025,7,9,3,17,0,0,NA,NA,NA,NA,NA,1019.5,NA,13.8,NA,NA,NA
2025,7,9,4,17,0,0,NA,NA,NA,NA,NA,1020.1,NA,13.9,NA,NA,NA
2025,7,9,5,17,0,0,NA,NA,NA,NA,NA,1020.5,NA,13.8,NA,NA,NA
2025,7,9,6,17,0,0,NA,NA,NA,NA,NA,1020.2,NA,13.8,NA,NA,NA
2025,7,9,7,17,0,0,NA,NA,NA,NA,NA,1020.3,NA,13.7,NA,NA,NA
2025,7,9,8,17,0,0,NA,NA,NA,NA,NA,1020.1,NA,13.6,NA,NA,NA
2025,7,9,9,17,0,0,NA,NA,NA,NA,NA,1019.7,NA,13.4,NA,NA,NA
2025,7,9,10,17,0,0,NA,NA,NA,NA,NA,1019.7,NA,13.3,NA,NA,NA
2025,7,9,11,17,0,0,NA,NA,NA,NA,NA,1019.5,NA,13.2,NA,NA,NA
2025,7,9,12,17,0,0,NA,NA,NA,NA,NA,1019.7,NA,13.1,NA,NA,NA
2025,7,9,13,17,0,0,NA,NA,NA,NA,NA,1020,NA,13.1,NA,NA,NA
2025,7,9,14,17,0,0,NA,NA,NA,NA,NA,1020.4,NA,13.1,NA,NA,NA
2025,7,9,15,17,0,0,NA,NA,NA,NA,NA,1020.8,NA,13.1,NA,NA,NA
2025,7,9,16,17,0,0,NA,NA,NA,NA,NA,1021,NA,13,NA,NA,NA
2025,7,9,17,17,0,0,NA,NA,NA,NA,NA,1020.7,NA,13.2,NA,NA,NA
2025,7,9,18,17,0,0,NA,NA,NA,NA,NA,1020.8,NA,13.3,NA,NA,NA
2025,7,9,19,7,0,0,NA,NA,NA,NA,NA,1020.5,NA,13.5,NA,NA,NA
2025,7,9,19,57,0,0,NA,NA,NA,NA,NA,1020.3,NA,13.5,NA,NA,NA
2025,7,9,20,57,240,0.5,NA,NA,NA,NA,NA,1019.6,NA,13.3,NA,NA,NA
2025,7,9,21,57,250,1.5,NA,NA,NA,NA,NA,1019,NA,13.3,NA,NA,NA
2025,7,9,22,57,280,1.5,NA,NA,NA,NA,NA,1018.5,NA,13.2,NA,NA,NA
2025,7,9,23,57,310,1,NA,NA,NA,NA,NA,1017.5,NA,13,NA,NA,NA
2025,7,10,0,57,30,6.2,NA,NA,NA,NA,NA,1016.9,NA,12.4,NA,NA,NA
2025,7,10,1,57,110,2.1,NA,NA,NA,NA,NA,1016.9,NA,12.1,NA,NA,NA
2025,7,10,2,57,160,6.7,NA,NA,NA,NA,NA,1016.9,NA,11.7,NA,NA,NA
2025,7,10,3,57,190,2.6,NA,NA,NA,NA,NA,1017.3,NA,11.6,NA,NA,NA
2025,7,10,4,57,220,1,NA,NA,NA,NA,NA,1017.7,NA,11.5,NA,NA,NA
2025,7,10,5,57,220,1.5,NA,NA,NA,NA,NA,1018.1,NA,11.4,NA,NA,NA
2025,7,10,6,57,230,1,NA,NA,NA,NA,NA,1017.8,NA,11.6,NA,NA,NA
2025,7,10,8,17,250,0.5,NA,NA,NA,NA,NA,1017.4,NA,12.2,NA,NA,NA
2025,7,10,9,17,200,0.5,NA,NA,NA,NA,NA,1017.4,NA,12.2,NA,NA,NA
2025,7,10,10,17,0,0,NA,NA,NA,NA,NA,1017,NA,12.3,NA,NA,NA
2025,7,10,11,17,0,0,NA,NA,NA,NA,NA,1017.3,NA,12.2,NA,NA,NA
2025,7,10,12,17,250,0.5,NA,NA,NA,NA,NA,1017.4,NA,12.2,NA,NA,NA
2025,7,10,13,17,350,0.5,NA,NA,NA,NA,NA,1017.3,NA,12.2,NA,NA,NA
2025,7,10,14,17,0,0,NA,NA,NA,NA,NA,1017.3,NA,12.2,NA,NA,NA
2025,7,10,15,17,0,0,NA,NA,NA,NA,NA,1017.8,NA,12.2,NA,NA,NA
2025,7,10,16,17,0,0,NA,NA,NA,NA,NA,1017.9,NA,12.3,NA,NA,NA
2025,7,10,17,17,0,0,NA,NA,NA,NA,NA,1018,NA,12.3,NA,NA,NA
2025,7,10,18,17,0,0,NA,NA,NA,NA,NA,1017.9,NA,12.4,NA,NA,NA
2025,7,10,19,17,0,0,NA,NA,NA,NA,NA,1016.9,NA,12.5,NA,NA,NA
2025,7,10,20,17,0,0,NA,NA,NA,NA,NA,1016.2,NA,12.4,NA,NA,NA
2025,7,10,21,17,0,0,NA,NA,NA,NA,NA,1015.9,NA,12.3,NA,NA,NA
2025,7,10,22,17,0,0,NA,NA,NA,NA,NA,1015,NA,12.4,NA,NA,NA
2025,7,10,23,17,0,0,NA,NA,NA,NA,NA,1014.6,NA,12.2,NA,NA,NA
2025,7,11,0,17,0,0,NA,NA,NA,NA,NA,1014,NA,12.1,NA,NA,NA
2025,7,11,1,17,0,0,NA,NA,NA,NA,NA,1013.8,NA,12,NA,NA,NA
2025,7,11,2,17,70,1,NA,NA,NA,NA,NA,1013.9,NA,11.8,NA,NA,NA
2025,7,11,3,17,0,0,NA,NA,NA,NA,NA,1013.7,NA,12.3,NA,NA,NA
2025,7,11,4,17,0,0,NA,NA,NA,NA,NA,1014,NA,12.3,NA,NA,NA
2025,7,11,5,17,0,0,NA,NA,NA,NA,NA,1013.8,NA,12.2,NA,NA,NA
2025,7,11,6,17,140,0.5,NA,NA,NA,NA,NA,1013.5,NA,12.2,NA,NA,NA
2025,7,11,7,7,180,0.5,NA,NA,NA,NA,NA,1013.5,NA,12.6,NA,NA,NA
2025,7,11,7,57,230,0.5,NA,NA,NA,NA,NA,1013.3,NA,12.6,NA,NA,NA
2025,7,11,8,57,0,0,NA,NA,NA,NA,NA,1013.1,NA,12.6,NA,NA,NA
2025,7,11,9,57,0,0,NA,NA,NA,NA,NA,1013,NA,12.5,NA,NA,NA
2025,7,11,10,57,0,0,NA,NA,NA,NA,NA,1013.1,NA,12.6,NA,NA,NA
2025,7,11,11,57,0,0,NA,NA,NA,NA,NA,1013.1,NA,12.6,NA,NA,NA
2025,7,11,12,57,0,0,NA,NA,NA,NA,NA,1013.3,NA,12.7,NA,NA,NA
2025,7,11,13,57,0,0,NA,NA,NA,NA,NA,1013.5,NA,12.7,NA,NA,NA
2025,7,11,14,57,0,0,NA,NA,NA,NA,NA,1013.9,NA,12.6,NA,NA,NA
2025,7,11,15,57,0,0,NA,NA,NA,NA,NA,1014.4,NA,12.5,NA,NA,NA
2025,7,11,16,57,0,0,NA,NA,NA,NA,NA,1014.4,NA,12.4,NA,NA,NA
2025,7,11,17,57,0,0,NA,NA,NA,NA,NA,1014.8,NA,12.6,NA,NA,NA
2025,7,11,18,57,0,0,NA,NA,NA,NA,NA,1015.1,NA,12.8,NA,NA,NA
2025,7,11,20,17,0,0,NA,NA,NA,NA,NA,1015,NA,12.5,NA,NA,NA
2025,7,11,21,17,0,0,NA,NA,NA,NA,NA,1014.9,NA,12.5,NA,NA,NA
2025,7,11,22,17,0,0,NA,NA,NA,NA,NA,1013.8,NA,12.5,NA,NA,NA
2025,7,11,23,17,0,0,NA,NA,NA,NA,NA,1013.5,NA,12.6,NA,NA,NA
2025,7,12,0,17,0,0,NA,NA,NA,NA,NA,1013,NA,12.8,NA,NA,NA
2025,7,12,1,17,0,0,NA,NA,NA,NA,NA,1012.9,NA,12.7,NA,NA,NA
2025,7,12,2,17,0,0,NA,NA,NA,NA,NA,1012.7,NA,12.6,NA,NA,NA
2025,7,12,3,17,0,0,NA,NA,NA,NA,NA,1012.8,NA,12.5,NA,NA,NA
2025,7,12,4,17,0,0,NA,NA,NA,NA,NA,1013.2,NA,12.6,NA,NA,NA
2025,7,12,5,17,0,0,NA,NA,NA,NA,NA,1013.6,NA,12.6,NA,NA,NA
2025,7,12,6,17,0,0,NA,NA,NA,NA,NA,1014.3,NA,12.5,NA,NA,NA
2025,7,12,7,17,0,0,NA,NA,NA,NA,NA,1014.2,NA,12.6,NA,NA,NA
2025,7,12,8,17,0,0,NA,NA,NA,NA,NA,1014.2,NA,12.6,NA,NA,NA
2025,7,12,9,17,0,0,NA,NA,NA,NA,NA,1014,NA,12.5,NA,NA,NA
2025,7,12,10,17,0,0,NA,NA,NA,NA,NA,1013.9,NA,12.5,NA,NA,NA
2025,7,12,11,17,0,0,NA,NA,NA,NA,NA,1013.9,NA,12.5,NA,NA,NA
2025,7,12,12,17,0,0,NA,NA,NA,NA,NA,1014.1,NA,12.5,NA,NA,NA
2025,7,12,13,17,0,0,NA,NA,NA,NA,NA,1014.4,NA,12.5,NA,NA,NA
2025,7,12,14,17,0,0,NA,NA,NA,NA,NA,1014.8,NA,12.6,NA,NA,NA
2025,7,12,15,17,0,0,NA,NA,NA,NA,NA,1015.4,NA,12.5,NA,NA,NA
2025,7,12,16,17,0,0,NA,NA,NA,NA,NA,1015.7,NA,12.4,NA,NA,NA
2025,7,12,17,17,0,0,NA,NA,NA,NA,NA,1016.5,NA,12.6,NA,NA,NA
2025,7,12,18,17,0,0,NA,NA,NA,NA,NA,1016.8,NA,12.9,NA,NA,NA
2025,7,12,19,17,0,0,NA,NA,NA,NA,NA,1016.7,NA,13.3,NA,NA,NA
2025,7,12,20,17,0,0,NA,NA,NA,NA,NA,1016.7,NA,13.6,NA,NA,NA
2025,7,12,21,17,0,0,NA,NA,NA,NA,NA,1015.5,NA,13.5,NA,NA,NA
2025,7,12,22,17,0,0,NA,NA,NA,NA,NA,1015.5,NA,13.5,NA,NA,NA
2025,7,12,23,17,0,0,NA,NA,NA,NA,NA,1015.3,NA,13.2,NA,NA,NA
2025,7,13,0,17,0,0,NA,NA,NA,NA,NA,1015.1,NA,13.5,NA,NA,NA
2025,7,13,1,17,0,0,NA,NA,NA,NA,NA,1015.1,NA,13.5,NA,NA,NA
2025,7,13,2,17,0,0,NA,NA,NA,NA,NA,1015,NA,13.4,NA,NA,NA
2025,7,13,3,17,0,0,NA,NA,NA,NA,NA,1015,NA,13.5,NA,NA,NA
2025,7,13,4,17,0,0,NA,NA,NA,NA,NA,1015.2,NA,13.4,NA,NA,NA
2025,7,13,5,17,0,0,NA,NA,NA,NA,NA,1015.7,NA,13.3,NA,NA,NA
2025,7,13,6,17,0,0,NA,NA,NA,NA,NA,1015.9,NA,13.2,NA,NA,NA
2025,7,13,7,17,0,0,NA,NA,NA,NA,NA,1016.4,NA,13.2,NA,NA,NA
2025,7,13,8,17,0,0,NA,NA,NA,NA,NA,1016,NA,13.2,NA,NA,NA
2025,7,13,9,17,0,0,NA,NA,NA,NA,NA,1015.7,NA,13.2,NA,NA,NA
2025,7,13,10,17,0,0,NA,NA,NA,NA,NA,1015.1,NA,13,NA,NA,NA
2025,7,13,11,17,0,0,NA,NA,NA,NA,NA,1014.9,NA,13.2,NA,NA,NA
2025,7,13,12,17,0,0,NA,NA,NA,NA,NA,1014.9,NA,13.2,NA,NA,NA
2025,7,13,13,17,0,0,NA,NA,NA,NA,NA,1015.4,NA,13.1,NA,NA,NA
2025,7,13,14,17,0,0,NA,NA,NA,NA,NA,1016.2,NA,13,NA,NA,NA
2025,7,13,15,17,0,0,NA,NA,NA,NA,NA,1016.6,NA,13,NA,NA,NA
2025,7,13,16,17,0,0,NA,NA,NA,NA,NA,1017,NA,13,NA,NA,NA
2025,7,13,17,17,0,0,NA,NA,NA,NA,NA,1017.4,NA,13,NA,NA,NA
2025,7,13,18,17,0,0,NA,NA,NA,NA,NA,1016.5,NA,13.2,NA,NA,NA
2025,7,13,19,17,0,0,NA,NA,NA,NA,NA,1016.3,NA,13.4,NA,NA,NA
2025,7,13,20,17,0,0,NA,NA,NA,NA,NA,1016.4,NA,13.7,NA,NA,NA
2025,7,13,21,17,0,0,NA,NA,NA,NA,NA,1016.3,NA,13.7,NA,NA,NA
2025,7,13,22,17,0,0,NA,NA,NA,NA,NA,1016.1,NA,13.8,NA,NA,NA
2025,7,13,23,17,0,0,NA,NA,NA,NA,NA,1015.8,NA,13.8,NA,NA,NA
2025,7,14,0,17,0,0,NA,NA,NA,NA,NA,1015.2,NA,13.8,NA,NA,NA
2025,7,14,1,17,0,0,NA,NA,NA,NA,NA,1014.8,NA,13.7,NA,NA,NA
2025,7,14,2,17,0,0,NA,NA,NA,NA,NA,1015.1,NA,13.6,NA,NA,NA
2025,7,14,3,17,0,0,NA,NA,NA,NA,NA,1015.3,NA,13.5,NA,NA,NA
2025,7,14,4,17,0,0,NA,NA,NA,NA,NA,1015.4,NA,13.6,NA,NA,NA
2025,7,14,5,17,0,0,NA,NA,NA,NA,NA,1015.5,NA,13.6,NA,NA,NA
2025,7,14,6,17,0,0,NA,NA,NA,NA,NA,1015.6,NA,13.7,NA,NA,NA
2025,7,14,7,17,0,0,NA,NA,NA,NA,NA,1015.4,NA,13.7,NA,NA,NA
2025,7,14,8,17,0,0,NA,NA,NA,NA,NA,1015.3,NA,13.6,NA,NA,NA
2025,7,14,9,17,0,0,NA,NA,NA,NA,NA,1015.1,NA,13.7,NA,NA,NA
2025,7,14,10,17,0,0,NA,NA,NA,NA,NA,1014.6,NA,13.6,NA,NA,NA
2025,7,14,11,17,0,0,NA,NA,NA,NA,NA,1014.3,NA,13.4,NA,NA,NA
2025,7,14,12,17,0,0,NA,NA,NA,NA,NA,1014.2,NA,13.2,NA,NA,NA
2025,7,14,13,17,0,0,NA,NA,NA,NA,NA,1014.4,NA,13.1,NA,NA,NA
2025,7,14,14,17,0,0,NA,NA,NA,NA,NA,1014.6,NA,13,NA,NA,NA
2025,7,14,15,17,0,0,NA,NA,NA,NA,NA,1015.5,NA,13,NA,NA,NA
2025,7,14,16,17,0,0,NA,NA,NA,NA,NA,1014.5,NA,13,NA,NA,NA
2025,7,14,17,17,0,0,NA,NA,NA,NA,NA,1014.8,NA,13.2,NA,NA,NA
2025,7,14,18,17,0,0,NA,NA,NA,NA,NA,1014.9,NA,13.3,NA,NA,NA
2025,7,14,19,17,0,0,NA,NA,NA,NA,NA,1014.9,NA,13.6,NA,NA,NA
2025,7,14,20,17,0,0,NA,NA,NA,NA,NA,1014.8,NA,13.4,NA,NA,NA
2025,7,14,21,17,0,0,NA,NA,NA,NA,NA,1015.1,NA,13.3,NA,NA,NA
2025,7,14,22,17,0,0,NA,NA,NA,NA,NA,1014.4,NA,13.3,NA,NA,NA
2025,7,14,23,17,0,0,NA,NA,NA,NA,NA,1013.8,NA,13.2,NA,NA,NA
2025,7,15,0,17,0,0,NA,NA,NA,NA,NA,1013.5,NA,13.4,NA,NA,NA
2025,7,15,1,17,0,0,NA,NA,NA,NA,NA,1013,NA,13.7,NA,NA,NA
2025,7,15,2,17,0,0,NA,NA,NA,NA,NA,1012.7,NA,13.6,NA,NA,NA
2025,7,15,3,17,0,0,NA,NA,NA,NA,NA,1012.6,NA,13.7,NA,NA,NA
2025,7,15,4,17,0,0,NA,NA,NA,NA,NA,1013,NA,13.8,NA,NA,NA
2025,7,15,5,17,0,0,NA,NA,NA,NA,NA,1013.3,NA,13.5,NA,NA,NA
2025,7,15,6,17,0,0,NA,NA,NA,NA,NA,1013.1,NA,13.5,NA,NA,NA
2025,7,15,7,17,0,0,NA,NA,NA,NA,NA,1013.5,NA,13.6,NA,NA,NA
2025,7,15,8,17,0,0,NA,NA,NA,NA,NA,1013.3,NA,13.5,NA,NA,NA
2025,7,15,9,17,0,0,NA,NA,NA,NA,NA,1013.4,NA,13.8,NA,NA,NA
2025,7,15,10,17,0,0,NA,NA,NA,NA,NA,1013.1,NA,13.5,NA,NA,NA
2025,7,15,11,17,0,0,NA,NA,NA,NA,NA,1012.9,NA,13.6,NA,NA,NA
2025,7,15,12,17,0,0,NA,NA,NA,NA,NA,1013,NA,13.6,NA,NA,NA
2025,7,15,13,17,0,0,NA,NA,NA,NA,NA,1013.5,NA,13.6,NA,NA,NA
2025,7,15,14,17,0,0,NA,NA,NA,NA,NA,1013.9,NA,13.6,NA,NA,NA
2025,7,15,15,17,0,0,NA,NA,NA,NA,NA,1014.4,NA,13.5,NA,NA,NA
2025,7,15,16,17,0,0,NA,NA,NA,NA,NA,1014.8,NA,13.6,NA,NA,NA
2025,7,15,17,17,0,0,NA,NA,NA,NA,NA,1015.3,NA,13.8,NA,NA,NA
2025,7,15,18,17,0,0,NA,NA,NA,NA,NA,1015.5,NA,13.9,NA,NA,NA
2025,7,15,19,17,0,0,NA,NA,NA,NA,NA,1015.6,NA,13.9,NA,NA,NA
2025,7,15,20,17,0,0,NA,NA,NA,NA,NA,1014.4,NA,14,NA,NA,NA
2025,7,15,21,17,0,0,NA,NA,NA,NA,NA,1014.3,NA,14,NA,NA,NA
2025,7,15,22,17,0,0,NA,NA,NA,NA,NA,1014,NA,14.2,NA,NA,NA
2025,7,15,23,17,0,0,NA,NA,NA,NA,NA,1013.6,NA,14.3,NA,NA,NA
2025,7,16,0,17,0,0,NA,NA,NA,NA,NA,1013.4,NA,14.4,NA,NA,NA
2025,7,16,1,17,0,0,NA,NA,NA,NA,NA,1013.2,NA,14.5,NA,NA,NA
2025,7,16,2,17,0,0,NA,NA,NA,NA,NA,1012.8,NA,14.5,NA,NA,NA
2025,7,16,3,17,0,0,NA,NA,NA,NA,NA,1012.9,NA,14.4,NA,NA,NA
2025,7,16,4,17,0,0,NA,NA,NA,NA,NA,1013.2,NA,14.4,NA,NA,NA
2025,7,16,5,17,0,0,NA,NA,NA,NA,NA,1013.3,NA,14.4,NA,NA,NA
2025,7,16,6,17,0,0,NA,NA,NA,NA,NA,1013.2,NA,14.4,NA,NA,NA
2025,7,16,7,7,0,0,NA,NA,NA,NA,NA,1013.1,NA,14.3,NA,NA,NA
2025,7,16,7,57,0,0,NA,NA,NA,NA,NA,1012.9,NA,14.2,NA,NA,NA
2025,7,16,8,57,0,0,NA,NA,NA,NA,NA,1012.7,NA,14.3,NA,NA,NA
2025,7,16,9,57,0,0,NA,NA,NA,NA,NA,1012.5,NA,14.3,NA,NA,NA
2025,7,16,10,57,0,0,NA,NA,NA,NA,NA,1012.5,NA,14.3,NA,NA,NA
2025,7,16,11,57,0,0,NA,NA,NA,NA,NA,1012.5,NA,14.4,NA,NA,NA
2025,7,16,12,57,0,0,NA,NA,NA,NA,NA,1012.9,NA,14.5,NA,NA,NA
2025,7,16,13,57,0,0,NA,NA,NA,NA,NA,1013.4,NA,14.4,NA,NA,NA
2025,7,16,14,57,0,0,NA,NA,NA,NA,NA,1014.1,NA,14.4,NA,NA,NA
2025,7,16,15,57,0,0,NA,NA,NA,NA,NA,1014.6,NA,14.4,NA,NA,NA
2025,7,16,16,57,0,0,NA,NA,NA,NA,NA,1014.9,NA,14.4,NA,NA,NA
2025,7,16,17,57,0,0,NA,NA,NA,NA,NA,1015.3,NA,14.5,NA,NA,NA
2025,7,16,18,57,0,0,NA,NA,NA,NA,NA,1015.9,NA,14.6,NA,NA,NA
2025,7,16,20,17,0,0,NA,NA,NA,NA,NA,1015.8,NA,14.8,NA,NA,NA
2025,7,16,21,17,0,0,NA,NA,NA,NA,NA,1015.8,NA,14.9,NA,NA,NA
2025,7,16,22,17,0,0,NA,NA,NA,NA,NA,1014.4,NA,15,NA,NA,NA
2025,7,16,23,17,0,0,NA,NA,NA,NA,NA,1014.1,NA,15.1,NA,NA,NA
2025,7,17,0,17,0,0,NA,NA,NA,NA,NA,1013.6,NA,15.4,NA,NA,NA
2025,7,17,1,17,0,0,NA,NA,NA,NA,NA,1013.2,NA,15.5,NA,NA,NA
2025,7,17,2,17,0,0,NA,NA,NA,NA,NA,1013.2,NA,15.3,NA,NA,NA
2025,7,17,3,17,0,0,NA,NA,NA,NA,NA,1013.4,NA,14.6,NA,NA,NA
2025,7,17,4,17,0,0,NA,NA,NA,NA,NA,1013.5,NA,14.8,NA,NA,NA
2025,7,17,5,17,0,0,NA,NA,NA,NA,NA,1013.9,NA,14.9,NA,NA,NA
2025,7,17,6,17,0,0,NA,NA,NA,NA,NA,1013.6,NA,14.8,NA,NA,NA
2025,7,17,7,17,0,0,NA,NA,NA,NA,NA,1013.6,NA,14.5,NA,NA,NA
2025,7,17,8,17,0,0,NA,NA,NA,NA,NA,1013.5,NA,14.4,NA,NA,NA
2025,7,17,9,17,0,0,NA,NA,NA,NA,NA,1013.4,NA,14.7,NA,NA,NA
2025,7,17,10,17,0,0,NA,NA,NA,NA,NA,1013.3,NA,14.6,NA,NA,NA
2025,7,17,11,17,0,0,NA,NA,NA,NA,NA,1013.2,NA,14.6,NA,NA,NA
2025,7,17,12,17,0,0,NA,NA,NA,NA,NA,1013.3,NA,14.6,NA,NA,NA
2025,7,17,13,17,0,0,NA,NA,NA,NA,NA,1013.7,NA,14.5,NA,NA,NA
2025,7,17,14,17,0,0,NA,NA,NA,NA,NA,1014.1,NA,14.5,NA,NA,NA
2025,7,17,15,17,0,0,NA,NA,NA,NA,NA,1014.5,NA,14.5,NA,NA,NA
2025,7,17,16,17,0,0,NA,NA,NA,NA,NA,1014.9,NA,14.6,NA,NA,NA
2025,7,17,17,17,0,0,NA,NA,NA,NA,NA,1015,NA,14.7,NA,NA,NA
2025,7,17,18,17,0,0,NA,NA,NA,NA,NA,1014.8,NA,14.9,NA,NA,NA
2025,7,17,19,17,0,0,NA,NA,NA,NA,NA,1015,NA,14.7,NA,NA,NA
2025,7,17,20,17,0,0,NA,NA,NA,NA,NA,1015,NA,14.9,NA,NA,NA
2025,7,17,21,17,0,0,NA,NA,NA,NA,NA,1014.7,NA,15,NA,NA,NA
2025,7,17,22,17,0,0,NA,NA,NA,NA,NA,1014.6,NA,15.4,NA,NA,NA
2025,7,17,23,17,0,0,NA,NA,NA,NA,NA,1014.2,NA,15.4,NA,NA,NA
2025,7,18,0,17,0,0,NA,NA,NA,NA,NA,1013.9,NA,15.3,NA,NA,NA
2025,7,18,1,17,0,0,NA,NA,NA,NA,NA,1013.5,NA,15.1,NA,NA,NA
2025,7,18,2,17,0,0,NA,NA,NA,NA,NA,1013.7,NA,15.2,NA,NA,NA
2025,7,18,3,17,0,0,NA,NA,NA,NA,NA,1013.8,NA,15.4,NA,NA,NA
2025,7,18,4,17,0,0,NA,NA,NA,NA,NA,1014.1,NA,15,NA,NA,NA
2025,7,18,5,17,0,0,NA,NA,NA,NA,NA,1014.5,NA,15.2,NA,NA,NA
2025,7,18,6,17,0,0,NA,NA,NA,NA,NA,1014.8,NA,15.2,NA,NA,NA
2025,7,18,7,17,0,0,NA,NA,NA,NA,NA,1014.6,NA,14.9,NA,NA,NA
2025,7,18,8,17,0,0,NA,NA,NA,NA,NA,1014.6,NA,15.1,NA,NA,NA
2025,7,18,9,17,0,0,NA,NA,NA,NA,NA,1014.6,NA,14.9,NA,NA,NA
2025,7,18,10,17,0,0,NA,NA,NA,NA,NA,1014.7,NA,15.1,NA,NA,NA
2025,7,18,11,17,0,0,NA,NA,NA,NA,NA,1014.6,NA,15,NA,NA,NA
2025,7,18,12,17,0,0,NA,NA,NA,NA,NA,1014.8,NA,14.6,NA,NA,NA
2025,7,18,13,17,0,0,NA,NA,NA,NA,NA,1015.2,NA,14.3,NA,NA,NA
2025,7,18,14,17,0,0,NA,NA,NA,NA,NA,1015.6,NA,14.3,NA,NA,NA
2025,7,18,15,17,0,0,NA,NA,NA,NA,NA,1016.3,NA,14.7,NA,NA,NA
2025,7,18,16,17,0,0,NA,NA,NA,NA,NA,1016.7,NA,14.8,NA,NA,NA
2025,7,18,17,17,0,0,NA,NA,NA,NA,NA,1017.1,NA,15,NA,NA,NA
2025,7,18,18,17,0,0,NA,NA,NA,NA,NA,1017.4,NA,15.1,NA,NA,NA
2025,7,18,19,17,0,0,NA,NA,NA,NA,NA,1017.5,NA,15,NA,NA,NA
2025,7,18,20,17,0,0,NA,NA,NA,NA,NA,1017.4,NA,15.3,NA,NA,NA
2025,7,18,21,17,0,0,NA,NA,NA,NA,NA,1016.9,NA,15.1,NA,NA,NA
2025,7,18,22,17,0,0,NA,NA,NA,NA,NA,1016.8,NA,15.5,NA,NA,NA
2025,7,18,23,17,0,0,NA,NA,NA,NA,NA,1016.4,NA,15.4,NA,NA,NA
2025,7,19,0,17,0,0,NA,NA,NA,NA,NA,1015.7,NA,15.4,NA,NA,NA
2025,7,19,1,17,0,0,NA,NA,NA,NA,NA,1015.6,NA,15.3,NA,NA,NA
2025,7,19,2,17,0,0,NA,NA,NA,NA,NA,1015.4,NA,15.2,NA,NA,NA
2025,7,19,3,17,280,0.5,NA,NA,NA,NA,NA,1015.4,NA,15.1,NA,NA,NA
2025,7,19,4,17,130,3.6,NA,NA,NA,NA,NA,1015.2,NA,14.9,NA,NA,NA
2025,7,19,5,17,130,0.5,NA,NA,NA,NA,NA,1015.5,NA,14.7,NA,NA,NA
2025,7,19,6,17,360,0.5,NA,NA,NA,NA,NA,1015.7,NA,14.6,NA,NA,NA
2025,7,19,7,17,0,0,NA,NA,NA,NA,NA,1016,NA,14.5,NA,NA,NA
2025,7,19,8,17,0,0,NA,NA,NA,NA,NA,1016.2,NA,14.5,NA,NA,NA
2025,7,19,9,17,0,0,NA,NA,NA,NA,NA,1016.3,NA,14.4,NA,NA,NA
2025,7,19,10,17,0,0,NA,NA,NA,NA,NA,1016.6,NA,14.4,NA,NA,NA
2025,7,19,11,17,0,0,NA,NA,NA,NA,NA,1016.6,NA,14.4,NA,NA,NA
2025,7,19,12,17,0,0,NA,NA,NA,NA,NA,1016.9,NA,14.3,NA,NA,NA
2025,7,19,13,17,0,0,NA,NA,NA,NA,NA,1016.8,NA,14.3,NA,NA,NA
2025,7,19,14,17,0,0,NA,NA,NA,NA,NA,1017.1,NA,14.3,NA,NA,NA
2025,7,19,15,17,0,0,NA,NA,NA,NA,NA,1017.6,NA,14.3,NA,NA,NA
2025,7,19,16,17,0,0,NA,NA,NA,NA,NA,1017.9,NA,14.4,NA,NA,NA
2025,7,19,17,17,0,0,NA,NA,NA,NA,NA,1017.7,NA,14.4,NA,NA,NA
2025,7,19,18,17,0,0,NA,NA,NA,NA,NA,1017.7,NA,14.4,NA,NA,NA
2025,7,19,19,17,0,0,NA,NA,NA,NA,NA,1017.7,NA,14.5,NA,NA,NA
2025,7,19,20,17,0,0,NA,NA,NA,NA,NA,1017.4,NA,14.7,NA,NA,NA
2025,7,19,21,17,0,0,NA,NA,NA,NA,NA,1017,NA,14.9,NA,NA,NA
2025,7,19,22,17,0,0,NA,NA,NA,NA,NA,1017,NA,14.9,NA,NA,NA
2025,7,19,23,17,140,1,NA,NA,NA,NA,NA,1016.4,NA,14.9,NA,NA,NA
2025,7,20,0,17,0,0,NA,NA,NA,NA,NA,1016,NA,15,NA,NA,NA
2025,7,20,1,17,0,0,NA,NA,NA,NA,NA,1015.6,NA,15,NA,NA,NA
2025,7,20,2,17,0,0,NA,NA,NA,NA,NA,1015.5,NA,14.9,NA,NA,NA
2025,7,20,3,17,0,0,NA,NA,NA,NA,NA,1015.5,NA,14.9,NA,NA,NA
2025,7,20,4,17,0,0,NA,NA,NA,NA,NA,1015.9,13.1,14.9,NA,NA,NA
2025,7,20,5,17,0,0,NA,NA,NA,NA,NA,1016.5,NA,14.8,NA,NA,NA
2025,7,20,6,17,0,0,NA,NA,NA,NA,NA,1016.5,NA,14.8,NA,NA,NA
2025,7,20,7,17,0,0,NA,NA,NA,NA,NA,1016.5,NA,14.8,NA,NA,NA
2025,7,20,8,17,0,0,NA,NA,NA,NA,NA,1016.1,NA,14.8,NA,NA,NA
2025,7,20,9,17,0,0,NA,NA,NA,NA,NA,1016,NA,14.7,NA,NA,NA
2025,7,20,10,17,0,0,NA,NA,NA,NA,NA,1015.6,NA,14.7,NA,NA,NA
2025,7,20,11,17,0,0,NA,NA,NA,NA,NA,1015.2,NA,14.6,NA,NA,NA
2025,7,20,12,17,0,0,NA,NA,NA,NA,NA,1015.1,13.9,14.6,NA,NA,NA
2025,7,20,13,17,0,0,NA,NA,NA,NA,NA,1015.3,NA,14.6,NA,NA,NA
2025,7,20,14,17,0,0,NA,NA,NA,NA,NA,1015.5,NA,14.5,NA,NA,NA
2025,7,20,15,17,0,0,NA,NA,NA,NA,NA,1015.8,NA,14.5,NA,NA,NA
2025,7,20,16,17,0,0,NA,NA,NA,NA,NA,1016.1,12.9,14.6,NA,NA,NA
2025,7,20,17,17,0,0,NA,NA,NA,NA,NA,1016.2,NA,14.6,NA,NA,NA
2025,7,20,18,17,0,0,NA,NA,NA,NA,NA,1016,NA,14.7,NA,NA,NA
2025,7,20,19,17,0,0,NA,NA,NA,NA,NA,1016.1,NA,14.8,NA,NA,NA
2025,7,20,20,17,0,0,NA,NA,NA,NA,NA,1015.7,NA,15,NA,NA,NA
2025,7,20,21,17,0,0,NA,NA,NA,NA,NA,1015.5,NA,14.7,NA,NA,NA
2025,7,20,22,17,80,0.5,NA,NA,NA,NA,NA,1015,NA,14.8,NA,NA,NA
2025,7,20,23,17,0,0,NA,NA,NA,NA,NA,1014.8,NA,14.8,NA,NA,NA
2025,7,21,0,17,70,1,NA,NA,NA,NA,NA,1014.5,NA,14.7,NA,NA,NA
2025,7,21,1,17,0,0,NA,NA,NA,NA,NA,1014.5,NA,14.7,NA,NA,NA
2025,7,21,2,17,50,0.5,NA,NA,NA,NA,NA,1014.4,NA,14.7,NA,NA,NA
2025,7,21,3,17,50,0.5,NA,NA,NA,NA,NA,1014.3,NA,14.7,NA,NA,NA
2025,7,21,4,17,0,0,NA,NA,NA,NA,NA,1014.7,NA,14.6,NA,NA,NA
2025,7,21,5,17,0,0,NA,NA,NA,NA,NA,1014.8,NA,14.6,NA,NA,NA
2025,7,21,6,17,0,0,NA,NA,NA,NA,NA,1014.9,NA,14.5,NA,NA,NA
2025,7,21,7,17,0,0,NA,NA,NA,NA,NA,1014.9,NA,14.6,NA,NA,NA
2025,7,21,8,17,0,0,NA,NA,NA,NA,NA,1014.7,NA,14.6,NA,NA,NA
2025,7,21,9,17,0,0,NA,NA,NA,NA,NA,1014.6,NA,14.5,NA,NA,NA
2025,7,21,10,17,0,0,NA,NA,NA,NA,NA,1014.6,NA,14.5,NA,NA,NA
2025,7,21,11,17,0,0,NA,NA,NA,NA,NA,1014.6,NA,14.5,NA,NA,NA
2025,7,21,12,17,0,0,NA,NA,NA,NA,NA,1014.8,NA,14.5,NA,NA,NA
2025,7,21,13,17,0,0,NA,NA,NA,NA,NA,1015.1,NA,14.5,NA,NA,NA
2025,7,21,14,17,0,0,NA,NA,NA,NA,NA,1015.6,NA,14.5,NA,NA,NA
2025,7,21,15,17,0,0,NA,NA,NA,NA,NA,1015.8,NA,14.5,NA,NA,NA
2025,7,21,16,17,0,0,NA,NA,NA,NA,NA,1016,NA,14.5,NA,NA,NA
2025,7,21,17,17,0,0,NA,NA,NA,NA,NA,1016.1,NA,14.6,NA,NA,NA
2025,7,21,18,17,0,0,NA,NA,NA,NA,NA,1016.2,NA,14.8,NA,NA,NA
2025,7,21,19,17,0,0,NA,NA,NA,NA,NA,1016.2,NA,14.9,NA,NA,NA
2025,7,21,20,17,0,0,NA,NA,NA,NA,NA,1015.9,NA,15.2,NA,NA,NA
2025,7,21,21,17,0,0,NA,NA,NA,NA,NA,1015.7,NA,15.1,NA,NA,NA
2025,7,21,22,17,0,0,NA,NA,NA,NA,NA,1015.2,NA,15.3,NA,NA,NA
2025,7,21,23,17,0,0,NA,NA,NA,NA,NA,1015,NA,15.3,NA,NA,NA
2025,7,22,0,17,0,0,NA,NA,NA,NA,NA,1014.6,NA,15.3,NA,NA,NA
2025,7,22,2,17,180,1,NA,NA,NA,NA,NA,1013.9,NA,15.1,NA,NA,NA
2025,7,22,3,17,190,1.5,NA,NA,NA,NA,NA,1013.7,NA,15,NA,NA,NA
2025,7,22,4,17,0,0,NA,NA,NA,NA,NA,1014,NA,14.9,NA,NA,NA
2025,7,22,5,17,200,0.5,NA,NA,NA,NA,NA,1014.5,NA,14.7,NA,NA,NA
2025,7,22,6,17,200,0.5,NA,NA,NA,NA,NA,1014.8,NA,14.6,NA,NA,NA
2025,7,22,7,17,200,0.5,NA,NA,NA,NA,NA,1014.9,NA,14.6,NA,NA,NA
2025,7,22,8,17,230,0.5,NA,NA,NA,NA,NA,1014.9,NA,14.5,NA,NA,NA
2025,7,22,9,17,220,0.5,NA,NA,NA,NA,NA,1014.7,NA,14.5,NA,NA,NA
2025,7,22,10,17,220,0.5,NA,NA,NA,NA,NA,1014.7,NA,14.5,NA,NA,NA
2025,7,22,11,17,0,0,NA,NA,NA,NA,NA,1014.6,NA,14.5,NA,NA,NA
2025,7,22,12,17,0,0,NA,NA,NA,NA,NA,1014.7,NA,14.5,NA,NA,NA
2025,7,22,13,17,0,0,NA,NA,NA,NA,NA,1014.9,NA,14.5,NA,NA,NA
2025,7,22,14,17,0,0,NA,NA,NA,NA,NA,1015.2,NA,14.5,NA,NA,NA
2025,7,22,15,17,0,0,NA,NA,NA,NA,NA,1015.5,NA,14.5,NA,NA,NA
2025,7,22,16,17,0,0,NA,NA,NA,NA,NA,1016,NA,14.6,NA,NA,NA
2025,7,22,17,17,0,0,NA,NA,NA,NA,NA,1016.1,NA,14.9,NA,NA,NA
2025,7,22,18,17,0,0,NA,NA,NA,NA,NA,1016.4,NA,14.7,NA,NA,NA
2025,7,22,19,17,0,0,NA,NA,NA,NA,NA,1016.5,NA,15,NA,NA,NA
2025,7,22,20,17,0,0,NA,NA,NA,NA,NA,1016.2,NA,15.2,NA,NA,NA
2025,7,22,21,17,0,0,NA,NA,NA,NA,NA,1015.9,NA,15.6,NA,NA,NA
2025,7,22,22,17,0,0,NA,NA,NA,NA,NA,1015.9,NA,15.4,NA,NA,NA
2025,7,22,23,17,0,0,NA,NA,NA,NA,NA,1015.7,NA,15.6,NA,NA,NA
2025,7,23,0,17,0,0,NA,NA,NA,NA,NA,1015.6,NA,15.4,NA,NA,NA
2025,7,23,1,17,0,0,NA,NA,NA,NA,NA,1015.2,NA,15.4,NA,NA,NA
2025,7,23,2,17,0,0,NA,NA,NA,NA,NA,1015.3,NA,15.3,NA,NA,NA
2025,7,23,3,17,190,0.5,NA,NA,NA,NA,NA,1015.3,NA,15.2,NA,NA,NA
2025,7,23,4,17,0,0,NA,NA,NA,NA,NA,1015.7,NA,15.1,NA,NA,NA
2025,7,23,5,17,0,0,NA,NA,NA,NA,NA,1016.1,NA,14.9,NA,NA,NA
2025,7,23,6,17,0,0,NA,NA,NA,NA,NA,1016.4,NA,14.8,NA,NA,NA
2025,7,23,7,17,0,0,NA,NA,NA,NA,NA,1016.4,NA,14.8,NA,NA,NA
2025,7,23,8,17,0,0,NA,NA,NA,NA,NA,1016.5,NA,14.7,NA,NA,NA
2025,7,23,9,17,200,0.5,NA,NA,NA,NA,NA,1016.4,NA,14.7,NA,NA,NA
2025,7,23,10,17,0,0,NA,NA,NA,NA,NA,1016.2,NA,14.6,NA,NA,NA
2025,7,23,11,17,0,0,NA,NA,NA,NA,NA,1016.3,NA,14.6,NA,NA,NA
2025,7,23,12,17,0,0,NA,NA,NA,NA,NA,1016.7,NA,14.6,NA,NA,NA
2025,7,23,13,17,0,0,NA,NA,NA,NA,NA,1017,NA,14.6,NA,NA,NA
2025,7,23,14,17,0,0,NA,NA,NA,NA,NA,1017.4,NA,14.7,NA,NA,NA
2025,7,23,15,17,0,0,NA,NA,NA,NA,NA,1017.9,NA,14.8,NA,NA,NA
2025,7,23,16,17,0,0,NA,NA,NA,NA,NA,1018.1,NA,14.8,NA,NA,NA
2025,7,23,17,17,0,0,NA,NA,NA,NA,NA,1018.3,NA,14.9,NA,NA,NA
2025,7,23,18,17,0,0,NA,NA,NA,NA,NA,1018.5,NA,15.2,NA,NA,NA
2025,7,23,19,17,0,0,NA,NA,NA,NA,NA,1018.6,NA,15.7,NA,NA,NA
2025,7,23,20,17,0,0,NA,NA,NA,NA,NA,1018.6,NA,15.9,NA,NA,NA
2025,7,23,21,17,0,0,NA,NA,NA,NA,NA,1018.4,NA,15.7,NA,NA,NA
2025,7,23,22,17,0,0,NA,NA,NA,NA,NA,1018.1,NA,16,NA,NA,NA
2025,7,23,23,17,0,0,NA,NA,NA,NA,NA,1018.1,NA,16.3,NA,NA,NA
2025,7,24,0,17,0,0,NA,NA,NA,NA,NA,1018.1,NA,16.4,NA,NA,NA
2025,7,24,1,17,200,1,NA,NA,NA,NA,NA,1018.1,NA,16.1,NA,NA,NA
2025,7,24,2,17,0,0,NA,NA,NA,NA,NA,1018.2,NA,15.8,NA,NA,NA
2025,7,24,3,17,0,0,NA,NA,NA,NA,NA,1018.3,NA,15.6,NA,NA,NA
2025,7,24,4,17,0,0,NA,NA,NA,NA,NA,1018.5,NA,15.4,NA,NA,NA
2025,7,24,5,17,0,0,NA,NA,NA,NA,NA,1018.7,NA,15.4,NA,NA,NA
2025,7,24,6,17,0,0,NA,NA,NA,NA,NA,1019,NA,15.4,NA,NA,NA
2025,7,24,7,17,0,0,NA,NA,NA,NA,NA,1019.2,NA,15.4,NA,NA,NA
2025,7,24,8,17,0,0,NA,NA,NA,NA,NA,1019.2,NA,15.3,NA,NA,NA
2025,7,24,9,17,0,0,NA,NA,NA,NA,NA,1019,NA,15.3,NA,NA,NA
2025,7,24,10,17,0,0,NA,NA,NA,NA,NA,1018.8,NA,15.3,NA,NA,NA
2025,7,24,11,17,0,0,NA,NA,NA,NA,NA,1018.9,NA,15.2,NA,NA,NA
2025,7,24,12,17,0,0,NA,NA,NA,NA,NA,1018.9,NA,15.2,NA,NA,NA
2025,7,24,13,17,0,0,NA,NA,NA,NA,NA,1019.1,NA,15.1,NA,NA,NA
2025,7,24,14,17,0,0,NA,NA,NA,NA,NA,1019.4,NA,15,NA,NA,NA
2025,7,24,15,17,0,0,NA,NA,NA,NA,NA,1019.8,NA,15.1,NA,NA,NA
2025,7,24,16,17,0,0,NA,NA,NA,NA,NA,1020.2,NA,15.2,NA,NA,NA
2025,7,24,17,17,190,1.5,NA,NA,NA,NA,NA,1020.3,NA,15.4,NA,NA,NA
2025,7,24,19,13,240,2.6,NA,NA,NA,NA,NA,1021.1,15.4,15.5,NA,NA,NA
2025,7,24,20,13,230,3.6,NA,NA,NA,NA,NA,1020.8,14.9,16,NA,NA,NA
2025,7,24,21,13,210,4.6,NA,NA,NA,NA,NA,1020.6,15,16,NA,NA,NA
2025,7,24,22,13,210,4.6,NA,NA,NA,NA,NA,1020.2,15.4,16.1,NA,NA,NA
2025,7,24,23,13,210,5.7,NA,NA,NA,NA,NA,1019.8,15.6,16.2,NA,NA,NA
2025,7,25,0,13,220,5.7,NA,NA,NA,NA,NA,1019.7,15.6,16.3,NA,NA,NA
2025,7,25,1,13,240,5.1,NA,NA,NA,NA,NA,1019.4,15.7,16.2,NA,NA,NA
2025,7,25,2,13,230,4.6,NA,NA,NA,NA,NA,1019.2,15.6,16.1,NA,NA,NA
2025,7,25,3,13,230,4.6,NA,NA,NA,NA,NA,1019.2,15.4,16,NA,NA,NA
2025,7,25,4,13,230,4.6,NA,NA,NA,NA,NA,1019.6,15.3,15.8,NA,NA,NA
2025,7,25,5,13,220,2.6,NA,NA,NA,NA,NA,1020.1,15.2,15.8,NA,NA,NA
2025,7,25,6,13,230,3.1,NA,NA,NA,NA,NA,1020,14.9,15.7,NA,NA,NA
2025,7,25,7,13,250,4.1,NA,NA,NA,NA,NA,1020,14.8,15.7,NA,NA,NA
2025,7,25,8,13,250,4.6,NA,NA,NA,NA,NA,1019.9,14.8,15.7,NA,NA,NA
2025,7,25,9,13,300,2.6,NA,NA,NA,NA,NA,1019.4,14.2,15.6,NA,NA,NA
2025,7,25,10,13,280,3.6,NA,NA,NA,NA,NA,1019,13.9,15.6,NA,NA,NA
2025,7,25,11,13,270,3.1,NA,NA,NA,NA,NA,1018.6,13.9,15.5,NA,NA,NA
2025,7,25,12,13,260,3.1,NA,NA,NA,NA,NA,1018.3,13.7,15.4,NA,NA,NA
2025,7,25,13,13,270,3.1,NA,NA,NA,NA,NA,1018.4,13.4,15.3,NA,NA,NA
2025,7,25,14,13,270,4.6,NA,NA,NA,NA,NA,1018.5,13.4,15.3,NA,NA,NA
2025,7,25,15,13,270,4.6,NA,NA,NA,NA,NA,1018.8,13.8,15.3,NA,NA,NA
2025,7,25,16,13,260,3.1,NA,NA,NA,NA,NA,1018.8,13.6,15.3,NA,NA,NA
2025,7,25,17,13,250,3.1,NA,NA,NA,NA,NA,1018.8,14,15.4,NA,NA,NA
2025,7,25,18,13,250,3.6,NA,NA,NA,NA,NA,1018.7,14.2,15.6,NA,NA,NA
2025,7,25,19,13,250,4.1,NA,NA,NA,NA,NA,1018.4,14.3,15.7,NA,NA,NA
2025,7,25,20,13,230,5.1,NA,NA,NA,NA,NA,1018.1,14.3,16,NA,NA,NA
2025,7,25,21,13,250,5.1,NA,NA,NA,NA,NA,1017.7,14.6,15.9,NA,NA,NA
2025,7,25,22,13,230,6.2,NA,NA,NA,NA,NA,1017.3,14.7,16,NA,NA,NA
2025,7,25,23,13,240,6.7,NA,NA,NA,NA,NA,1017,14.8,16,NA,NA,NA
2025,7,26,2,13,240,6.7,NA,NA,NA,NA,NA,1016.8,15,15.8,NA,NA,NA
2025,7,26,3,13,240,6.2,NA,NA,NA,NA,NA,1016.6,14.9,15.7,NA,NA,NA
2025,7,26,4,13,250,4.6,NA,NA,NA,NA,NA,1016.7,14.6,15.7,NA,NA,NA
2025,7,26,6,13,260,7.2,NA,NA,NA,NA,NA,1016.5,14.4,15.6,NA,NA,NA
2025,7,26,7,13,260,6.7,NA,NA,NA,NA,NA,1016.8,14.4,15.5,NA,NA,NA
2025,7,26,8,13,270,6.2,NA,NA,NA,NA,NA,1016.8,14.2,15.4,NA,NA,NA
2025,7,26,9,13,260,5.7,NA,NA,NA,NA,NA,1016.7,13.9,15.3,NA,NA,NA
2025,7,26,10,13,270,5.1,NA,NA,NA,NA,NA,1016.4,13.7,15.3,NA,NA,NA
2025,7,26,11,13,280,5.7,NA,NA,NA,NA,NA,1016.3,13.8,15.3,NA,NA,NA
2025,7,26,12,13,280,4.1,NA,NA,NA,NA,NA,1016.5,13.7,15.2,NA,NA,NA
2025,7,26,13,13,280,3.6,NA,NA,NA,NA,NA,1016.8,13.8,15.1,NA,NA,NA
2025,7,26,14,13,250,2.1,NA,NA,NA,NA,NA,1017,14,15,NA,NA,NA
2025,7,26,15,13,300,3.1,NA,NA,NA,NA,NA,1017.4,13.7,15,NA,NA,NA
2025,7,26,16,13,300,2.1,NA,NA,NA,NA,NA,1017.5,13.8,15.1,NA,NA,NA
2025,7,26,17,13,290,1.5,NA,NA,NA,NA,NA,1017.4,13.8,15.1,NA,NA,NA
2025,7,26,18,13,270,1.5,NA,NA,NA,NA,NA,1017.5,14.2,15.1,NA,NA,NA
2025,7,26,19,13,240,2.6,NA,NA,NA,NA,NA,1017.5,14.6,15,NA,NA,NA
2025,7,26,20,13,220,5.1,NA,NA,NA,NA,NA,1017.3,15,15.6,NA,NA,NA
2025,7,26,21,13,220,6.7,NA,NA,NA,NA,NA,1017.1,15.1,15.5,NA,NA,NA
2025,7,26,22,13,240,6.7,NA,NA,NA,NA,NA,1017.1,14.9,15.5,NA,NA,NA
2025,7,26,23,13,230,6.2,NA,NA,NA,NA,NA,1017.1,15.4,15.8,NA,NA,NA
2025,7,27,0,13,250,6.2,NA,NA,NA,NA,NA,1016.8,15.6,15.7,NA,NA,NA
2025,7,27,1,13,240,6.2,NA,NA,NA,NA,NA,1016.6,15.5,15.7,NA,NA,NA
2025,7,27,2,13,230,4.6,NA,NA,NA,NA,NA,1016.4,15.6,15.6,NA,NA,NA
2025,7,27,3,13,240,5.7,NA,NA,NA,NA,NA,1016.5,15.2,15.4,NA,NA,NA
2025,7,27,4,13,240,4.6,NA,NA,NA,NA,NA,1016.9,14.7,15.5,NA,NA,NA
2025,7,27,5,13,260,5.1,NA,NA,NA,NA,NA,1017.3,14.7,15.5,NA,NA,NA
2025,7,27,6,13,260,6.2,NA,NA,NA,NA,NA,1016.9,14.5,15.4,NA,NA,NA
2025,7,27,7,13,270,6.7,NA,NA,NA,NA,NA,1016.6,14.3,15.3,NA,NA,NA
2025,7,27,8,3,270,5.1,NA,NA,NA,NA,NA,1016.6,14.4,15.4,NA,NA,NA
2025,7,27,9,3,280,3.6,NA,NA,NA,NA,NA,1016.6,14.1,15.4,NA,NA,NA
2025,7,27,10,3,270,4.1,NA,NA,NA,NA,NA,1016.4,14,15.3,NA,NA,NA
2025,7,27,11,3,260,5.1,NA,NA,NA,NA,NA,1016.2,14,15.3,NA,NA,NA
2025,7,27,12,3,260,3.1,NA,NA,NA,NA,NA,1016.6,13.8,15.1,NA,NA,NA
2025,7,27,13,3,260,2.6,NA,NA,NA,NA,NA,1016.8,13.7,15,NA,NA,NA
2025,7,27,14,3,270,4.6,NA,NA,NA,NA,NA,1017.1,13.6,15,NA,NA,NA
2025,7,27,15,3,260,4.6,NA,NA,NA,NA,NA,1017.5,13.7,15.1,NA,NA,NA
2025,7,27,16,3,270,3.6,NA,NA,NA,NA,NA,1017.9,13.7,15.4,NA,NA,NA
2025,7,27,17,3,270,3.6,NA,NA,NA,NA,NA,1017.9,13.9,15.6,NA,NA,NA
2025,7,27,18,3,270,4.1,NA,NA,NA,NA,NA,1018.1,14.2,15.6,NA,NA,NA
2025,7,27,19,3,250,4.1,NA,NA,NA,NA,NA,1018.2,14.2,15.4,NA,NA,NA
2025,7,27,20,13,250,6.2,NA,NA,NA,NA,NA,1018,14.7,15.5,NA,NA,NA
2025,7,27,21,13,250,6.2,NA,NA,NA,NA,NA,1017.7,14.9,15.4,NA,NA,NA
2025,7,27,22,13,240,7.2,NA,NA,NA,NA,NA,1017.6,15,15.4,NA,NA,NA
2025,7,27,23,13,240,7.2,NA,NA,NA,NA,NA,1017.4,15,15.2,NA,NA,NA
2025,7,28,0,13,250,7.2,NA,NA,NA,NA,NA,1017.1,14.9,15.1,NA,NA,NA
2025,7,28,1,13,250,7.7,NA,NA,NA,NA,NA,1016.9,14.8,14.9,NA,NA,NA
2025,7,28,2,13,260,9.8,NA,NA,NA,NA,NA,1016.9,14.6,14.8,NA,NA,NA
2025,7,28,3,13,250,9.3,NA,NA,NA,NA,NA,1017.1,14.6,14.8,NA,NA,NA
2025,7,28,4,13,270,9.8,NA,NA,NA,NA,NA,1017.1,14.7,15.1,NA,NA,NA
2025,7,28,5,13,270,8.8,NA,NA,NA,NA,NA,1017.5,14.7,15,NA,NA,NA
2025,7,28,6,13,270,6.7,NA,NA,NA,NA,NA,1017.7,14.8,14.7,NA,NA,NA
2025,7,28,7,13,270,6.7,NA,NA,NA,NA,NA,1018,14.5,14.5,NA,NA,NA
2025,7,28,8,13,270,4.6,NA,NA,NA,NA,NA,1017.8,14.4,14.4,NA,NA,NA
2025,7,28,9,13,270,4.6,NA,NA,NA,NA,NA,1017.8,14.5,14.3,NA,NA,NA
2025,7,28,10,13,300,3.1,NA,NA,NA,NA,NA,1017.9,14.2,14.3,NA,NA,NA
2025,7,28,12,13,300,2.6,NA,NA,NA,NA,NA,1017.8,14,14.3,NA,NA,NA
2025,7,28,13,13,280,3.1,NA,NA,NA,NA,NA,1018.1,14.1,14.4,NA,NA,NA
2025,7,28,14,13,350,0.5,NA,NA,NA,NA,NA,1018.6,13.9,14.4,NA,NA,NA
2025,7,28,15,13,340,2.1,NA,NA,NA,NA,NA,1019,14,14.5,NA,NA,NA
2025,7,28,16,13,340,1.5,NA,NA,NA,NA,NA,1019.4,14.4,14.9,NA,NA,NA
2025,7,28,17,13,350,0.5,NA,NA,NA,NA,NA,1019.6,15.9,14.8,NA,NA,NA
2025,7,28,18,13,280,3.1,NA,NA,NA,NA,NA,1019.6,15.4,15,NA,NA,NA
2025,7,28,19,13,260,5.7,NA,NA,NA,NA,NA,1019.4,15.1,15.1,NA,NA,NA
2025,7,28,20,13,250,6.2,NA,NA,NA,NA,NA,1019.1,15.2,15,NA,NA,NA
2025,7,28,21,13,250,5.7,NA,NA,NA,NA,NA,1019.1,15.2,14.9,NA,NA,NA
2025,7,28,22,13,250,7.2,NA,NA,NA,NA,NA,1018.7,15.3,14.7,NA,NA,NA
2025,7,28,23,13,250,7.7,NA,NA,NA,NA,NA,1018.4,15.3,14.8,NA,NA,NA
2025,7,29,0,13,260,6.7,NA,NA,NA,NA,NA,1018.3,15.5,14.8,NA,NA,NA
2025,7,29,1,13,260,7.7,NA,NA,NA,NA,NA,1017.8,15.3,14.6,NA,NA,NA
2025,7,29,2,13,260,8.2,NA,NA,NA,NA,NA,1017.7,15.1,14.3,NA,NA,NA
2025,7,29,3,13,270,8.2,NA,NA,NA,NA,NA,1017.9,14.8,14.2,NA,NA,NA
2025,7,29,4,13,270,8.2,NA,NA,NA,NA,NA,1018.3,14.6,14.1,NA,NA,NA
2025,7,29,5,13,280,6.2,NA,NA,NA,NA,NA,1019,14.6,14,NA,NA,NA
2025,7,29,6,13,270,6.2,NA,NA,NA,NA,NA,1019,14.4,14,NA,NA,NA
2025,7,29,7,13,260,5.7,NA,NA,NA,NA,NA,1018.9,14.3,14,NA,NA,NA
2025,7,29,8,13,270,5.1,NA,NA,NA,NA,NA,1018.8,14.2,14,NA,NA,NA
2025,7,29,9,13,270,4.1,NA,NA,NA,NA,NA,1018.7,14,14.1,NA,NA,NA
2025,7,29,10,13,270,3.6,NA,NA,NA,NA,NA,1018.8,14,14.1,NA,NA,NA
2025,7,29,11,13,260,4.6,NA,NA,NA,NA,NA,1018.7,14.1,14.2,NA,NA,NA
2025,7,29,12,13,270,4.1,NA,NA,NA,NA,NA,1018.5,13.8,14.2,NA,NA,NA
2025,7,29,13,13,300,3.6,NA,NA,NA,NA,NA,1018.9,13.6,14.3,NA,NA,NA
2025,7,29,14,13,280,4.1,NA,NA,NA,NA,NA,1019.3,13.3,14.3,NA,NA,NA
2025,7,29,15,13,270,5.7,NA,NA,NA,NA,NA,1019.7,13.6,14.3,NA,NA,NA
2025,7,29,16,13,270,4.6,NA,NA,NA,NA,NA,1020.1,13.5,14.3,NA,NA,NA
2025,7,29,17,13,270,3.6,NA,NA,NA,NA,NA,1020.4,13.8,14.4,NA,NA,NA
2025,7,29,18,13,250,5.7,NA,NA,NA,NA,NA,1020.4,14.4,14.4,NA,NA,NA
2025,7,29,19,13,250,5.1,NA,NA,NA,NA,NA,1020.4,14.7,14.4,NA,NA,NA
2025,7,29,20,13,250,5.1,NA,NA,NA,NA,NA,1020.3,14.9,14.5,NA,NA,NA
2025,7,29,21,13,250,7.2,NA,NA,NA,NA,NA,1020.3,15,14.5,NA,NA,NA
2025,7,29,22,13,250,6.7,NA,NA,NA,NA,NA,1019.4,14.9,14.6,NA,NA,NA
2025,7,29,23,13,250,10.3,NA,NA,NA,NA,NA,1018.9,15.1,14.6,NA,NA,NA
2025,7,30,0,13,250,8.8,NA,NA,NA,NA,NA,1018.4,15,14.3,NA,NA,NA
2025,7,30,1,13,260,8.8,NA,NA,NA,NA,NA,1017.9,14.9,14.1,NA,NA,NA
2025,7,30,2,13,270,10.8,NA,NA,NA,NA,NA,1017.9,14.8,13.9,NA,NA,NA
2025,7,30,3,13,270,9.3,NA,NA,NA,NA,NA,1018.4,14.6,13.7,NA,NA,NA
2025,7,30,4,13,270,8.2,NA,NA,NA,NA,NA,1018.6,14.4,13.6,NA,NA,NA
2025,7,30,5,13,270,8.2,NA,NA,NA,NA,NA,1018.9,14.3,13.4,NA,NA,NA
2025,7,30,6,13,270,7.7,NA,NA,NA,NA,NA,1019,14.1,13.4,NA,NA,NA
2025,7,30,7,13,280,6.7,NA,NA,NA,NA,NA,1018.9,14,13.5,NA,NA,NA
2025,7,30,8,13,280,6.7,NA,NA,NA,NA,NA,1018.4,13.9,13.6,NA,NA,NA
2025,7,30,9,13,270,5.7,NA,NA,NA,NA,NA,1018,14,13.7,NA,NA,NA
2025,7,30,10,13,260,5.7,NA,NA,NA,NA,NA,1017.9,13.9,13.8,NA,NA,NA
2025,7,30,11,13,270,5.7,NA,NA,NA,NA,NA,1017.7,14,13.7,NA,NA,NA
2025,7,30,12,13,270,4.6,NA,NA,NA,NA,NA,1017.6,13.9,13.7,NA,NA,NA
2025,7,30,13,13,270,3.6,NA,NA,NA,NA,NA,1018,13.8,13.7,NA,NA,NA
2025,7,30,14,13,280,2.6,NA,NA,NA,NA,NA,1018.2,13.8,13.8,NA,NA,NA
2025,7,30,15,13,290,2.1,NA,NA,NA,NA,NA,1018.5,14.2,13.8,NA,NA,NA
2025,7,30,16,13,270,3.1,NA,NA,NA,NA,NA,1018.6,14.1,13.9,NA,NA,NA
2025,7,30,17,13,250,2.1,NA,NA,NA,NA,NA,1019,14,14,NA,NA,NA
2025,7,30,18,13,240,2.1,NA,NA,NA,NA,NA,1019.5,14.1,14.1,NA,NA,NA
2025,7,30,19,13,240,3.6,NA,NA,NA,NA,NA,1019.5,14.3,14.1,NA,NA,NA
2025,7,30,20,13,230,4.1,NA,NA,NA,NA,NA,1019.4,14.4,14.2,NA,NA,NA
2025,7,30,21,13,220,3.6,NA,NA,NA,NA,NA,1019.2,14.6,14.3,NA,NA,NA
2025,7,30,22,13,230,3.6,NA,NA,NA,NA,NA,1018.8,14.8,14.4,NA,NA,NA
2025,7,30,23,13,230,4.1,NA,NA,NA,NA,NA,1018.3,15,14.9,NA,NA,NA
2025,7,31,0,13,230,5.1,NA,NA,NA,NA,NA,1017.9,15.1,15.1,NA,NA,NA
2025,7,31,1,13,230,6.7,NA,NA,NA,NA,NA,1017.6,14.9,15,NA,NA,NA
2025,7,31,2,13,250,5.7,NA,NA,NA,NA,NA,1017.2,14.8,14.8,NA,NA,NA
2025,7,31,3,13,250,7.2,NA,NA,NA,NA,NA,1017,14.7,14.4,NA,NA,NA
2025,7,31,4,13,270,8.2,NA,NA,NA,NA,NA,1016.8,14.7,14.2,NA,NA,NA
2025,7,31,5,13,280,8.8,NA,NA,NA,NA,NA,1016.9,14.3,13.9,NA,NA,NA
2025,7,31,6,13,280,7.7,NA,NA,NA,NA,NA,1017.1,14.4,14.1,NA,NA,NA
2025,7,31,7,13,280,6.7,NA,NA,NA,NA,NA,1017.3,14.3,14.1,NA,NA,NA
2025,7,31,8,13,270,5.7,NA,NA,NA,NA,NA,1017.3,14.3,14.2,NA,NA,NA
2025,7,31,9,13,260,3.6,NA,NA,NA,NA,NA,1017.1,14.2,14.3,NA,NA,NA
2025,7,31,10,13,260,5.1,NA,NA,NA,NA,NA,1016.9,14.2,14.5,NA,NA,NA
2025,7,31,11,13,260,3.6,NA,NA,NA,NA,NA,1017,14.2,14.6,NA,NA,NA
2025,7,31,12,13,260,3.6,NA,NA,NA,NA,NA,1016.8,14.1,14.6,NA,NA,NA
2025,7,31,13,13,260,3.1,NA,NA,NA,NA,NA,1017.3,14.2,14.6,NA,NA,NA
2025,7,31,14,13,280,3.1,NA,NA,NA,NA,NA,1017.7,14.2,14.6,NA,NA,NA
2025,7,31,16,13,250,2.6,NA,NA,NA,NA,NA,1018.3,14.2,14.5,NA,NA,NA
2025,7,31,17,13,250,2.6,NA,NA,NA,NA,NA,1018.6,14.4,14.6,NA,NA,NA
2025,7,31,18,13,260,3.6,NA,NA,NA,NA,NA,1018.9,14.5,15,NA,NA,NA
2025,7,31,19,13,240,4.1,NA,NA,NA,NA,NA,1019,14.1,15.3,NA,NA,NA
2025,7,31,20,13,250,5.1,NA,NA,NA,NA,NA,1018.8,14,15.3,NA,NA,NA
2025,7,31,21,13,260,6.2,NA,NA,NA,NA,NA,1018.3,14,15.5,NA,NA,NA
2025,7,31,22,13,260,8.2,NA,NA,NA,NA,NA,1018,14,15.4,NA,NA,NA
2025,8,1,0,13,250,8.8,NA,NA,NA,NA,NA,1017.3,14,14.8,NA,NA,NA
2025,8,1,1,13,250,5.7,NA,NA,NA,NA,NA,1017.2,13.8,14.4,NA,NA,NA
2025,8,1,2,13,260,8.8,NA,NA,NA,NA,NA,1017.3,13.8,13.7,NA,NA,NA
2025,8,1,3,13,260,7.2,NA,NA,NA,NA,NA,1017.4,13.6,13.6,NA,NA,NA
2025,8,1,4,13,270,11.3,NA,NA,NA,NA,NA,1017.6,13.7,13.5,NA,NA,NA
2025,8,1,5,13,280,8.8,NA,NA,NA,NA,NA,1018.3,13.8,13.4,NA,NA,NA
2025,8,1,6,13,280,3.6,NA,NA,NA,NA,NA,1018.8,13.7,13.4,NA,NA,NA
2025,8,1,7,13,290,4.6,NA,NA,NA,NA,NA,1018.9,13.6,13.5,NA,NA,NA
2025,8,1,8,13,270,1.5,NA,NA,NA,NA,NA,1018.8,13.6,13.5,NA,NA,NA
2025,8,1,9,13,270,5.1,NA,NA,NA,NA,NA,1018.4,13.5,13.5,NA,NA,NA
2025,8,1,10,13,290,2.1,NA,NA,NA,NA,NA,1018.4,13.5,13.6,NA,NA,NA
2025,8,1,11,13,250,5.1,NA,NA,NA,NA,NA,1018.2,13.6,14,NA,NA,NA
2025,8,1,12,13,280,3.6,NA,NA,NA,NA,NA,1018.4,13.6,14.2,NA,NA,NA
2025,8,1,13,13,270,6.2,NA,NA,NA,NA,NA,1018.7,13.5,14.3,NA,NA,NA
2025,8,1,14,13,290,5.1,NA,NA,NA,NA,NA,1019.2,13.5,14.5,NA,NA,NA
2025,8,1,15,13,280,3.6,NA,NA,NA,NA,NA,1019.7,13.6,14.7,NA,NA,NA
2025,8,1,16,13,270,5.7,NA,NA,NA,NA,NA,1020.1,13.7,14.8,NA,NA,NA
2025,8,1,17,13,280,2.6,NA,NA,NA,NA,NA,1020.4,13.8,14.9,NA,NA,NA
2025,8,1,18,13,260,4.1,NA,NA,NA,NA,NA,1020.8,13.8,15,NA,NA,NA
2025,8,1,19,13,250,5.1,NA,NA,NA,NA,NA,1021.1,13.8,15,NA,NA,NA
2025,8,1,20,13,240,5.1,NA,NA,NA,NA,NA,1021.2,14.2,14.8,NA,NA,NA
2025,8,1,21,13,240,7.2,NA,NA,NA,NA,NA,1021.1,14.2,14.7,NA,NA,NA
2025,8,1,22,13,240,5.7,NA,NA,NA,NA,NA,1021.1,14.3,14.5,NA,NA,NA
2025,8,1,23,13,240,7.2,NA,NA,NA,NA,NA,1020.8,14.4,13.9,NA,NA,NA
2025,8,2,0,13,240,7.2,NA,NA,NA,NA,NA,1020.7,14.3,13.7,NA,NA,NA
2025,8,2,1,13,240,10.3,NA,NA,NA,NA,NA,1020.4,14.2,13.8,NA,NA,NA
2025,8,2,2,13,250,7.7,NA,NA,NA,NA,NA,1020.7,14,13.6,NA,NA,NA
2025,8,2,3,13,260,6.7,NA,NA,NA,NA,NA,1020.7,13.9,13.4,NA,NA,NA
2025,8,2,4,13,270,7.7,NA,NA,NA,NA,NA,1021.2,14,13.2,NA,NA,NA
2025,8,2,5,13,270,8.2,NA,NA,NA,NA,NA,1021.6,13.9,13.1,NA,NA,NA
2025,8,2,6,13,280,5.7,NA,NA,NA,NA,NA,1021.7,13.5,13.1,NA,NA,NA
2025,8,2,7,13,290,5.1,NA,NA,NA,NA,NA,1021.8,13.7,13.1,NA,NA,NA
2025,8,2,8,13,270,4.6,NA,NA,NA,NA,NA,1021.7,13.5,13.1,NA,NA,NA
2025,8,2,9,13,280,5.7,NA,NA,NA,NA,NA,1021.6,13.4,13.1,NA,NA,NA
2025,8,2,10,13,270,6.2,NA,NA,NA,NA,NA,1021.7,13.4,13.1,NA,NA,NA
2025,8,2,11,13,270,7.2,NA,NA,NA,NA,NA,1022,13.2,13.2,NA,NA,NA
2025,8,2,12,13,280,5.7,NA,NA,NA,NA,NA,1021.7,13.2,13.2,NA,NA,NA
2025,8,2,13,13,280,3.6,NA,NA,NA,NA,NA,1022.3,13.1,13.3,NA,NA,NA
2025,8,2,14,13,290,4.1,NA,NA,NA,NA,NA,1022.5,13.3,13.4,NA,NA,NA
2025,8,2,15,13,260,3.1,NA,NA,NA,NA,NA,1022.7,13.2,13.4,NA,NA,NA
2025,8,2,16,13,260,3.1,NA,NA,NA,NA,NA,1022.9,13.3,13.8,NA,NA,NA
2025,8,2,17,13,280,2.6,NA,NA,NA,NA,NA,1022.9,13.4,13.9,NA,NA,NA
2025,8,2,18,13,260,3.6,NA,NA,NA,NA,NA,1023,13.6,14,NA,NA,NA
2025,8,2,19,13,260,5.1,NA,NA,NA,NA,NA,1023.5,13.6,14.1,NA,NA,NA
2025,8,2,20,13,260,8.2,NA,NA,NA,NA,NA,1023.2,13.6,14.1,NA,NA,NA
2025,8,2,21,13,240,7.7,NA,NA,NA,NA,NA,1022.8,13.6,13.8,NA,NA,NA
2025,8,2,22,13,240,4.6,NA,NA,NA,NA,NA,1022.1,13.6,13.6,NA,NA,NA
2025,8,2,23,13,250,6.2,NA,NA,NA,NA,NA,1021.7,13.7,13.6,NA,NA,NA
2025,8,3,0,13,250,6.2,NA,NA,NA,NA,NA,1021.3,13.7,13.5,NA,NA,NA
2025,8,3,1,13,250,6.7,NA,NA,NA,NA,NA,1020.9,13.6,13.4,NA,NA,NA
2025,8,3,2,13,250,5.7,NA,NA,NA,NA,NA,1020.9,13.6,13.5,NA,NA,NA
2025,8,3,3,13,260,8.8,NA,NA,NA,NA,NA,1020.3,13.5,13.4,NA,NA,NA
2025,8,3,4,13,270,5.7,NA,NA,NA,NA,NA,1020.5,13.4,13.3,NA,NA,NA
2025,8,3,5,13,270,8.2,NA,NA,NA,NA,NA,1020.8,13.5,13.2,NA,NA,NA
2025,8,3,6,13,280,5.1,NA,NA,NA,NA,NA,1020.6,13.3,13.2,NA,NA,NA
2025,8,3,7,13,290,4.6,NA,NA,NA,NA,NA,1020.3,13.2,13.2,NA,NA,NA
2025,8,3,8,13,310,3.1,NA,NA,NA,NA,NA,1020.4,13.3,13.2,NA,NA,NA
2025,8,3,9,13,270,3.1,NA,NA,NA,NA,NA,1019.9,13.5,13.2,NA,NA,NA
2025,8,3,10,13,300,2.6,NA,NA,NA,NA,NA,1019.8,13.1,13.1,NA,NA,NA
2025,8,3,11,13,320,3.6,NA,NA,NA,NA,NA,1019.7,13,13.1,NA,NA,NA
2025,8,3,12,13,310,2.1,NA,NA,NA,NA,NA,1019.7,13.3,13.6,NA,NA,NA
2025,8,3,13,13,310,2.1,NA,NA,NA,NA,NA,1019.9,13.1,13.9,NA,NA,NA
2025,8,3,14,13,270,1,NA,NA,NA,NA,NA,1020.1,13,13.9,NA,NA,NA
2025,8,3,15,13,260,2.6,NA,NA,NA,NA,NA,1020.2,13.2,13.9,NA,NA,NA
2025,8,3,16,13,260,4.1,NA,NA,NA,NA,NA,1020.3,13.6,14,NA,NA,NA
2025,8,3,18,13,270,1.5,NA,NA,NA,NA,NA,1020.5,13.7,14.3,NA,NA,NA
2025,8,3,19,13,260,5.7,NA,NA,NA,NA,NA,1020.2,14.2,14.5,NA,NA,NA
2025,8,3,20,13,250,8.8,NA,NA,NA,NA,NA,1019.8,14.2,14.5,NA,NA,NA
2025,8,3,21,13,250,10.3,NA,NA,NA,NA,NA,1019.4,14.3,14.2,NA,NA,NA
2025,8,3,22,13,260,11.8,NA,NA,NA,NA,NA,1018.4,14.4,13.8,NA,NA,NA
2025,8,3,23,13,250,9.3,NA,NA,NA,NA,NA,1018,14.4,13.7,NA,NA,NA
2025,8,4,0,13,260,8.8,NA,NA,NA,NA,NA,1018.1,14.4,13.4,NA,NA,NA
2025,8,4,1,13,250,12.9,NA,NA,NA,NA,NA,1017.5,14.2,13.3,NA,NA,NA
2025,8,4,2,13,250,11.8,NA,NA,NA,NA,NA,1017.2,14.2,13.3,NA,NA,NA
2025,8,4,3,13,260,12.4,NA,NA,NA,NA,NA,1017.6,14.2,13.2,NA,NA,NA
2025,8,4,4,13,260,8.2,NA,NA,NA,NA,NA,1018.1,14.2,13.3,NA,NA,NA
2025,8,4,5,13,250,6.2,NA,NA,NA,NA,NA,1018.9,14,13.2,NA,NA,NA
2025,8,4,6,13,260,6.7,NA,NA,NA,NA,NA,1019,14,13.1,NA,NA,NA
2025,8,4,7,13,260,7.2,NA,NA,NA,NA,NA,1018.5,13.8,12.9,NA,NA,NA
2025,8,4,8,13,260,3.1,NA,NA,NA,NA,NA,1018.5,13.5,12.8,NA,NA,NA
2025,8,4,9,13,250,5.7,NA,NA,NA,NA,NA,1018.1,13.5,12.7,NA,NA,NA
2025,8,4,10,13,250,5.1,NA,NA,NA,NA,NA,1018.1,13.3,12.6,NA,NA,NA
2025,8,4,11,13,240,4.6,NA,NA,NA,NA,NA,1018.2,13.2,12.5,NA,NA,NA
2025,8,4,12,13,260,3.1,NA,NA,NA,NA,NA,1018.3,13,12.4,NA,NA,NA
2025,8,4,13,13,250,5.1,NA,NA,NA,NA,NA,1018.4,13.3,12.4,NA,NA,NA
2025,8,4,14,13,240,4.1,NA,NA,NA,NA,NA,1018.6,13.2,12.9,NA,NA,NA
2025,8,4,15,13,240,3.1,NA,NA,NA,NA,NA,1018.9,13.4,13,NA,NA,NA
2025,8,4,16,13,250,5.1,NA,NA,NA,NA,NA,1018.7,13.5,13.1,NA,NA,NA
2025,8,4,17,13,260,3.6,NA,NA,NA,NA,NA,1019,13.4,13.1,NA,NA,NA
2025,8,4,18,13,250,3.6,NA,NA,NA,NA,NA,1019.3,13.8,13.2,NA,NA,NA
2025,8,4,19,13,220,4.6,NA,NA,NA,NA,NA,1019,13.9,13.1,NA,NA,NA
2025,8,4,20,13,240,5.7,NA,NA,NA,NA,NA,1018.5,14.3,13,NA,NA,NA
2025,8,4,21,13,230,6.7,NA,NA,NA,NA,NA,1018.1,14.4,13.2,NA,NA,NA
2025,8,4,22,13,250,6.7,NA,NA,NA,NA,NA,1017.5,14.6,13.6,NA,NA,NA
2025,8,4,23,13,250,10.3,NA,NA,NA,NA,NA,1016.7,14.5,13.4,NA,NA,NA
2025,8,5,0,13,250,14.4,NA,NA,NA,NA,NA,1016,14.6,13.5,NA,NA,NA
2025,8,5,2,13,250,12.4,NA,NA,NA,NA,NA,1015.7,14.6,13.2,NA,NA,NA
2025,8,5,3,13,250,10.3,NA,NA,NA,NA,NA,1016.4,14.2,13.1,NA,NA,NA
2025,8,5,4,13,250,6.2,NA,NA,NA,NA,NA,1017.1,14.1,13.1,NA,NA,NA
2025,8,5,5,13,250,7.2,NA,NA,NA,NA,NA,1017.8,13.7,12.9,NA,NA,NA
2025,8,5,6,13,240,6.7,NA,NA,NA,NA,NA,1017.7,13.4,12.7,NA,NA,NA
2025,8,5,7,13,240,6.2,NA,NA,NA,NA,NA,1017.6,13.2,12.4,NA,NA,NA
2025,8,5,8,3,250,4.1,NA,NA,NA,NA,NA,1017.8,13,12.3,NA,NA,NA
2025,8,5,9,3,230,1.5,NA,NA,NA,NA,NA,1017.9,12.8,12.2,NA,NA,NA
2025,8,5,10,3,250,2.6,NA,NA,NA,NA,NA,1017.7,12.8,12.2,NA,NA,NA
2025,8,5,11,3,260,3.6,NA,NA,NA,NA,NA,1017.9,12.8,12.2,NA,NA,NA
2025,8,5,12,3,250,5.7,NA,NA,NA,NA,NA,1017.8,12.9,12.2,NA,NA,NA
2025,8,5,13,3,250,4.1,NA,NA,NA,NA,NA,1018.2,13,12.2,NA,NA,NA
2025,8,5,14,3,340,1,NA,NA,NA,NA,NA,1018.7,13,12.2,NA,NA,NA
2025,8,5,15,3,350,1,NA,NA,NA,NA,NA,1019,13.2,12.3,NA,NA,NA
2025,8,5,16,3,0,0,NA,NA,NA,NA,NA,1019.6,14.2,12.3,NA,NA,NA
2025,8,5,17,3,140,1,NA,NA,NA,NA,NA,1019.5,14.2,12.5,NA,NA,NA
2025,8,5,18,3,240,3.1,NA,NA,NA,NA,NA,1019.6,14,12.7,NA,NA,NA
2025,8,5,19,3,240,4.1,NA,NA,NA,NA,NA,1019.3,13.8,13,NA,NA,NA
2025,8,5,20,13,260,5.1,NA,NA,NA,NA,NA,1019.1,13.8,12.9,NA,NA,NA
2025,8,5,21,13,250,7.7,NA,NA,NA,NA,NA,1018.6,13.8,12.5,NA,NA,NA
2025,8,5,22,13,250,8.2,NA,NA,NA,NA,NA,1018.1,13.8,12.6,NA,NA,NA
2025,8,5,23,13,250,8.2,NA,NA,NA,NA,NA,1017.8,13.9,12.8,NA,NA,NA
2025,8,6,0,13,250,8.2,NA,NA,NA,NA,NA,1017.4,14,12.7,NA,NA,NA
2025,8,6,1,13,260,9.3,NA,NA,NA,NA,NA,1017.1,13.9,12.2,NA,NA,NA
2025,8,6,2,13,260,8.8,NA,NA,NA,NA,NA,1017.1,13.9,12.2,NA,NA,NA
2025,8,6,3,13,270,8.2,NA,NA,NA,NA,NA,1017.1,13.7,12,NA,NA,NA
2025,8,6,4,13,270,8.8,NA,NA,NA,NA,NA,1017.7,13.6,12,NA,NA,NA
2025,8,6,5,13,280,6.7,NA,NA,NA,NA,NA,1018.3,13.2,11.9,NA,NA,NA
2025,8,6,6,13,270,5.1,NA,NA,NA,NA,NA,1018.2,12.8,11.8,NA,NA,NA
2025,8,6,7,13,270,3.6,NA,NA,NA,NA,NA,1018.4,12.9,11.8,NA,NA,NA
2025,8,6,8,13,270,3.6,NA,NA,NA,NA,NA,1018.3,12.6,11.8,NA,NA,NA
2025,8,6,9,13,300,2.1,NA,NA,NA,NA,NA,1018.2,13,11.8,NA,NA,NA
2025,8,6,10,13,310,3.1,NA,NA,NA,NA,NA,1018.3,12.8,11.8,NA,NA,NA
2025,8,6,11,13,320,1,NA,NA,NA,NA,NA,1018.2,12.8,12.3,NA,NA,NA
2025,8,6,12,13,0,0,NA,NA,NA,NA,NA,1018.3,12.7,12.5,NA,NA,NA
2025,8,6,13,13,260,1.5,NA,NA,NA,NA,NA,1018.6,12.6,12.6,NA,NA,NA
2025,8,6,14,13,280,3.6,NA,NA,NA,NA,NA,1018.8,12.9,12.5,NA,NA,NA
2025,8,6,15,13,360,0.5,NA,NA,NA,NA,NA,1019.3,12.8,12.5,NA,NA,NA
2025,8,6,16,13,270,3.1,NA,NA,NA,NA,NA,1019.5,12.6,12.5,NA,NA,NA
2025,8,6,17,13,290,2.6,NA,NA,NA,NA,NA,1019.4,12.5,12.5,NA,NA,NA
2025,8,6,18,13,240,1.5,NA,NA,NA,NA,NA,1019.5,13,12.5,NA,NA,NA
2025,8,6,19,13,250,6.7,NA,NA,NA,NA,NA,1019.6,13,12.7,NA,NA,NA
2025,8,6,20,13,250,6.2,NA,NA,NA,NA,NA,1019.3,13,12.9,NA,NA,NA
2025,8,6,21,13,260,7.2,NA,NA,NA,NA,NA,1018.7,12.9,12.8,NA,NA,NA
2025,8,6,22,13,250,5.1,NA,NA,NA,NA,NA,1018.1,13,12.8,NA,NA,NA
2025,8,6,23,13,260,6.2,NA,NA,NA,NA,NA,1017.9,13.8,12.7,NA,NA,NA
2025,8,7,0,13,250,5.7,NA,NA,NA,NA,NA,1017.5,13.4,13,NA,NA,NA
2025,8,7,1,13,250,7.7,NA,NA,NA,NA,NA,1017.1,13.3,12.9,NA,NA,NA
2025,8,7,2,13,270,9.3,NA,NA,NA,NA,NA,1016.3,13.5,13.1,NA,NA,NA
2025,8,7,3,13,280,8.2,NA,NA,NA,NA,NA,1016.4,13.6,13,NA,NA,NA
2025,8,7,4,13,290,4.1,NA,NA,NA,NA,NA,1017,12.6,12.8,NA,NA,NA
2025,8,7,5,13,280,3.1,NA,NA,NA,NA,NA,1017.8,13,12.8,NA,NA,NA
2025,8,7,6,13,270,2.1,NA,NA,NA,NA,NA,1017.7,12.2,12.7,NA,NA,NA
2025,8,7,7,13,0,0,NA,NA,NA,NA,NA,1017.8,12.4,12.7,NA,NA,NA
2025,8,7,8,13,280,4.1,NA,NA,NA,NA,NA,1017.9,13.3,12.6,NA,NA,NA
2025,8,7,9,13,270,10.3,NA,NA,NA,NA,NA,1017.4,13,12.6,NA,NA,NA
2025,8,7,10,13,270,7.7,NA,NA,NA,NA,NA,1017.6,12.9,13.3,NA,NA,NA
2025,8,7,11,13,280,7.7,NA,NA,NA,NA,NA,1017.3,12.6,12.8,NA,NA,NA
2025,8,7,12,13,270,9.3,NA,NA,NA,NA,NA,1017.4,12.6,12.7,NA,NA,NA
2025,8,7,13,13,290,6.2,NA,NA,NA,NA,NA,1017.6,12.7,12.6,NA,NA,NA
2025,8,7,14,13,260,6.7,NA,NA,NA,NA,NA,1017.6,12.9,12.5,NA,NA,NA
2025,8,7,15,13,260,4.1,NA,NA,NA,NA,NA,1017.9,12.9,12.6,NA,NA,NA
2025,8,7,16,13,300,4.1,NA,NA,NA,NA,NA,1018.1,12.6,12.6,NA,NA,NA
2025,8,7,17,13,270,5.1,NA,NA,NA,NA,NA,1018.5,12.9,12.7,NA,NA,NA
2025,8,7,18,13,260,6.7,NA,NA,NA,NA,NA,1018.7,12.9,12.8,NA,NA,NA
2025,8,7,19,13,250,3.6,NA,NA,NA,NA,NA,1019,13.2,13,NA,NA,NA
2025,8,7,20,13,250,5.1,NA,NA,NA,NA,NA,1018.1,13.6,13.1,NA,NA,NA
2025,8,7,21,13,250,7.2,NA,NA,NA,NA,NA,1018,13.7,13,NA,NA,NA
2025,8,7,22,13,240,6.2,NA,NA,NA,NA,NA,1017.4,13.7,13.1,NA,NA,NA
2025,8,7,23,13,250,5.7,NA,NA,NA,NA,NA,1016.8,13.6,13,NA,NA,NA
2025,8,8,0,13,250,5.7,NA,NA,NA,NA,NA,1016.4,13.5,12.9,NA,NA,NA
2025,8,8,1,13,250,6.2,NA,NA,NA,NA,NA,1016,13.4,12.5,NA,NA,NA
2025,8,8,2,13,250,5.7,NA,NA,NA,NA,NA,1015.7,13.3,12.6,NA,NA,NA
2025,8,8,3,13,250,6.2,NA,NA,NA,NA,NA,1015.5,13,12.7,NA,NA,NA
2025,8,8,4,13,270,6.7,NA,NA,NA,NA,NA,1015.6,13,12.8,NA,NA,NA
2025,8,8,5,13,270,7.2,NA,NA,NA,NA,NA,1015.8,13.1,12.7,NA,NA,NA
2025,8,8,6,13,260,5.7,NA,NA,NA,NA,NA,1015.5,13,12.7,NA,NA,NA
2025,8,8,7,13,280,3.1,NA,NA,NA,NA,NA,1015.3,13,12.7,NA,NA,NA
2025,8,8,8,13,280,3.1,NA,NA,NA,NA,NA,1015.3,12.9,12.9,NA,NA,NA
2025,8,8,9,13,270,4.1,NA,NA,NA,NA,NA,1014.9,12.9,13,NA,NA,NA
2025,8,8,10,13,250,2.6,NA,NA,NA,NA,NA,1014.5,12.8,12.9,NA,NA,NA
2025,8,8,11,13,210,1,NA,NA,NA,NA,NA,1014.1,12.7,12.9,NA,NA,NA
2025,8,8,12,13,0,0,NA,NA,NA,NA,NA,1013.7,12.6,12.9,NA,NA,NA
2025,8,8,13,13,0,0,NA,NA,NA,NA,NA,1013.9,12.3,12.9,NA,NA,NA
2025,8,8,14,13,140,1.5,NA,NA,NA,NA,NA,1014,12.3,12.8,NA,NA,NA
2025,8,8,15,13,100,1,NA,NA,NA,NA,NA,1014.4,12.2,12.9,NA,NA,NA
2025,8,8,16,13,140,1.5,NA,NA,NA,NA,NA,1014.7,12.5,12.9,NA,NA,NA
2025,8,8,17,13,160,1.5,NA,NA,NA,NA,NA,1014.9,12.7,12.9,NA,NA,NA
2025,8,8,18,13,160,1,NA,NA,NA,NA,NA,1014.7,13,13.1,NA,NA,NA
2025,8,8,19,13,200,1.5,NA,NA,NA,NA,NA,1014.5,13.3,13.1,NA,NA,NA
2025,8,8,20,13,200,3.6,NA,NA,NA,NA,NA,1014.1,13.9,13.2,NA,NA,NA
2025,8,8,21,13,190,5.1,NA,NA,NA,NA,NA,1013.9,14,13.3,NA,NA,NA
2025,8,8,22,13,190,5.7,NA,NA,NA,NA,NA,1013.8,14.1,13.4,NA,NA,NA
2025,8,8,23,13,210,3.1,NA,NA,NA,NA,NA,1013.6,14.2,13.3,NA,NA,NA
2025,8,9,0,13,190,3.6,NA,NA,NA,NA,NA,1013.3,14.1,13.4,NA,NA,NA
2025,8,9,1,13,180,4.1,NA,NA,NA,NA,NA,1013.1,14.1,13.9,NA,NA,NA
2025,8,9,2,13,180,4.1,NA,NA,NA,NA,NA,1013,14.1,14,NA,NA,NA
2025,8,9,3,13,180,3.1,NA,NA,NA,NA,NA,1013,14,13.8,NA,NA,NA
2025,8,9,4,13,190,4.1,NA,NA,NA,NA,NA,1013.4,13.9,13.9,NA,NA,NA
2025,8,9,5,13,170,4.6,NA,NA,NA,NA,NA,1014,13.8,13.7,NA,NA,NA
2025,8,9,6,13,160,3.1,NA,NA,NA,NA,NA,1014,13.8,13.8,NA,NA,NA
2025,8,9,7,13,160,2.1,NA,NA,NA,NA,NA,1013.8,13.3,13.8,NA,NA,NA
2025,8,9,8,13,170,3.1,NA,NA,NA,NA,NA,1013.8,13,13.7,NA,NA,NA
2025,8,9,9,13,140,3.1,NA,NA,NA,NA,NA,1013.7,12.8,13.8,NA,NA,NA
2025,8,9,10,13,140,2.6,NA,NA,NA,NA,NA,1013.6,12.8,13.7,NA,NA,NA
2025,8,9,11,13,100,2.6,NA,NA,NA,NA,NA,1013.4,12.7,13.6,NA,NA,NA
2025,8,9,12,13,100,4.1,NA,NA,NA,NA,NA,1013.3,12.4,13.6,NA,NA,NA
2025,8,9,13,13,120,3.1,NA,NA,NA,NA,NA,1013.8,12.5,13.1,NA,NA,NA
2025,8,9,14,13,160,2.1,NA,NA,NA,NA,NA,1014.1,12.4,13.4,NA,NA,NA
2025,8,9,15,13,150,2.1,NA,NA,NA,NA,NA,1014.5,12.3,13.3,NA,NA,NA
2025,8,9,16,13,160,1.5,NA,NA,NA,NA,NA,1014.8,12.4,13.5,NA,NA,NA
2025,8,9,17,13,160,2.1,NA,NA,NA,NA,NA,1015,12,13.5,NA,NA,NA
2025,8,9,18,13,170,1.5,NA,NA,NA,NA,NA,1015.2,12.3,13.6,NA,NA,NA
2025,8,9,19,13,170,3.6,NA,NA,NA,NA,NA,1014.9,12.7,13.8,NA,NA,NA
2025,8,9,20,13,190,5.7,NA,NA,NA,NA,NA,1014.5,13.1,13.9,NA,NA,NA
2025,8,9,21,13,190,6.2,NA,NA,NA,NA,NA,1014.5,13.6,13.9,NA,NA,NA
2025,8,9,22,13,190,4.6,NA,NA,NA,NA,NA,1014.3,14,13.9,NA,NA,NA
2025,8,9,23,13,200,4.6,NA,NA,NA,NA,NA,1014,14.2,13.9,NA,NA,NA
2025,8,10,0,13,200,4.1,NA,NA,NA,NA,NA,1013.9,14.4,14,NA,NA,NA
2025,8,10,1,13,200,4.1,NA,NA,NA,NA,NA,1013.6,14.6,13.9,NA,NA,NA
2025,8,10,2,13,190,3.1,NA,NA,NA,NA,NA,1013.7,14.6,14.4,NA,NA,NA
2025,8,10,3,13,180,2.6,NA,NA,NA,NA,NA,1013.8,14.4,14.5,NA,NA,NA
2025,8,10,4,13,160,3.1,NA,NA,NA,NA,NA,1014,14.3,14.4,NA,NA,NA
2025,8,10,5,13,190,3.1,NA,NA,NA,NA,NA,1014.2,14,14.4,NA,NA,NA
2025,8,10,6,13,210,1,NA,NA,NA,NA,NA,1014.3,13.8,14.5,NA,NA,NA
2025,8,10,7,13,150,1.5,NA,NA,NA,NA,NA,1014.2,13.6,14.5,NA,NA,NA
2025,8,10,8,13,220,1,NA,NA,NA,NA,NA,1014,13.4,14.6,NA,NA,NA
2025,8,10,9,13,160,2.1,NA,NA,NA,NA,NA,1013.9,13.3,14.7,NA,NA,NA
2025,8,10,10,13,180,1.5,NA,NA,NA,NA,NA,1014.2,12.9,14.7,NA,NA,NA
2025,8,10,11,13,250,0.5,NA,NA,NA,NA,NA,1014.1,12.9,14.7,NA,NA,NA
2025,8,10,12,13,150,0.5,NA,NA,NA,NA,NA,1014.4,13,14.6,NA,NA,NA
2025,8,10,13,13,180,1,NA,NA,NA,NA,NA,1014.8,13,14.5,NA,NA,NA
2025,8,10,14,13,140,1,NA,NA,NA,NA,NA,1015.4,12.8,14.5,NA,NA,NA
2025,8,10,15,13,0,0,NA,NA,NA,NA,NA,1016.2,12.6,14.5,NA,NA,NA
2025,8,10,16,13,100,1.5,NA,NA,NA,NA,NA,1016.8,12.7,14.6,NA,NA,NA
2025,8,10,17,13,0,0,NA,NA,NA,NA,NA,1017.5,13,14.7,NA,NA,NA
2025,8,10,18,13,270,1,NA,NA,NA,NA,NA,1017.3,13.6,14.8,NA,NA,NA
2025,8,10,19,13,220,1.5,NA,NA,NA,NA,NA,1017.4,13.9,14.7,NA,NA,NA
2025,8,10,20,13,210,4.1,NA,NA,NA,NA,NA,1017.1,14.2,15.1,NA,NA,NA
2025,8,10,21,13,220,5.1,NA,NA,NA,NA,NA,1017,14.6,15.3,NA,NA,NA
2025,8,10,22,13,240,3.6,NA,NA,NA,NA,NA,1016.7,14.9,15.3,NA,NA,NA
2025,8,10,23,13,220,2.6,NA,NA,NA,NA,NA,1016.5,15,14.9,NA,NA,NA
2025,8,11,0,13,230,3.1,NA,NA,NA,NA,NA,1016.1,15.3,15.1,NA,NA,NA
2025,8,11,2,13,230,2.1,NA,NA,NA,NA,NA,1016,15.2,14.6,NA,NA,NA
2025,8,11,3,13,230,2.1,NA,NA,NA,NA,NA,1016.2,15.1,14.2,NA,NA,NA
2025,8,11,4,13,230,3.1,NA,NA,NA,NA,NA,1016.8,15,14.5,NA,NA,NA
2025,8,11,5,13,230,2.6,NA,NA,NA,NA,NA,1017.2,15,14.6,NA,NA,NA
2025,8,11,6,13,240,1,NA,NA,NA,NA,NA,1017.2,14.7,14.3,NA,NA,NA
2025,8,11,7,13,290,2.1,NA,NA,NA,NA,NA,1017.1,14.5,14.1,NA,NA,NA
2025,8,11,8,13,260,2.1,NA,NA,NA,NA,NA,1017.2,14.4,14.2,NA,NA,NA
2025,8,11,9,13,270,2.6,NA,NA,NA,NA,NA,1017,14.2,14.2,NA,NA,NA
2025,8,11,10,13,270,3.1,NA,NA,NA,NA,NA,1016.9,14.1,14.3,NA,NA,NA
2025,8,11,11,13,290,2.1,NA,NA,NA,NA,NA,1016.9,14.1,14.4,NA,NA,NA
2025,8,11,12,13,290,2.1,NA,NA,NA,NA,NA,1016.9,14,14.3,NA,NA,NA
2025,8,11,13,13,300,2.6,NA,NA,NA,NA,NA,1017,13.8,14.3,NA,NA,NA
2025,8,11,14,13,310,1.5,NA,NA,NA,NA,NA,1017.3,13.6,14.5,NA,NA,NA
2025,8,11,15,13,330,1.5,NA,NA,NA,NA,NA,1017.4,13.4,14.5,NA,NA,NA
2025,8,11,16,13,350,3.6,NA,NA,NA,NA,NA,1017.5,13.3,14.4,NA,NA,NA
2025,8,11,17,13,280,1,NA,NA,NA,NA,NA,1017.8,13.5,14.5,NA,NA,NA
2025,8,11,18,13,270,2.6,NA,NA,NA,NA,NA,1018,13.6,14.6,NA,NA,NA
2025,8,11,19,13,260,4.1,NA,NA,NA,NA,NA,1017.8,14.4,14.7,NA,NA,NA
2025,8,11,20,13,240,5.1,NA,NA,NA,NA,NA,1017.4,14.7,14.8,NA,NA,NA
2025,8,11,21,13,240,6.2,NA,NA,NA,NA,NA,1017.2,14.9,14.9,NA,NA,NA
2025,8,11,22,13,250,6.7,NA,NA,NA,NA,NA,1016.8,14.8,15,NA,NA,NA
2025,8,11,23,13,240,6.2,NA,NA,NA,NA,NA,1016.4,15,14.9,NA,NA,NA
2025,8,12,0,13,240,7.2,NA,NA,NA,NA,NA,1016.1,14.8,15,NA,NA,NA
2025,8,12,1,13,240,5.7,NA,NA,NA,NA,NA,1015.7,14.7,15,NA,NA,NA
2025,8,12,2,13,240,7.7,NA,NA,NA,NA,NA,1015.4,14.4,14.8,NA,NA,NA
2025,8,12,3,13,260,7.2,NA,NA,NA,NA,NA,1015.6,14.2,14.6,NA,NA,NA
2025,8,12,4,13,260,9.3,NA,NA,NA,NA,NA,1015.8,14,14.3,NA,NA,NA
2025,8,12,5,13,260,6.7,NA,NA,NA,NA,NA,1015.7,14,14,NA,NA,NA
2025,8,12,6,13,280,5.1,NA,NA,NA,NA,NA,1015.3,14,14.1,NA,NA,NA
2025,8,12,7,13,270,6.2,NA,NA,NA,NA,NA,1015.2,13.6,13.8,NA,NA,NA
2025,8,12,8,13,310,5.1,NA,NA,NA,NA,NA,1015.1,13.6,14.1,NA,NA,NA
2025,8,12,9,13,320,4.1,NA,NA,NA,NA,NA,1015,13.4,14.1,NA,NA,NA
2025,8,12,10,13,280,4.6,NA,NA,NA,NA,NA,1015,13.1,14.1,NA,NA,NA
2025,8,12,11,13,270,4.1,NA,NA,NA,NA,NA,1014.8,13.2,14.2,NA,NA,NA
2025,8,12,12,13,280,6.7,NA,NA,NA,NA,NA,1014.8,13.2,14.2,NA,NA,NA
2025,8,12,13,13,290,5.1,NA,NA,NA,NA,NA,1015.1,13.2,14,NA,NA,NA
2025,8,12,14,13,290,5.1,NA,NA,NA,NA,NA,1015.5,12.8,13.9,NA,NA,NA
2025,8,12,15,13,310,2.6,NA,NA,NA,NA,NA,1016,12.8,13.8,NA,NA,NA
2025,8,12,16,13,280,2.1,NA,NA,NA,NA,NA,1016.2,12.9,13.8,NA,NA,NA
2025,8,12,17,13,290,3.6,NA,NA,NA,NA,NA,1016.2,13.1,13.9,NA,NA,NA
2025,8,12,18,13,260,3.1,NA,NA,NA,NA,NA,1016.3,13.5,14.1,NA,NA,NA
2025,8,12,19,13,270,3.1,NA,NA,NA,NA,NA,1016.2,13.8,14.1,NA,NA,NA
2025,8,12,20,13,260,5.7,NA,NA,NA,NA,NA,1016.1,14,14.2,NA,NA,NA
2025,8,12,21,13,250,7.2,NA,NA,NA,NA,NA,1015.9,14.2,14.2,NA,NA,NA
2025,8,12,22,13,250,6.7,NA,NA,NA,NA,NA,1015.4,14.4,14.3,NA,NA,NA
2025,8,12,23,13,240,6.2,NA,NA,NA,NA,NA,1015.5,14.6,14.4,NA,NA,NA
2025,8,13,0,13,250,7.2,NA,NA,NA,NA,NA,1015.2,14.9,14.4,NA,NA,NA
2025,8,13,1,13,240,5.7,NA,NA,NA,NA,NA,1014.9,15,14.4,NA,NA,NA
2025,8,13,2,13,250,7.7,NA,NA,NA,NA,NA,1014.8,15,14.4,NA,NA,NA
2025,8,13,3,13,240,5.1,NA,NA,NA,NA,NA,1015.2,15,14.4,NA,NA,NA
2025,8,13,4,3,260,5.7,NA,NA,NA,NA,NA,1015.5,15,14.5,NA,NA,NA
2025,8,13,5,13,260,4.6,NA,NA,NA,NA,NA,1015.6,14.8,14.3,NA,NA,NA
2025,8,13,6,13,260,4.6,NA,NA,NA,NA,NA,1015.4,14.5,14.4,NA,NA,NA
2025,8,13,7,13,280,3.6,NA,NA,NA,NA,NA,1015.5,14.4,14.1,NA,NA,NA
2025,8,13,8,13,260,1.5,NA,NA,NA,NA,NA,1015.6,14.5,14.2,NA,NA,NA
2025,8,13,9,13,280,4.6,NA,NA,NA,NA,NA,1015.3,14.5,14.1,NA,NA,NA
2025,8,13,10,13,270,2.6,NA,NA,NA,NA,NA,1015.4,14.2,14.1,NA,NA,NA
2025,8,13,11,13,270,2.1,NA,NA,NA,NA,NA,1015.4,14,14.1,NA,NA,NA
2025,8,13,12,13,290,1,NA,NA,NA,NA,NA,1015.6,14,14.1,NA,NA,NA
2025,8,13,13,13,300,0.5,NA,NA,NA,NA,NA,1015.9,14,14.3,NA,NA,NA
2025,8,13,14,13,270,2.1,NA,NA,NA,NA,NA,1016.3,14.1,14.3,NA,NA,NA
2025,8,13,15,13,320,1.5,NA,NA,NA,NA,NA,1016.7,13.9,14.2,NA,NA,NA
2025,8,13,16,13,320,2.1,NA,NA,NA,NA,NA,1016.7,13.8,14.6,NA,NA,NA
2025,8,13,17,13,280,1,NA,NA,NA,NA,NA,1017.1,14.1,14.7,NA,NA,NA
2025,8,13,18,13,280,2.6,NA,NA,NA,NA,NA,1017.3,14.2,14.6,NA,NA,NA
2025,8,13,19,13,260,4.6,NA,NA,NA,NA,NA,1016.6,14.7,14.9,NA,NA,NA
2025,8,13,20,13,250,5.1,NA,NA,NA,NA,NA,1016.5,15.2,15,NA,NA,NA
2025,8,13,21,13,240,6.7,NA,NA,NA,NA,NA,1016.4,15.1,15.1,NA,NA,NA
2025,8,13,22,13,250,7.2,NA,NA,NA,NA,NA,1015.9,15.5,15.4,NA,NA,NA
2025,8,13,23,13,240,4.1,NA,NA,NA,NA,NA,1015.6,15.7,15.4,NA,NA,NA
2025,8,14,0,13,230,6.7,NA,NA,NA,NA,NA,1015.5,15.8,15.4,NA,NA,NA
2025,8,14,1,13,240,7.2,NA,NA,NA,NA,NA,1015.2,15.8,15.4,NA,NA,NA
2025,8,14,2,13,250,6.2,NA,NA,NA,NA,NA,1015.2,15.6,15.4,NA,NA,NA
2025,8,14,3,13,260,6.7,NA,NA,NA,NA,NA,1015.1,15.4,15.2,NA,NA,NA
2025,8,14,4,13,250,7.2,NA,NA,NA,NA,NA,1015.5,15,15.1,NA,NA,NA
2025,8,14,5,13,260,5.7,NA,NA,NA,NA,NA,1015.7,14.8,14.9,NA,NA,NA
2025,8,14,6,13,260,7.2,NA,NA,NA,NA,NA,1015.6,14.7,14.8,NA,NA,NA
2025,8,14,7,13,270,4.6,NA,NA,NA,NA,NA,1015.6,14.6,14.9,NA,NA,NA
2025,8,14,8,13,290,3.1,NA,NA,NA,NA,NA,1015.7,14.4,14.8,NA,NA,NA
2025,8,14,9,13,270,2.1,NA,NA,NA,NA,NA,1015.5,14.5,15,NA,NA,NA
2025,8,14,10,13,250,2.1,NA,NA,NA,NA,NA,1015.2,14.5,14.9,NA,NA,NA
2025,8,14,11,13,220,2.6,NA,NA,NA,NA,NA,1015,14.4,15,NA,NA,NA
2025,8,14,12,13,250,2.6,NA,NA,NA,NA,NA,1015.2,14.5,14.7,NA,NA,NA
2025,8,14,13,13,260,3.6,NA,NA,NA,NA,NA,1015.2,14,14.5,NA,NA,NA
2025,8,14,14,13,250,3.1,NA,NA,NA,NA,NA,1015.6,14.3,14.5,NA,NA,NA
2025,8,14,15,13,240,1,NA,NA,NA,NA,NA,1016,14.4,14.5,NA,NA,NA
2025,8,14,16,13,240,2.1,NA,NA,NA,NA,NA,1016.4,14.2,14.6,NA,NA,NA
2025,8,14,17,13,250,2.6,NA,NA,NA,NA,NA,1016.3,14.3,14.8,NA,NA,NA
2025,8,14,18,13,250,3.6,NA,NA,NA,NA,NA,1016.3,14.8,15,NA,NA,NA
2025,8,14,19,13,250,4.6,NA,NA,NA,NA,NA,1015.9,14.7,15,NA,NA,NA
2025,8,14,20,13,240,3.6,NA,NA,NA,NA,NA,1015.9,14.2,14.8,NA,NA,NA
2025,8,14,21,13,260,6.2,NA,NA,NA,NA,NA,1015.6,14.4,14.9,NA,NA,NA
2025,8,14,22,13,260,5.7,NA,NA,NA,NA,NA,1015,14.3,15,NA,NA,NA
2025,8,14,23,13,250,7.7,NA,NA,NA,NA,NA,1014.6,14.6,15,NA,NA,NA
2025,8,15,0,13,250,8.2,NA,NA,NA,NA,NA,1014.4,14.6,15.1,NA,NA,NA
2025,8,15,1,13,250,8.2,NA,NA,NA,NA,NA,1013.8,14.7,15.2,NA,NA,NA
2025,8,15,2,13,260,8.2,NA,NA,NA,NA,NA,1013.4,15,15,NA,NA,NA
2025,8,15,3,13,260,8.8,NA,NA,NA,NA,NA,1013.5,15.2,14.9,NA,NA,NA
2025,8,15,4,13,270,8.8,NA,NA,NA,NA,NA,1013.9,15,14.7,NA,NA,NA
2025,8,15,5,13,260,6.7,NA,NA,NA,NA,NA,1014.1,15.2,14.6,NA,NA,NA
2025,8,15,6,13,270,3.6,NA,NA,NA,NA,NA,1014.2,14.7,14.5,NA,NA,NA
2025,8,15,7,13,270,3.6,NA,NA,NA,NA,NA,1014,14.7,14.3,NA,NA,NA
2025,8,15,8,13,260,3.1,NA,NA,NA,NA,NA,1013.7,14.5,14.1,NA,NA,NA
2025,8,15,9,13,270,1.5,NA,NA,NA,NA,NA,1013.4,14.5,14.8,NA,NA,NA
2025,8,15,10,13,260,2.6,NA,NA,NA,NA,NA,1013.2,14.6,14.7,NA,NA,NA
2025,8,15,11,13,240,2.6,NA,NA,NA,NA,NA,1012.9,14.4,14.7,NA,NA,NA
2025,8,15,12,13,270,3.1,NA,NA,NA,NA,NA,1013,14.4,14.7,NA,NA,NA
2025,8,15,13,13,280,3.6,NA,NA,NA,NA,NA,1013.3,14.5,14.7,NA,NA,NA
2025,8,15,14,13,280,3.1,NA,NA,NA,NA,NA,1013.7,14.5,14.7,NA,NA,NA
2025,8,15,15,13,260,3.1,NA,NA,NA,NA,NA,1014.3,14.4,14.8,NA,NA,NA
2025,8,15,16,13,270,2.6,NA,NA,NA,NA,NA,1014.8,14.3,14.8,NA,NA,NA
2025,8,15,17,13,310,1.5,NA,NA,NA,NA,NA,1015.3,14.5,14.7,NA,NA,NA
2025,8,15,18,13,250,2.6,NA,NA,NA,NA,NA,1015.6,14.2,14.4,NA,NA,NA
2025,8,15,19,13,250,3.6,NA,NA,NA,NA,NA,1015.6,14.5,15,NA,NA,NA
2025,8,15,20,13,260,5.7,NA,NA,NA,NA,NA,1015.6,14.2,15,NA,NA,NA
2025,8,15,21,13,250,8.2,NA,NA,NA,NA,NA,1015.7,14.3,14.5,NA,NA,NA
2025,8,15,22,13,240,6.2,NA,NA,NA,NA,NA,1015.5,14.6,14.6,NA,NA,NA
2025,8,15,23,13,250,6.7,NA,NA,NA,NA,NA,1015,15,14.6,NA,NA,NA
2025,8,16,0,13,250,7.7,NA,NA,NA,NA,NA,1015,15.2,14.7,NA,NA,NA
2025,8,16,1,13,250,9.3,NA,NA,NA,NA,NA,1015.1,15.5,14.7,NA,NA,NA
2025,8,16,2,13,250,9.8,NA,NA,NA,NA,NA,1015.3,15.7,14.6,NA,NA,NA
2025,8,16,3,13,260,6.2,NA,NA,NA,NA,NA,1015.7,15.5,14.4,NA,NA,NA
2025,8,16,4,13,250,5.7,NA,NA,NA,NA,NA,1016.3,15,14.1,NA,NA,NA
2025,8,16,5,13,210,4.1,NA,NA,NA,NA,NA,1017,14.7,13.8,NA,NA,NA
2025,8,16,6,13,240,4.1,NA,NA,NA,NA,NA,1016.8,14.8,13.5,NA,NA,NA
2025,8,16,7,13,240,6.2,NA,NA,NA,NA,NA,1016.9,14.8,14.9,NA,NA,NA
2025,8,16,8,13,240,5.1,NA,NA,NA,NA,NA,1017,14.9,14.9,NA,NA,NA
2025,8,16,9,13,220,4.6,NA,NA,NA,NA,NA,1016.7,14.8,14.8,NA,NA,NA
2025,8,16,10,13,220,3.6,NA,NA,NA,NA,NA,1016.6,14.8,14.9,NA,NA,NA
2025,8,16,11,13,210,4.6,NA,NA,NA,NA,NA,1016.5,15,14.8,NA,NA,NA
2025,8,16,12,13,190,3.1,NA,NA,NA,NA,NA,1016.8,14.9,14.8,NA,NA,NA
2025,8,16,13,13,180,3.1,NA,NA,NA,NA,NA,1017.1,14.9,14.9,NA,NA,NA
2025,8,16,14,13,180,2.6,NA,NA,NA,NA,NA,1017.5,14.9,14.9,NA,NA,NA
2025,8,16,15,13,190,4.6,NA,NA,NA,NA,NA,1018,15,14.8,NA,NA,NA
2025,8,16,16,13,180,3.6,NA,NA,NA,NA,NA,1018.5,15,14.9,NA,NA,NA
2025,8,16,17,13,160,4.6,NA,NA,NA,NA,NA,1018.9,14.9,14.3,NA,NA,NA
2025,8,16,18,13,160,4.1,NA,NA,NA,NA,NA,1019.1,15,14.3,NA,NA,NA
2025,8,16,19,13,170,3.1,NA,NA,NA,NA,NA,1019.4,15.3,14.4,NA,NA,NA
2025,8,16,20,13,180,3.6,NA,NA,NA,NA,NA,1019.2,15.5,14.7,NA,NA,NA
2025,8,16,21,13,180,4.6,NA,NA,NA,NA,NA,1019,15.8,14.8,NA,NA,NA
2025,8,16,22,13,190,5.1,NA,NA,NA,NA,NA,1018.7,15.8,15,NA,NA,NA
2025,8,16,23,13,210,4.1,NA,NA,NA,NA,NA,1018,15.9,15.1,NA,NA,NA
2025,8,17,0,13,200,5.7,NA,NA,NA,NA,NA,1017.8,15.8,15.3,NA,NA,NA
2025,8,17,1,13,230,5.1,NA,NA,NA,NA,NA,1017.6,15.9,15.2,NA,NA,NA
2025,8,17,2,13,220,4.6,NA,NA,NA,NA,NA,1017.4,15.9,15.1,NA,NA,NA
2025,8,17,3,13,230,4.6,NA,NA,NA,NA,NA,1017.6,15.6,14.9,NA,NA,NA
2025,8,17,4,13,250,4.1,NA,NA,NA,NA,NA,1018.1,15.4,14.8,NA,NA,NA
2025,8,17,5,13,250,6.2,NA,NA,NA,NA,NA,1018,15,14.8,NA,NA,NA
2025,8,17,6,13,250,6.7,NA,NA,NA,NA,NA,1017.9,14.8,14.6,NA,NA,NA
2025,8,17,7,13,250,5.1,NA,NA,NA,NA,NA,1017.6,14.5,14.5,NA,NA,NA
2025,8,17,8,13,260,6.2,NA,NA,NA,NA,NA,1017.6,15,14.4,NA,NA,NA
2025,8,17,9,13,260,4.1,NA,NA,NA,NA,NA,1017.4,15,14.3,NA,NA,NA
2025,8,17,10,13,280,5.1,NA,NA,NA,NA,NA,1017.2,14.9,14.5,NA,NA,NA
2025,8,17,11,13,310,6.2,NA,NA,NA,NA,NA,1017.1,14.2,14.4,NA,NA,NA
2025,8,17,12,13,280,5.1,NA,NA,NA,NA,NA,1017,14.4,14.5,NA,NA,NA
2025,8,17,13,13,300,4.1,NA,NA,NA,NA,NA,1017.3,14.8,14.5,NA,NA,NA
2025,8,17,14,13,330,10.3,NA,NA,NA,NA,NA,1018.1,14.9,14.5,NA,NA,NA
2025,8,17,15,13,310,4.1,NA,NA,NA,NA,NA,1018.5,15,14.6,NA,NA,NA
2025,8,17,16,13,270,7.2,NA,NA,NA,NA,NA,1018.9,15.5,14.5,NA,NA,NA
2025,8,17,17,13,260,4.1,NA,NA,NA,NA,NA,1018.9,15.2,14.6,NA,NA,NA
2025,8,17,18,13,260,4.1,NA,NA,NA,NA,NA,1018.7,15.3,14.6,NA,NA,NA
2025,8,17,19,13,220,4.1,NA,NA,NA,NA,NA,1018.6,15.8,15.2,NA,NA,NA
2025,8,17,20,13,220,6.7,NA,NA,NA,NA,NA,1017.9,15.6,14.9,NA,NA,NA
2025,8,17,22,13,230,6.7,NA,NA,NA,NA,NA,1016.7,15.7,14.6,NA,NA,NA
2025,8,17,23,13,240,7.2,NA,NA,NA,NA,NA,1016.2,15.9,14.5,NA,NA,NA
2025,8,18,0,13,250,9.3,NA,NA,NA,NA,NA,1016,16.1,14.6,NA,NA,NA
2025,8,18,1,13,250,9.8,NA,NA,NA,NA,NA,1015.9,16.2,14.6,NA,NA,NA
2025,8,18,2,13,250,9.3,NA,NA,NA,NA,NA,1015.9,16.1,14.5,NA,NA,NA
2025,8,18,3,13,260,10.3,NA,NA,NA,NA,NA,1015.9,15.9,14.3,NA,NA,NA
2025,8,18,5,13,270,6.2,NA,NA,NA,NA,NA,1016.9,15.5,13.9,NA,NA,NA
2025,8,18,6,13,280,6.2,NA,NA,NA,NA,NA,1017.1,15.2,13.7,NA,NA,NA
2025,8,18,7,13,290,4.6,NA,NA,NA,NA,NA,1017.3,15.6,13.6,NA,NA,NA
2025,8,18,8,13,270,5.1,NA,NA,NA,NA,NA,1017.2,15.4,14.3,NA,NA,NA
2025,8,18,9,13,270,4.6,NA,NA,NA,NA,NA,1017.2,15.1,14.5,NA,NA,NA
2025,8,18,10,13,280,3.6,NA,NA,NA,NA,NA,1017.3,15,14.6,NA,NA,NA
2025,8,18,11,3,280,2.1,NA,NA,NA,NA,NA,1017.3,14.9,14.7,NA,NA,NA
2025,8,18,12,3,300,1.5,NA,NA,NA,NA,NA,1017.4,14.8,14.8,NA,NA,NA
2025,8,18,13,3,300,1.5,NA,NA,NA,NA,NA,1017.6,14.6,14.8,NA,NA,NA
2025,8,18,14,3,0,0,NA,NA,NA,NA,NA,1018.2,14.7,14.8,NA,NA,NA
2025,8,18,15,13,100,1,NA,NA,NA,NA,NA,1018.7,15.6,14.6,NA,NA,NA
2025,8,18,16,13,240,6.2,NA,NA,NA,NA,NA,1018.5,15.2,14.4,NA,NA,NA
2025,8,18,17,13,260,2.6,NA,NA,NA,NA,NA,1018.4,14.7,14.5,NA,NA,NA
2025,8,18,18,3,260,3.6,NA,NA,NA,NA,NA,1018.3,14.6,14.7,NA,NA,NA
2025,8,18,19,3,260,3.6,NA,NA,NA,NA,NA,1018.1,14.8,14.7,NA,NA,NA
2025,8,18,20,3,250,5.1,NA,NA,NA,NA,NA,1017.8,15.1,14.7,NA,NA,NA
2025,8,18,21,3,250,9.8,NA,NA,NA,NA,NA,1017.3,15.4,14.5,NA,NA,NA
2025,8,18,22,3,250,9.8,NA,NA,NA,NA,NA,1016.5,15.6,14.1,NA,NA,NA
2025,8,18,23,3,250,10.3,NA,NA,NA,NA,NA,1015.9,15.9,14.1,NA,NA,NA
2025,8,19,0,3,250,8.8,NA,NA,NA,NA,NA,1015.4,16.2,14.3,NA,NA,NA
2025,8,19,1,3,260,8.8,NA,NA,NA,NA,NA,1015.1,16.3,14,NA,NA,NA
2025,8,19,2,3,260,11.3,NA,NA,NA,NA,NA,1015,16.4,13.9,NA,NA,NA
2025,8,19,3,3,260,8.2,NA,NA,NA,NA,NA,1015.1,16.7,13.7,NA,NA,NA
2025,8,19,4,3,270,9.8,NA,NA,NA,NA,NA,1016,16.2,13.7,NA,NA,NA
2025,8,19,5,13,270,5.7,NA,NA,NA,NA,NA,1016.8,15.9,14.3,NA,NA,NA
2025,8,19,6,3,270,8.2,NA,NA,NA,NA,NA,1017.1,15.8,14.6,NA,NA,NA
2025,8,19,7,3,260,5.7,NA,NA,NA,NA,NA,1017.4,15.8,14.5,NA,NA,NA
2025,8,19,8,3,250,5.1,NA,NA,NA,NA,NA,1017.7,15.7,14.3,NA,NA,NA
2025,8,19,9,3,260,5.1,NA,NA,NA,NA,NA,1017.6,15.5,14.1,NA,NA,NA
2025,8,19,10,3,270,7.7,NA,NA,NA,NA,NA,1017.7,15.7,14.1,NA,NA,NA
2025,8,19,11,3,270,4.6,NA,NA,NA,NA,NA,1017.5,15.4,14.6,NA,NA,NA
2025,8,19,12,3,270,4.1,NA,NA,NA,NA,NA,1017.4,15.2,14.6,NA,NA,NA
2025,8,19,13,3,270,4.6,NA,NA,NA,NA,NA,1017.9,15.1,14.6,NA,NA,NA
2025,8,19,14,3,280,5.7,NA,NA,NA,NA,NA,1018.4,15.2,14.6,NA,NA,NA
2025,8,19,15,3,260,4.1,NA,NA,NA,NA,NA,1018.9,15.1,14.5,NA,NA,NA
2025,8,19,16,3,300,2.1,NA,NA,NA,NA,NA,1019.3,15.1,14.5,NA,NA,NA
2025,8,19,17,3,280,3.6,NA,NA,NA,NA,NA,1019.6,15.2,14.6,NA,NA,NA
2025,8,19,18,3,250,3.6,NA,NA,NA,NA,NA,1019.7,15,14.6,NA,NA,NA
2025,8,19,19,13,260,6.7,NA,NA,NA,NA,NA,1019.4,15.4,14.6,NA,NA,NA
2025,8,19,20,13,250,6.7,NA,NA,NA,NA,NA,1019.4,15.5,14.4,NA,NA,NA
2025,8,19,21,3,240,8.2,NA,NA,NA,NA,NA,1019.2,15.5,14.4,NA,NA,NA
2025,8,19,22,3,250,10.8,NA,NA,NA,NA,NA,1018.7,15.7,14.4,NA,NA,NA
2025,8,19,23,13,250,10.3,NA,NA,NA,NA,NA,1018.2,15.6,14.3,NA,NA,NA
2025,8,20,0,13,250,10.8,NA,NA,NA,NA,NA,1017.9,15.6,14.5,NA,NA,NA
2025,8,20,1,13,250,10.3,NA,NA,NA,NA,NA,1017.6,15.9,14.5,NA,NA,NA
2025,8,20,2,13,260,12.4,NA,NA,NA,NA,NA,1017.2,16.1,14.4,NA,NA,NA
2025,8,20,3,13,270,8.2,NA,NA,NA,NA,NA,1018,15.9,14.3,NA,NA,NA
2025,8,20,4,23,280,6.7,NA,NA,NA,NA,NA,1019,15.5,14.2,NA,NA,NA
2025,8,20,5,23,290,4.1,NA,NA,NA,NA,NA,1019.3,15.2,14,NA,NA,NA
2025,8,20,7,13,260,4.1,NA,NA,NA,NA,NA,1019.2,15.2,14.2,NA,NA,NA
2025,8,20,8,13,250,3.6,NA,NA,NA,NA,NA,1019.1,15.2,14.2,NA,NA,NA
2025,8,20,16,23,0,0,NA,NA,NA,NA,NA,1019.2,13.1,13.9,NA,NA,NA
2025,8,20,17,13,260,3.1,NA,NA,NA,NA,NA,1019.2,13.5,14.1,NA,NA,NA
2025,8,20,18,13,260,6.2,NA,NA,NA,NA,NA,1018.9,13.4,14.2,NA,NA,NA
2025,8,20,19,13,260,7.2,NA,NA,NA,NA,NA,1018.3,13.3,14.2,NA,NA,NA
2025,8,20,20,13,270,5.7,NA,NA,NA,NA,NA,1018,13.7,14.2,NA,NA,NA
2025,8,20,21,3,260,5.1,NA,NA,NA,NA,NA,1017.6,14.4,14.3,NA,NA,NA
2025,8,20,22,3,260,5.7,NA,NA,NA,NA,NA,1017,14.8,14.4,NA,NA,NA
2025,8,20,23,3,240,3.6,NA,NA,NA,NA,NA,1016.4,14.8,14.5,NA,NA,NA
2025,8,21,0,3,250,6.7,NA,NA,NA,NA,NA,1015.7,14.4,14.4,NA,NA,NA
2025,8,21,1,3,270,8.2,NA,NA,NA,NA,NA,1015,15,14.5,NA,NA,NA
2025,8,21,2,3,280,8.8,NA,NA,NA,NA,NA,1014.8,15.2,14.6,NA,NA,NA
2025,8,21,3,3,280,8.2,NA,NA,NA,NA,NA,1015,14.3,14,NA,NA,NA
2025,8,21,4,3,280,8.8,NA,NA,NA,NA,NA,1015.5,13.7,13.8,NA,NA,NA
2025,8,21,5,3,280,5.7,NA,NA,NA,NA,NA,1015.7,14.4,13.7,NA,NA,NA
2025,8,21,6,3,280,4.6,NA,NA,NA,NA,NA,1015.5,14.6,13.9,NA,NA,NA
2025,8,21,7,3,270,4.6,NA,NA,NA,NA,NA,1015.6,14.7,14.1,NA,NA,NA
2025,8,21,8,3,270,4.6,NA,NA,NA,NA,NA,1015.6,14.7,14.3,NA,NA,NA
2025,8,21,9,3,270,4.6,NA,NA,NA,NA,NA,1015.4,14.4,14.1,NA,NA,NA
2025,8,21,10,3,270,3.6,NA,NA,NA,NA,NA,1014.9,14.3,13.7,NA,NA,NA
2025,8,21,11,3,280,4.1,NA,NA,NA,NA,NA,1014.6,14.4,13.8,NA,NA,NA
2025,8,21,12,3,280,2.1,NA,NA,NA,NA,NA,1014.1,14,13.9,NA,NA,NA
2025,8,21,13,3,290,2.6,NA,NA,NA,NA,NA,1014,14.1,13.9,NA,NA,NA
2025,8,21,14,3,270,3.6,NA,NA,NA,NA,NA,1014.4,14,13.9,NA,NA,NA
2025,8,21,15,3,350,2.6,NA,NA,NA,NA,NA,1014.7,13.4,13.9,NA,NA,NA
2025,8,21,16,13,310,2.1,NA,NA,NA,NA,NA,1014.9,13.2,14.2,NA,NA,NA
2025,8,21,17,3,290,2.1,NA,NA,NA,NA,NA,1015.1,13.2,14.4,NA,NA,NA
2025,8,21,18,13,270,7.2,NA,NA,NA,NA,NA,1014.4,14,14.7,NA,NA,NA
2025,8,21,19,13,260,7.2,NA,NA,NA,NA,NA,1013.9,14.6,14.7,NA,NA,NA
2025,8,21,20,13,260,7.7,NA,NA,NA,NA,NA,1013.6,14.6,14.8,NA,NA,NA
2025,8,21,21,13,260,7.2,NA,NA,NA,NA,NA,1013.2,14.8,14.8,NA,NA,NA
2025,8,21,22,3,260,7.7,NA,NA,NA,NA,NA,1012.7,14.8,14.6,NA,NA,NA
2025,8,21,23,13,260,7.7,NA,NA,NA,NA,NA,1011.6,14.9,14.4,NA,NA,NA
2025,8,22,0,3,270,9.3,NA,NA,NA,NA,NA,1011.2,15,14.4,NA,NA,NA
2025,8,22,1,3,270,8.8,NA,NA,NA,NA,NA,1011,15,14,NA,NA,NA
2025,8,22,2,3,270,11.3,NA,NA,NA,NA,NA,1010.2,15,13.9,NA,NA,NA
2025,8,22,3,3,270,10.8,NA,NA,NA,NA,NA,1010.8,14.8,13.5,NA,NA,NA
2025,8,22,4,3,270,9.3,NA,NA,NA,NA,NA,1011.2,14.7,13.4,NA,NA,NA
2025,8,22,5,3,270,9.8,NA,NA,NA,NA,NA,1011.6,14.4,13.5,NA,NA,NA
2025,8,22,6,3,260,8.2,NA,NA,NA,NA,NA,1011.9,14.2,13.4,NA,NA,NA
2025,8,22,7,3,270,7.2,NA,NA,NA,NA,NA,1012,13.9,13.6,NA,NA,NA
2025,8,22,8,3,270,8.2,NA,NA,NA,NA,NA,1012.1,13.6,13.7,NA,NA,NA
2025,8,22,9,3,270,7.7,NA,NA,NA,NA,NA,1012,13.2,13.6,NA,NA,NA
2025,8,22,10,3,270,10.3,NA,NA,NA,NA,NA,1012,13.1,13.6,NA,NA,NA
2025,8,22,11,13,270,10.8,NA,NA,NA,NA,NA,1011.7,13,13.6,NA,NA,NA
2025,8,22,12,13,280,8.2,NA,NA,NA,NA,NA,1011.8,13.5,13.6,NA,NA,NA
2025,8,22,13,13,280,8.8,NA,NA,NA,NA,NA,1012.1,13.8,13.5,NA,NA,NA
2025,8,22,14,13,280,5.1,NA,NA,NA,NA,NA,1012.6,14,13.9,NA,NA,NA
2025,8,22,15,13,290,3.6,NA,NA,NA,NA,NA,1012.9,13.7,13.9,NA,NA,NA
2025,8,22,16,13,270,7.2,NA,NA,NA,NA,NA,1012.9,13.6,14,NA,NA,NA
2025,8,22,17,13,270,6.2,NA,NA,NA,NA,NA,1013.4,13.7,14.2,NA,NA,NA
2025,8,22,18,3,270,8.2,NA,NA,NA,NA,NA,1013.4,13.4,14.2,NA,NA,NA
2025,8,22,19,13,260,7.2,NA,NA,NA,NA,NA,1013.4,13.2,14.2,NA,NA,NA
2025,8,22,20,3,260,10.3,NA,NA,NA,NA,NA,1012.7,13.2,14.1,NA,NA,NA
2025,8,22,21,13,260,7.2,NA,NA,NA,NA,NA,1012.4,13.5,14.2,NA,NA,NA
2025,8,22,22,13,260,8.2,NA,NA,NA,NA,NA,1012.3,13.8,14.3,NA,NA,NA
2025,8,22,23,13,260,7.7,NA,NA,NA,NA,NA,1011.7,14,14.2,NA,NA,NA
2025,8,23,0,13,260,10.3,NA,NA,NA,NA,NA,1011.5,14,14.2,NA,NA,NA
2025,8,23,1,13,250,8.2,NA,NA,NA,NA,NA,1011.5,13.8,13.9,NA,NA,NA
2025,8,23,2,13,260,8.2,NA,NA,NA,NA,NA,1011.5,13.6,13.7,NA,NA,NA
2025,8,23,3,13,260,6.7,NA,NA,NA,NA,NA,1012.1,13.4,13.6,NA,NA,NA
2025,8,23,4,3,270,8.2,NA,NA,NA,NA,NA,1012.2,13,13.4,NA,NA,NA
2025,8,23,5,13,270,6.2,NA,NA,NA,NA,NA,1012.6,13,13.1,NA,NA,NA
2025,8,23,6,13,280,4.6,NA,NA,NA,NA,NA,1012.5,13.2,13.1,NA,NA,NA
2025,8,23,7,13,290,3.6,NA,NA,NA,NA,NA,1013,13.4,13.1,NA,NA,NA
2025,8,23,8,13,260,4.6,NA,NA,NA,NA,NA,1013.2,12.8,13.1,NA,NA,NA
2025,8,23,9,3,270,6.7,NA,NA,NA,NA,NA,1012.7,12.6,13.2,NA,NA,NA
2025,8,23,10,13,270,6.2,NA,NA,NA,NA,NA,1012.8,12.6,13.2,NA,NA,NA
2025,8,23,11,3,270,5.1,NA,NA,NA,NA,NA,1012.9,12.5,13.2,NA,NA,NA
2025,8,23,12,13,260,4.6,NA,NA,NA,NA,NA,1012.8,12.6,13.1,NA,NA,NA
2025,8,23,13,13,270,2.1,NA,NA,NA,NA,NA,1013.2,12.8,13.1,NA,NA,NA
2025,8,23,14,13,260,3.1,NA,NA,NA,NA,NA,1013.9,13,13.1,NA,NA,NA
2025,8,23,15,13,270,2.1,NA,NA,NA,NA,NA,1014,13.2,13.1,NA,NA,NA
2025,8,23,16,13,10,2.6,NA,NA,NA,NA,NA,1014.3,13.2,13.5,NA,NA,NA
2025,8,23,17,13,310,1.5,NA,NA,NA,NA,NA,1014.7,12.9,13.5,NA,NA,NA
2025,8,23,18,13,270,2.1,NA,NA,NA,NA,NA,1015.1,13,13.5,NA,NA,NA
2025,8,23,19,13,260,7.7,NA,NA,NA,NA,NA,1014.6,13.6,13.6,NA,NA,NA
2025,8,23,20,13,250,5.1,NA,NA,NA,NA,NA,1014.7,13.9,13.6,NA,NA,NA
2025,8,23,21,13,230,6.2,NA,NA,NA,NA,NA,1014.4,14.5,13.7,NA,NA,NA
2025,8,23,22,13,220,5.7,NA,NA,NA,NA,NA,1014.4,14.7,13.6,NA,NA,NA
2025,8,23,23,13,210,5.1,NA,NA,NA,NA,NA,1014.5,14.8,13.8,NA,NA,NA
2025,8,24,0,13,220,4.6,NA,NA,NA,NA,NA,1014.2,15,13.2,NA,NA,NA
2025,8,24,1,13,230,5.1,NA,NA,NA,NA,NA,1014,15,13.5,NA,NA,NA
2025,8,24,2,3,230,4.6,NA,NA,NA,NA,NA,1013.6,14.8,13.6,NA,NA,NA
2025,8,24,4,13,260,6.7,NA,NA,NA,NA,NA,1013.4,14.7,13.6,NA,NA,NA
2025,8,24,5,3,260,6.2,NA,NA,NA,NA,NA,1013.4,14.3,13.7,NA,NA,NA
2025,8,24,6,3,270,6.7,NA,NA,NA,NA,NA,1013.4,14.2,13.5,NA,NA,NA
2025,8,24,7,3,280,3.6,NA,NA,NA,NA,NA,1013.5,14,13.6,NA,NA,NA
2025,8,24,8,3,310,3.6,NA,NA,NA,NA,NA,1013.7,13.9,13.2,NA,NA,NA
2025,8,24,9,13,300,3.6,NA,NA,NA,NA,NA,1013.9,14.2,13.6,NA,NA,NA
2025,8,24,10,13,280,4.1,NA,NA,NA,NA,NA,1014.1,14.3,13.5,NA,NA,NA
2025,8,24,11,13,360,1.5,NA,NA,NA,NA,NA,1013.8,14.1,13.4,NA,NA,NA
2025,8,24,12,13,300,1,NA,NA,NA,NA,NA,1014,14.2,13.5,NA,NA,NA
2025,8,24,13,13,340,2.6,NA,NA,NA,NA,NA,1013.9,14.1,13.6,NA,NA,NA
2025,8,24,14,13,290,1,NA,NA,NA,NA,NA,1014.2,14.1,13.6,NA,NA,NA
2025,8,24,15,13,360,1,NA,NA,NA,NA,NA,1014.5,14.1,13.7,NA,NA,NA
2025,8,24,16,13,280,2.1,NA,NA,NA,NA,NA,1014.8,13.9,13.7,NA,NA,NA
2025,8,24,17,13,290,2.1,NA,NA,NA,NA,NA,1015.6,14,13.6,NA,NA,NA
2025,8,24,18,13,0,0,NA,NA,NA,NA,NA,1015.2,15.1,13.9,NA,NA,NA
2025,8,24,19,13,230,3.1,NA,NA,NA,NA,NA,1015.3,15.3,14.2,NA,NA,NA
2025,8,24,20,13,240,4.6,NA,NA,NA,NA,NA,1014.8,15.2,14.7,NA,NA,NA
2025,8,24,21,3,220,4.6,NA,NA,NA,NA,NA,1014.4,15.4,14.8,NA,NA,NA
2025,8,24,22,3,220,5.7,NA,NA,NA,NA,NA,1013.7,15.5,15.2,NA,NA,NA
2025,8,24,23,3,220,5.7,NA,NA,NA,NA,NA,1013.5,15.5,14.8,NA,NA,NA
2025,8,25,0,3,220,4.6,NA,NA,NA,NA,NA,1013.3,15.5,14.7,NA,NA,NA
2025,8,25,1,13,210,4.6,NA,NA,NA,NA,NA,1013.1,15.6,14.5,NA,NA,NA
2025,8,25,2,13,230,5.1,NA,NA,NA,NA,NA,1012.9,15.3,14.1,NA,NA,NA
2025,8,25,3,13,230,6.2,NA,NA,NA,NA,NA,1013,14.9,13.9,NA,NA,NA
2025,8,25,4,13,240,5.1,NA,NA,NA,NA,NA,1013.1,14.8,14,NA,NA,NA
2025,8,25,5,13,260,4.6,NA,NA,NA,NA,NA,1012.6,14.6,13.9,NA,NA,NA
2025,8,25,6,13,280,5.7,NA,NA,NA,NA,NA,1012.5,14.4,13.9,NA,NA,NA
2025,8,25,7,13,310,4.1,NA,NA,NA,NA,NA,1012.6,14.2,13.8,NA,NA,NA
2025,8,25,8,13,290,4.6,NA,NA,NA,NA,NA,1012.6,14.5,13.9,NA,NA,NA
2025,8,25,9,13,320,3.1,NA,NA,NA,NA,NA,1012.7,14.4,14,NA,NA,NA
2025,8,25,10,13,300,1,NA,NA,NA,NA,NA,1012.9,14.3,14.3,NA,NA,NA
2025,8,25,11,13,270,1.5,NA,NA,NA,NA,NA,1012.7,14.4,14.3,NA,NA,NA
2025,8,25,12,13,260,2.1,NA,NA,NA,NA,NA,1012.6,14.6,14.4,NA,NA,NA
2025,8,25,13,13,300,1.5,NA,NA,NA,NA,NA,1012.8,14.3,14.4,NA,NA,NA
2025,8,25,14,13,360,1,NA,NA,NA,NA,NA,1013.3,14.4,14.3,NA,NA,NA
2025,8,25,15,13,20,1.5,NA,NA,NA,NA,NA,1013.7,14.2,14.3,NA,NA,NA
2025,8,25,16,3,360,1.5,NA,NA,NA,NA,NA,1013.9,14.2,14.2,NA,NA,NA
2025,8,25,17,3,80,0.5,NA,NA,NA,NA,NA,1014.3,14.5,14.2,NA,NA,NA
2025,8,25,18,3,90,0.5,NA,NA,NA,NA,NA,1014.4,14.9,14.2,NA,NA,NA
2025,8,25,19,3,150,1,NA,NA,NA,NA,NA,1014.2,15.3,14.6,NA,NA,NA
2025,8,25,20,3,220,1.5,NA,NA,NA,NA,NA,1014,15.8,14.9,NA,NA,NA
2025,8,25,21,13,240,3.1,NA,NA,NA,NA,NA,1013.9,16.1,14.8,NA,NA,NA
2025,8,25,22,13,220,3.1,NA,NA,NA,NA,NA,1013.3,16,14.9,NA,NA,NA
2025,8,25,23,13,200,3.1,NA,NA,NA,NA,NA,1012.7,15.9,14.8,NA,NA,NA
2025,8,26,0,13,210,3.1,NA,NA,NA,NA,NA,1012.6,16.3,15.1,NA,NA,NA
2025,8,26,1,3,210,2.1,NA,NA,NA,NA,NA,1012.6,16.2,15.6,NA,NA,NA
2025,8,26,2,3,230,3.1,NA,NA,NA,NA,NA,1012.5,16.1,14.9,NA,NA,NA
2025,8,26,3,3,200,1.5,NA,NA,NA,NA,NA,1012.7,16,15,NA,NA,NA
2025,8,26,4,3,180,1.5,NA,NA,NA,NA,NA,1013.2,15.5,14.9,NA,NA,NA
2025,8,26,5,3,240,2.1,NA,NA,NA,NA,NA,1013.1,15.6,15,NA,NA,NA
2025,8,26,6,3,210,2.6,NA,NA,NA,NA,NA,1012.8,15.6,14.9,NA,NA,NA
2025,8,26,7,3,250,1.5,NA,NA,NA,NA,NA,1012.9,15.4,14.6,NA,NA,NA
2025,8,26,8,3,270,1.5,NA,NA,NA,NA,NA,1013.4,15.2,14.6,NA,NA,NA
2025,8,26,9,3,310,1,NA,NA,NA,NA,NA,1013.5,15.6,14.3,NA,NA,NA
2025,8,26,10,13,250,1.5,NA,NA,NA,NA,NA,1013.7,15.4,14.2,NA,NA,NA
2025,8,26,11,13,300,1,NA,NA,NA,NA,NA,1013.7,15.4,14,NA,NA,NA
2025,8,26,12,13,100,1,NA,NA,NA,NA,NA,1013.8,15,14.2,NA,NA,NA
2025,8,26,13,3,0,0,NA,NA,NA,NA,NA,1014,15,14.2,NA,NA,NA
2025,8,26,14,3,50,1,NA,NA,NA,NA,NA,1014.7,15,14.8,NA,NA,NA
2025,8,26,15,3,70,0.5,NA,NA,NA,NA,NA,1015.2,15.3,15.1,NA,NA,NA
2025,8,26,16,13,80,1,NA,NA,NA,NA,NA,1015.7,15.2,15.8,NA,NA,NA
2025,8,26,17,13,30,1.5,NA,NA,NA,NA,NA,1016.1,15.5,15.3,NA,NA,NA
2025,8,26,18,13,0,0,NA,NA,NA,NA,NA,1016.3,16.3,15.8,NA,NA,NA
2025,8,26,19,13,200,2.6,NA,NA,NA,NA,NA,1016.3,16.6,15.3,NA,NA,NA
2025,8,26,20,13,210,2.6,NA,NA,NA,NA,NA,1016.3,17,16.2,NA,NA,NA
2025,8,26,21,13,230,3.6,NA,NA,NA,NA,NA,1016.1,17,15.8,NA,NA,NA
2025,8,26,22,13,230,3.1,NA,NA,NA,NA,NA,1015.9,17.2,15.9,NA,NA,NA
2025,8,26,23,13,200,2.6,NA,NA,NA,NA,NA,1015.4,17.3,16.4,NA,NA,NA
2025,8,27,0,3,200,3.6,NA,NA,NA,NA,NA,1015,17,15.4,NA,NA,NA
2025,8,27,1,3,190,3.1,NA,NA,NA,NA,NA,1015,17.1,16.4,NA,NA,NA
2025,8,27,2,3,200,1.5,NA,NA,NA,NA,NA,1014.9,17,16.6,NA,NA,NA
2025,8,27,3,3,340,0.5,NA,NA,NA,NA,NA,1015.2,16.5,15.9,NA,NA,NA
2025,8,27,4,3,0,0,NA,NA,NA,NA,NA,1016,16.2,16.3,NA,NA,NA
2025,8,27,5,3,150,1.5,NA,NA,NA,NA,NA,1016.3,16.2,15.9,NA,NA,NA
2025,8,27,6,3,150,1.5,NA,NA,NA,NA,NA,1016.6,16.2,15.4,NA,NA,NA
2025,8,27,7,13,170,1.5,NA,NA,NA,NA,NA,1016.8,15.9,14.3,NA,NA,NA
2025,8,27,8,13,50,1,NA,NA,NA,NA,NA,1016.8,15.4,14,NA,NA,NA
2025,8,27,9,13,100,0.5,NA,NA,NA,NA,NA,1016.5,14.7,14.2,NA,NA,NA
2025,8,27,10,3,100,1.5,NA,NA,NA,NA,NA,1016.5,14.3,13.8,NA,NA,NA
2025,8,27,11,3,0,0,NA,NA,NA,NA,NA,1017,14.2,13.7,NA,NA,NA
2025,8,27,12,3,30,1,NA,NA,NA,NA,NA,1016.9,14.6,13.1,NA,NA,NA
2025,8,27,13,3,20,1.5,NA,NA,NA,NA,NA,1017.4,14.6,13.5,NA,NA,NA
2025,8,27,14,3,50,1.5,NA,NA,NA,NA,NA,1017.9,14.2,12.8,NA,NA,NA
2025,8,27,15,3,70,2.1,NA,NA,NA,NA,NA,1018.5,14,13.7,NA,NA,NA
2025,8,27,16,3,60,2.6,NA,NA,NA,NA,NA,1018.8,14.4,13.6,NA,NA,NA
2025,8,27,17,3,60,1,NA,NA,NA,NA,NA,1019.3,14.9,13.6,NA,NA,NA
2025,8,27,18,3,70,1.5,NA,NA,NA,NA,NA,1019.3,16.2,13.9,NA,NA,NA
2025,8,27,19,3,0,0,NA,NA,NA,NA,NA,1018.8,18,13.8,NA,NA,NA
2025,8,27,20,3,180,1.5,NA,NA,NA,NA,NA,1018.3,17.6,14.2,NA,NA,NA
2025,8,27,21,3,230,2.6,NA,NA,NA,NA,NA,1018.4,17.4,16.6,NA,NA,NA
2025,8,27,22,13,220,2.1,NA,NA,NA,NA,NA,1017.9,16.7,14.8,NA,NA,NA
2025,8,27,23,13,230,2.1,NA,NA,NA,NA,NA,1017.7,16.5,15,NA,NA,NA
2025,8,28,0,13,210,2.6,NA,NA,NA,NA,NA,1017.6,16.8,15,NA,NA,NA
2025,8,28,1,13,190,1.5,NA,NA,NA,NA,NA,1017.5,17,15.7,NA,NA,NA
2025,8,28,2,13,200,2.6,NA,NA,NA,NA,NA,1017.7,17,16.1,NA,NA,NA
2025,8,28,3,13,200,2.6,NA,NA,NA,NA,NA,1018.1,16.6,16,NA,NA,NA
2025,8,28,4,13,190,2.1,NA,NA,NA,NA,NA,1018.6,16.5,14.6,NA,NA,NA
2025,8,28,5,3,180,1.5,NA,NA,NA,NA,NA,1018.9,16.3,15.7,NA,NA,NA
2025,8,28,6,3,210,1,NA,NA,NA,NA,NA,1019.2,16,14.2,NA,NA,NA
2025,8,28,7,3,120,2.1,NA,NA,NA,NA,NA,1019.1,15.6,14.1,NA,NA,NA
2025,8,28,8,3,110,2.1,NA,NA,NA,NA,NA,1018.8,14.7,14.2,NA,NA,NA
2025,8,28,9,3,120,1.5,NA,NA,NA,NA,NA,1018.6,14.7,14.1,NA,NA,NA
2025,8,28,10,13,170,1.5,NA,NA,NA,NA,NA,1018.5,15.3,14.9,NA,NA,NA
2025,8,28,11,13,190,1,NA,NA,NA,NA,NA,1018.4,15.7,14.7,NA,NA,NA
2025,8,28,12,13,340,0.5,NA,NA,NA,NA,NA,1018.6,15.2,15,NA,NA,NA
2025,8,28,13,13,50,1,NA,NA,NA,NA,NA,1018.7,14.5,15.1,NA,NA,NA
2025,8,28,14,13,60,1.5,NA,NA,NA,NA,NA,1018.8,14.5,15.2,NA,NA,NA
2025,8,28,15,13,360,1.5,NA,NA,NA,NA,NA,1019.2,14.8,15.7,NA,NA,NA
2025,8,28,16,13,360,2.1,NA,NA,NA,NA,NA,1019.4,14.8,15.7,NA,NA,NA
2025,8,28,17,3,310,1,NA,NA,NA,NA,NA,1019.5,15.3,15.9,NA,NA,NA
2025,8,28,18,3,270,3.6,NA,NA,NA,NA,NA,1019.4,16.1,16.2,NA,NA,NA
2025,8,28,19,3,250,3.6,NA,NA,NA,NA,NA,1019,16.4,16.2,NA,NA,NA
2025,8,28,20,3,250,4.1,NA,NA,NA,NA,NA,1018.6,16.6,16.4,NA,NA,NA
2025,8,28,21,13,250,5.7,NA,NA,NA,NA,NA,1018.1,16.9,16.6,NA,NA,NA
2025,8,28,22,13,240,7.2,NA,NA,NA,NA,NA,1017.2,16.8,16.2,NA,NA,NA
2025,8,28,23,13,250,7.2,NA,NA,NA,NA,NA,1016.9,16.8,16.1,NA,NA,NA
2025,8,29,0,13,240,6.2,NA,NA,NA,NA,NA,1017,16.8,15.7,NA,NA,NA
2025,8,29,1,13,250,7.2,NA,NA,NA,NA,NA,1017,16.7,15.6,NA,NA,NA
2025,8,29,2,13,240,5.1,NA,NA,NA,NA,NA,1017.2,16.5,15.4,NA,NA,NA
2025,8,29,3,13,240,6.7,NA,NA,NA,NA,NA,1017.6,16.4,15.4,NA,NA,NA
2025,8,29,4,13,250,5.7,NA,NA,NA,NA,NA,1018,16.3,15.7,NA,NA,NA
2025,8,29,5,13,250,5.7,NA,NA,NA,NA,NA,1018,16.1,15.3,NA,NA,NA
2025,8,29,6,13,260,6.2,NA,NA,NA,NA,NA,1017.9,15.3,14.6,NA,NA,NA
2025,8,29,7,13,270,5.7,NA,NA,NA,NA,NA,1017.8,15.3,14.6,NA,NA,NA
2025,8,29,8,13,290,3.6,NA,NA,NA,NA,NA,1017.7,15.4,15,NA,NA,NA
2025,8,29,9,13,270,3.1,NA,NA,NA,NA,NA,1017.5,15,14.7,NA,NA,NA
2025,8,29,10,13,310,6.2,NA,NA,NA,NA,NA,1017.7,15.1,14.6,NA,NA,NA
2025,8,29,11,13,280,2.6,NA,NA,NA,NA,NA,1018,15.1,14.4,NA,NA,NA
2025,8,29,12,13,340,4.1,NA,NA,NA,NA,NA,1017.8,14.7,14.3,NA,NA,NA
2025,8,29,13,13,320,4.1,NA,NA,NA,NA,NA,1018.5,14.3,14.5,NA,NA,NA
2025,8,29,14,13,350,2.6,NA,NA,NA,NA,NA,1018.6,14.4,14.6,NA,NA,NA
2025,8,29,15,3,350,2.1,NA,NA,NA,NA,NA,1019,14.7,14.6,NA,NA,NA
2025,8,29,16,3,20,2.1,NA,NA,NA,NA,NA,1019.6,14.8,14.7,NA,NA,NA
2025,8,29,17,3,360,0.5,NA,NA,NA,NA,NA,1020,15.7,14.7,NA,NA,NA
2025,8,29,18,13,290,0.5,NA,NA,NA,NA,NA,1020.1,16.4,15,NA,NA,NA
2025,8,29,19,13,250,3.1,NA,NA,NA,NA,NA,1019.8,15.8,14.9,NA,NA,NA
2025,8,29,20,13,260,6.7,NA,NA,NA,NA,NA,1019.2,16,15.1,NA,NA,NA
2025,8,29,21,13,270,6.7,NA,NA,NA,NA,NA,1018.4,16,15,NA,NA,NA
2025,8,29,22,13,260,6.7,NA,NA,NA,NA,NA,1017.8,15.9,15.2,NA,NA,NA
2025,8,29,23,13,260,7.7,NA,NA,NA,NA,NA,1017.1,15.8,14.5,NA,NA,NA
2025,8,30,0,13,260,9.3,NA,NA,NA,NA,NA,1016.8,15.9,14.3,NA,NA,NA
2025,8,30,1,13,250,7.2,NA,NA,NA,NA,NA,1016.6,15.8,14.2,NA,NA,NA
2025,8,30,2,3,260,11.3,NA,NA,NA,NA,NA,1016.2,15.5,14.1,NA,NA,NA
2025,8,30,3,13,270,7.7,NA,NA,NA,NA,NA,1016.4,15.2,13.7,NA,NA,NA
2025,8,30,4,13,280,3.1,NA,NA,NA,NA,NA,1016.8,14.6,13.6,NA,NA,NA
2025,8,30,5,13,270,4.6,NA,NA,NA,NA,NA,1016.9,14.8,14,NA,NA,NA
2025,8,30,6,13,280,3.1,NA,NA,NA,NA,NA,1016.7,14.4,14.1,NA,NA,NA
2025,8,30,7,13,270,2.6,NA,NA,NA,NA,NA,1016.6,14.6,14.2,NA,NA,NA
2025,8,30,8,13,270,3.6,NA,NA,NA,NA,NA,1016.1,14.6,14.3,NA,NA,NA
2025,8,30,9,13,290,3.1,NA,NA,NA,NA,NA,1015.9,14.3,14.3,NA,NA,NA
2025,8,30,10,3,290,3.1,NA,NA,NA,NA,NA,1015.9,14.3,14.3,NA,NA,NA
2025,8,30,11,13,270,3.6,NA,NA,NA,NA,NA,1015.9,14.3,14.1,NA,NA,NA
2025,8,30,12,13,280,3.6,NA,NA,NA,NA,NA,1015.7,14.4,14.1,NA,NA,NA
2025,8,30,13,13,280,3.1,NA,NA,NA,NA,NA,1016.1,14.2,14.1,NA,NA,NA
2025,8,30,14,13,290,1.5,NA,NA,NA,NA,NA,1016.5,14.1,14,NA,NA,NA
2025,8,30,15,13,290,1.5,NA,NA,NA,NA,NA,1016.6,14.4,14.1,NA,NA,NA
2025,8,30,16,13,280,2.6,NA,NA,NA,NA,NA,1016.8,14.7,14.2,NA,NA,NA
2025,8,30,17,13,270,5.7,NA,NA,NA,NA,NA,1016.5,14.5,14.4,NA,NA,NA
2025,8,30,18,13,270,5.1,NA,NA,NA,NA,NA,1016.2,14.8,14.4,NA,NA,NA
2025,8,30,19,13,260,5.1,NA,NA,NA,NA,NA,1015.5,14.9,14.5,NA,NA,NA
2025,8,30,20,13,260,5.7,NA,NA,NA,NA,NA,1014.8,15.2,14.6,NA,NA,NA
2025,8,30,21,13,260,7.7,NA,NA,NA,NA,NA,1013.9,15.5,14.7,NA,NA,NA
2025,8,30,22,13,260,7.7,NA,NA,NA,NA,NA,1013.4,15.7,14.6,NA,NA,NA
2025,8,30,22,53,250,10.3,NA,NA,NA,NA,NA,1012.9,15.8,14.6,NA,NA,NA
2025,8,30,23,53,260,12.9,NA,NA,NA,NA,NA,1011.9,16,14.5,NA,NA,NA
2025,8,31,0,53,260,11.3,NA,NA,NA,NA,NA,1011.8,16.1,14.2,NA,NA,NA
2025,8,31,3,13,280,7.2,NA,NA,NA,NA,NA,1012.3,15.4,13.9,NA,NA,NA
2025,8,31,4,13,270,4.1,NA,NA,NA,NA,NA,1013,14.9,14.2,NA,NA,NA
2025,8,31,5,13,280,4.1,NA,NA,NA,NA,NA,1013.4,14.8,14.1,NA,NA,NA
2025,8,31,6,13,270,3.1,NA,NA,NA,NA,NA,1013.4,14.5,14,NA,NA,NA
2025,8,31,7,13,270,4.1,NA,NA,NA,NA,NA,1013.4,14.5,13.7,NA,NA,NA
2025,8,31,8,13,290,3.1,NA,NA,NA,NA,NA,1013.1,14.5,14.4,NA,NA,NA
2025,8,31,9,13,270,3.1,NA,NA,NA,NA,NA,1013.2,14.5,14.5,NA,NA,NA
2025,8,31,10,13,290,3.1,NA,NA,NA,NA,NA,1013.2,14.7,14.9,NA,NA,NA
2025,8,31,11,13,280,3.1,NA,NA,NA,NA,NA,1013.2,14.8,15,NA,NA,NA
2025,8,31,12,13,270,4.1,NA,NA,NA,NA,NA,1013,14.9,15.1,NA,NA,NA
2025,8,31,13,13,320,1.5,NA,NA,NA,NA,NA,1013.2,14.9,15.1,NA,NA,NA
2025,8,31,14,13,280,3.1,NA,NA,NA,NA,NA,1013.7,15,14.7,NA,NA,NA
2025,8,31,15,13,280,3.1,NA,NA,NA,NA,NA,1014.3,15,14.5,NA,NA,NA
2025,8,31,16,13,270,2.6,NA,NA,NA,NA,NA,1014.3,14.9,14.3,NA,NA,NA
2025,8,31,17,13,280,4.1,NA,NA,NA,NA,NA,1014.4,15,14.3,NA,NA,NA
2025,8,31,18,13,260,4.1,NA,NA,NA,NA,NA,1014.3,15.1,14.5,NA,NA,NA
2025,8,31,19,13,260,6.2,NA,NA,NA,NA,NA,1014.3,15.2,14.5,NA,NA,NA
2025,8,31,20,13,250,6.7,NA,NA,NA,NA,NA,1014.1,15.4,14.5,NA,NA,NA
2025,8,31,21,13,240,5.1,NA,NA,NA,NA,NA,1013.7,15.6,14.5,NA,NA,NA
2025,8,31,22,13,260,10.3,NA,NA,NA,NA,NA,1012.2,16.2,14.1,NA,NA,NA
2025,8,31,23,13,260,9.3,NA,NA,NA,NA,NA,1011.5,16.3,13.9,NA,NA,NA
2025,9,1,0,13,260,9.8,NA,NA,NA,NA,NA,1011.3,16.5,13.9,NA,NA,NA
2025,9,1,1,13,270,9.3,NA,NA,NA,NA,NA,1011.4,16.4,14.1,NA,NA,NA
2025,9,1,2,13,300,5.7,NA,NA,NA,NA,NA,1011.8,15.8,13.8,NA,NA,NA
2025,9,1,3,13,270,8.2,NA,NA,NA,NA,NA,1012.2,15.5,13.6,NA,NA,NA
2025,9,1,4,13,260,6.7,NA,NA,NA,NA,NA,1013,15.1,13.6,NA,NA,NA
2025,9,1,5,13,270,6.2,NA,NA,NA,NA,NA,1013.3,14.8,13.4,NA,NA,NA
2025,9,1,6,13,270,6.7,NA,NA,NA,NA,NA,1013.2,14.5,13.4,NA,NA,NA
2025,9,1,7,13,270,5.1,NA,NA,NA,NA,NA,1013.4,14.4,13.6,NA,NA,NA
2025,9,1,8,13,270,6.7,NA,NA,NA,NA,NA,1013.4,14.3,13.6,NA,NA,NA
2025,9,1,9,13,270,8.8,NA,NA,NA,NA,NA,1013.2,14.5,14.6,NA,NA,NA
2025,9,1,10,13,270,7.2,NA,NA,NA,NA,NA,1013.2,14.6,14.7,NA,NA,NA
2025,9,1,11,13,270,8.2,NA,NA,NA,NA,NA,1013.2,14.4,14.5,NA,NA,NA
2025,9,1,12,13,270,8.2,NA,NA,NA,NA,NA,1013,13.7,14,NA,NA,NA
2025,9,1,13,13,280,7.2,NA,NA,NA,NA,NA,1013.3,13.4,13.9,NA,NA,NA
2025,9,1,14,13,280,6.7,NA,NA,NA,NA,NA,1013.7,13.2,13.7,NA,NA,NA
2025,9,1,15,13,270,6.7,NA,NA,NA,NA,NA,1014,13.3,13.6,NA,NA,NA
2025,9,1,16,13,270,6.7,NA,NA,NA,NA,NA,1013.6,13.1,13.6,NA,NA,NA
2025,9,1,16,53,270,6.2,NA,NA,NA,NA,NA,1014.2,13.5,13.5,NA,NA,NA
2025,9,1,17,53,270,7.2,NA,NA,NA,NA,NA,1014.1,13.2,13.7,NA,NA,NA
2025,9,1,19,13,260,7.7,NA,NA,NA,NA,NA,1013.7,13.4,13.9,NA,NA,NA
2025,9,1,20,13,250,6.7,NA,NA,NA,NA,NA,1013.3,13.6,14.1,NA,NA,NA
2025,9,1,21,13,240,7.2,NA,NA,NA,NA,NA,1013.2,13.6,14,NA,NA,NA
2025,9,1,22,13,240,7.7,NA,NA,NA,NA,NA,1013,13.8,14,NA,NA,NA
2025,9,1,23,13,250,8.8,NA,NA,NA,NA,NA,1012.9,13.8,14,NA,NA,NA
2025,9,2,0,13,240,7.2,NA,NA,NA,NA,NA,1013,13.9,13.6,NA,NA,NA
2025,9,2,1,13,250,3.6,NA,NA,NA,NA,NA,1013.1,14.3,13.7,NA,NA,NA
2025,9,2,2,13,250,4.6,NA,NA,NA,NA,NA,1013,13.8,13.7,NA,NA,NA
2025,9,2,3,13,250,4.1,NA,NA,NA,NA,NA,1013.3,13.6,13.7,NA,NA,NA
2025,9,2,4,13,260,4.1,NA,NA,NA,NA,NA,1013.5,13.4,13.5,NA,NA,NA
2025,9,2,5,13,240,2.1,NA,NA,NA,NA,NA,1013.8,13.4,13.3,NA,NA,NA
2025,9,2,6,13,230,1.5,NA,NA,NA,NA,NA,1013.4,13,13.4,NA,NA,NA
2025,9,2,7,13,220,1,NA,NA,NA,NA,NA,1013.8,12.9,13.4,NA,NA,NA
2025,9,2,8,13,0,0,NA,NA,NA,NA,NA,1013.5,13.1,14.8,NA,NA,NA
2025,9,2,9,13,160,2.6,NA,NA,NA,NA,NA,1013.6,13.2,14.7,NA,NA,NA
2025,9,2,10,13,180,1,NA,NA,NA,NA,NA,1013.5,12.9,14.1,NA,NA,NA
2025,9,2,11,13,90,1,NA,NA,NA,NA,NA,1013.5,13.3,13.8,NA,NA,NA
2025,9,2,12,13,120,2.6,NA,NA,NA,NA,NA,1013.5,13.6,14,NA,NA,NA
2025,9,2,13,13,130,2.6,NA,NA,NA,NA,NA,1013.6,13.6,13.8,NA,NA,NA
2025,9,2,14,13,160,5.7,NA,NA,NA,NA,NA,1014.4,13.8,13.8,NA,NA,NA
2025,9,2,15,13,170,4.6,NA,NA,NA,NA,NA,1014.7,14,13.9,NA,NA,NA
2025,9,2,15,53,170,4.1,NA,NA,NA,NA,NA,1014.9,14,13.9,NA,NA,NA
2025,9,2,16,53,160,6.2,NA,NA,NA,NA,NA,1015.5,14.3,14,NA,NA,NA
2025,9,2,17,53,160,5.7,NA,NA,NA,NA,NA,1015.7,14.8,14.4,NA,NA,NA
2025,9,2,18,53,170,5.7,NA,NA,NA,NA,NA,1015.9,15.3,14.6,NA,NA,NA
2025,9,2,19,53,180,5.1,NA,NA,NA,NA,NA,1015.7,15.9,14.7,NA,NA,NA
2025,9,2,21,13,180,5.7,NA,NA,NA,NA,NA,1015.7,16.3,15.3,NA,NA,NA
2025,9,2,22,13,190,5.1,NA,NA,NA,NA,NA,1015.3,16.5,15.4,NA,NA,NA
2025,9,2,23,13,180,5.7,NA,NA,NA,NA,NA,1015.3,16.5,15.8,NA,NA,NA
2025,9,2,23,53,170,5.7,NA,NA,NA,NA,NA,1015.8,16.6,15.8,NA,NA,NA
2025,9,3,1,13,190,3.1,NA,NA,NA,NA,NA,1016.1,16.5,15.8,NA,NA,NA
2025,9,3,2,13,180,2.6,NA,NA,NA,NA,NA,1016.2,16.3,15.8,NA,NA,NA
2025,9,3,3,13,190,2.6,NA,NA,NA,NA,NA,1016.5,16.1,15.7,NA,NA,NA
2025,9,3,4,13,180,1,NA,NA,NA,NA,NA,1016.9,16,15.7,NA,NA,NA
2025,9,3,5,13,140,1.5,NA,NA,NA,NA,NA,1016.9,16.1,15.7,NA,NA,NA
2025,9,3,5,53,130,1,NA,NA,NA,NA,NA,1016.6,16.1,15.7,NA,NA,NA
2025,9,3,6,53,0,0,NA,NA,NA,NA,NA,1016.5,15.8,15.7,NA,NA,NA
2025,9,3,8,13,140,0.5,NA,NA,NA,NA,NA,1016.2,15.5,15.7,NA,NA,NA
2025,9,3,9,13,0,0,NA,NA,NA,NA,NA,1016.1,15.3,15.6,NA,NA,NA
2025,9,3,9,53,150,1,NA,NA,NA,NA,NA,1016.1,15.5,15.6,NA,NA,NA
2025,9,3,10,53,20,2.1,NA,NA,NA,NA,NA,1016.3,15.4,15.6,NA,NA,NA
2025,9,3,11,53,100,1,NA,NA,NA,NA,NA,1016,15.4,15.5,NA,NA,NA
2025,9,3,12,53,60,1.5,NA,NA,NA,NA,NA,1016,15.3,15.7,NA,NA,NA
2025,9,3,13,53,50,1,NA,NA,NA,NA,NA,1016.3,15.4,15.6,NA,NA,NA
2025,9,3,14,53,80,1,NA,NA,NA,NA,NA,1016.7,15.7,15.8,NA,NA,NA
2025,9,3,15,53,220,1.5,NA,NA,NA,NA,NA,1016.9,16,15.8,NA,NA,NA
2025,9,3,16,53,250,1.5,NA,NA,NA,NA,NA,1017.1,15.6,15.9,NA,NA,NA
2025,9,3,17,53,130,1.5,NA,NA,NA,NA,NA,1017.2,16.3,15.9,NA,NA,NA
2025,9,3,18,53,220,4.1,NA,NA,NA,NA,NA,1016.8,15.4,15.9,NA,NA,NA
2025,9,3,19,53,210,4.1,NA,NA,NA,NA,NA,1016.6,15.4,16,NA,NA,NA
2025,9,3,20,53,250,4.1,NA,NA,NA,NA,NA,1016.3,15.7,16.1,NA,NA,NA
2025,9,3,22,13,230,2.6,NA,NA,NA,NA,NA,1015.5,16.1,16.2,NA,NA,NA
2025,9,3,22,53,210,2.6,NA,NA,NA,NA,NA,1015.2,16.4,16.4,NA,NA,NA
2025,9,4,0,13,210,3.6,NA,NA,NA,NA,NA,1014.7,16.5,16.3,NA,NA,NA
2025,9,4,1,13,220,2.6,NA,NA,NA,NA,NA,1014.5,16.4,16.3,NA,NA,NA
2025,9,4,2,13,230,3.1,NA,NA,NA,NA,NA,1014.8,16.3,16.2,NA,NA,NA
2025,9,4,3,13,260,5.1,NA,NA,NA,NA,NA,1015.1,15.2,16,NA,NA,NA
2025,9,4,4,13,250,3.6,NA,NA,NA,NA,NA,1015.8,14.6,15.8,NA,NA,NA
2025,9,4,4,53,240,1.5,NA,NA,NA,NA,NA,1016.1,14.5,15.8,NA,NA,NA
2025,9,4,5,53,0,0,NA,NA,NA,NA,NA,1016,14.2,15.9,NA,NA,NA
2025,9,4,6,53,260,1.5,NA,NA,NA,NA,NA,1015.7,14.6,15.9,NA,NA,NA
2025,9,4,8,13,270,2.6,NA,NA,NA,NA,NA,1015.5,14.7,16.1,NA,NA,NA
2025,9,4,9,13,260,4.1,NA,NA,NA,NA,NA,1015.4,14.6,16.1,NA,NA,NA
2025,9,4,10,13,330,2.6,NA,NA,NA,NA,NA,1015.1,14.4,16.1,NA,NA,NA
2025,9,4,10,53,260,1.5,NA,NA,NA,NA,NA,1014.9,14.3,16,NA,NA,NA
2025,9,4,12,13,240,3.1,NA,NA,NA,NA,NA,1014.6,14.2,16,NA,NA,NA
2025,9,4,13,13,260,3.6,NA,NA,NA,NA,NA,1014.5,14.1,15.9,NA,NA,NA
2025,9,4,14,13,270,3.1,NA,NA,NA,NA,NA,1014.7,14.1,15.9,NA,NA,NA
2025,9,4,15,13,300,3.1,NA,NA,NA,NA,NA,1014.9,14.1,15.8,NA,NA,NA
2025,9,4,16,13,260,2.6,NA,NA,NA,NA,NA,1015.1,14.1,15.8,NA,NA,NA
2025,9,4,17,13,290,5.1,NA,NA,NA,NA,NA,1015.3,14.2,15.8,NA,NA,NA
2025,9,4,18,13,310,4.1,NA,NA,NA,NA,NA,1015.2,14.4,15.9,NA,NA,NA
2025,9,4,19,13,270,5.7,NA,NA,NA,NA,NA,1015,15.6,15.9,NA,NA,NA
2025,9,4,20,13,260,3.1,NA,NA,NA,NA,NA,1014.6,15.9,16,NA,NA,NA
2025,9,4,21,4,240,7.2,NA,NA,NA,NA,NA,1014.2,15.8,16.1,NA,NA,NA
2025,9,4,22,13,230,5.1,NA,NA,NA,NA,NA,1013.4,16,16.2,NA,NA,NA
2025,9,4,23,13,240,7.7,NA,NA,NA,NA,NA,1012.7,16.3,16.3,NA,NA,NA
2025,9,5,0,13,240,6.7,NA,NA,NA,NA,NA,1012.5,16.2,16.2,NA,NA,NA
2025,9,5,1,13,250,6.7,NA,NA,NA,NA,NA,1011.8,16.3,16.1,NA,NA,NA
2025,9,5,2,13,250,8.2,NA,NA,NA,NA,NA,1011.3,16.4,16,NA,NA,NA
2025,9,5,3,13,270,10.3,NA,NA,NA,NA,NA,1011,16.5,16,NA,NA,NA
2025,9,5,4,13,270,8.8,NA,NA,NA,NA,NA,1011.7,16.4,16,NA,NA,NA
2025,9,5,5,13,280,6.7,NA,NA,NA,NA,NA,1012.3,16.1,16,NA,NA,NA
2025,9,5,5,53,290,5.7,NA,NA,NA,NA,NA,1012.6,16.3,15.9,NA,NA,NA
2025,9,5,6,53,310,2.1,NA,NA,NA,NA,NA,1012.8,16.2,15.9,NA,NA,NA
2025,9,5,7,53,290,2.6,NA,NA,NA,NA,NA,1012.9,16.1,15.8,NA,NA,NA
2025,9,5,8,53,270,4.1,NA,NA,NA,NA,NA,1012.7,16,15.9,NA,NA,NA
2025,9,5,9,53,280,5.7,NA,NA,NA,NA,NA,1012.4,15.8,15.9,NA,NA,NA
2025,9,5,10,53,300,4.6,NA,NA,NA,NA,NA,1012.3,15.8,15.9,NA,NA,NA
2025,9,5,12,13,290,5.1,NA,NA,NA,NA,NA,1012.2,15.9,15.9,NA,NA,NA
2025,9,5,13,13,320,2.1,NA,NA,NA,NA,NA,1012.1,15.6,15.8,NA,NA,NA
2025,9,5,14,4,60,2.1,NA,NA,NA,NA,NA,1012.6,15.7,15.8,NA,NA,NA
2025,9,5,15,13,300,2.1,NA,NA,NA,NA,NA,1013.1,15.9,15.8,NA,NA,NA
2025,9,5,16,13,0,0,NA,NA,NA,NA,NA,1013.2,16.1,15.8,NA,NA,NA
2025,9,5,17,13,250,3.1,NA,NA,NA,NA,NA,1013.4,16.1,15.9,NA,NA,NA
2025,9,5,17,53,260,2.1,NA,NA,NA,NA,NA,1013.4,16.1,15.9,NA,NA,NA
2025,9,5,18,53,280,2.6,NA,NA,NA,NA,NA,1013.3,16.2,16,NA,NA,NA
2025,9,5,19,53,270,5.1,NA,NA,NA,NA,NA,1013,16.2,16.1,NA,NA,NA
2025,9,5,21,13,260,9.8,NA,NA,NA,NA,NA,1012,16.3,16.1,NA,NA,NA
2025,9,5,22,13,250,8.2,NA,NA,NA,NA,NA,1011.6,16.4,16.2,NA,NA,NA
2025,9,5,23,13,250,8.8,NA,NA,NA,NA,NA,1011.2,16.5,16.3,NA,NA,NA
2025,9,6,0,13,240,7.7,NA,NA,NA,NA,NA,1011.5,16.4,16.4,NA,NA,NA
2025,9,6,1,13,240,9.8,NA,NA,NA,NA,NA,1011.3,16.3,16.4,NA,NA,NA
2025,9,6,2,13,260,8.8,NA,NA,NA,NA,NA,1011.1,16.4,16.3,NA,NA,NA
2025,9,6,2,53,260,11.8,NA,NA,NA,NA,NA,1011.1,16.2,16.2,NA,NA,NA
2025,9,6,4,4,270,7.7,NA,NA,NA,NA,NA,1012.4,16,16.1,NA,NA,NA
2025,9,6,4,53,280,4.6,NA,NA,NA,NA,NA,1012.7,16,16.1,NA,NA,NA
2025,9,6,5,53,290,3.6,NA,NA,NA,NA,NA,1013.2,16.1,15.9,NA,NA,NA
2025,9,6,6,53,280,4.1,NA,NA,NA,NA,NA,1013.6,16.1,15.9,NA,NA,NA
2025,9,6,8,13,320,4.1,NA,NA,NA,NA,NA,1013.6,15.6,15.7,NA,NA,NA
2025,9,6,9,13,320,1,NA,NA,NA,NA,NA,1013.7,15.5,15.6,NA,NA,NA
2025,9,6,10,13,300,1.5,NA,NA,NA,NA,NA,1013.5,15.3,15.5,NA,NA,NA
2025,9,6,11,13,280,3.1,NA,NA,NA,NA,NA,1013.7,15.6,15.5,NA,NA,NA
2025,9,6,12,13,260,4.6,NA,NA,NA,NA,NA,1014,15.8,15.4,NA,NA,NA
2025,9,6,13,13,270,4.1,NA,NA,NA,NA,NA,1014.6,15.7,15.3,NA,NA,NA
2025,9,6,14,13,300,3.1,NA,NA,NA,NA,NA,1015.2,15.7,15.3,NA,NA,NA
2025,9,6,15,13,300,3.6,NA,NA,NA,NA,NA,1015.9,15.5,15.4,NA,NA,NA
2025,9,6,16,13,280,3.6,NA,NA,NA,NA,NA,1016.4,15.3,15.5,NA,NA,NA
2025,9,6,17,13,290,2.6,NA,NA,NA,NA,NA,1017.2,15.5,15.6,NA,NA,NA
2025,9,6,17,53,310,1.5,NA,NA,NA,NA,NA,1017.2,15.7,15.6,NA,NA,NA
2025,9,6,19,13,310,2.6,NA,NA,NA,NA,NA,1017.6,16.4,16.3,NA,NA,NA
2025,9,6,20,13,0,0,NA,NA,NA,NA,NA,1017.2,17.9,17,NA,NA,NA
2025,9,6,21,3,230,3.1,NA,NA,NA,NA,NA,1017.1,17.3,16.5,NA,NA,NA
2025,9,6,22,13,230,5.7,NA,NA,NA,NA,NA,1016.7,17.5,17,NA,NA,NA
2025,9,6,23,13,220,6.2,NA,NA,NA,NA,NA,1016.7,17.4,16.6,NA,NA,NA
2025,9,7,0,13,210,3.6,NA,NA,NA,NA,NA,1016.7,17.4,16.7,NA,NA,NA
2025,9,7,1,13,210,5.1,NA,NA,NA,NA,NA,1016.5,17.3,17,NA,NA,NA
2025,9,7,2,13,210,5.1,NA,NA,NA,NA,NA,1016.7,17,16.8,NA,NA,NA
2025,9,7,3,13,230,5.1,NA,NA,NA,NA,NA,1016.9,16.6,16.5,NA,NA,NA
2025,9,7,4,13,270,4.6,NA,NA,NA,NA,NA,1017.4,16.5,16.3,NA,NA,NA
2025,9,7,5,13,300,2.6,NA,NA,NA,NA,NA,1017.9,16.4,16.1,NA,NA,NA
2025,9,7,6,13,300,4.1,NA,NA,NA,NA,NA,1018.1,16.3,15.9,NA,NA,NA
2025,9,7,7,13,340,2.6,NA,NA,NA,NA,NA,1018.5,16.2,15.6,NA,NA,NA
2025,9,7,8,13,350,1,NA,NA,NA,NA,NA,1018.6,16,15.4,NA,NA,NA
2025,9,7,9,13,0,0,NA,NA,NA,NA,NA,1018.5,15.7,15.3,NA,NA,NA
2025,9,7,9,53,10,1.5,NA,NA,NA,NA,NA,1018.4,15.5,15.2,NA,NA,NA
2025,9,7,10,53,350,1.5,NA,NA,NA,NA,NA,1018.3,15.3,15.1,NA,NA,NA
2025,9,7,11,53,10,2.1,NA,NA,NA,NA,NA,1018.5,15.4,15.2,NA,NA,NA
2025,9,7,13,53,320,3.1,NA,NA,NA,NA,NA,1019.1,15.3,15.3,NA,NA,NA
2025,9,7,15,13,10,2.6,NA,NA,NA,NA,NA,1019.7,15.6,15.6,NA,NA,NA
2025,9,7,16,4,50,4.1,NA,NA,NA,NA,NA,1019.6,14.8,15.7,NA,NA,NA
2025,9,7,16,53,20,1.5,NA,NA,NA,NA,NA,1020,15,15.9,NA,NA,NA
2025,9,7,17,53,270,1.5,NA,NA,NA,NA,NA,1020.2,15.7,15.7,NA,NA,NA
2025,9,7,19,13,240,5.1,NA,NA,NA,NA,NA,1019.9,16.7,16.2,NA,NA,NA
2025,9,7,20,13,250,5.7,NA,NA,NA,NA,NA,1019.7,16.3,16.1,NA,NA,NA
2025,9,7,20,53,240,3.6,NA,NA,NA,NA,NA,1019.6,16.5,16.1,NA,NA,NA
2025,9,7,21,53,240,4.6,NA,NA,NA,NA,NA,1019.3,17.1,16.5,NA,NA,NA
2025,9,7,23,13,230,7.7,NA,NA,NA,NA,NA,1018.7,16.9,16.3,NA,NA,NA
2025,9,8,0,13,240,8.8,NA,NA,NA,NA,NA,1018.1,16.2,16,NA,NA,NA
2025,9,8,1,13,240,7.7,NA,NA,NA,NA,NA,1017.8,16,15.8,NA,NA,NA
2025,9,8,2,13,230,7.7,NA,NA,NA,NA,NA,1017.4,15.9,15.7,NA,NA,NA
2025,9,8,3,13,240,8.8,NA,NA,NA,NA,NA,1018,15.7,15.7,NA,NA,NA
2025,9,8,4,14,260,5.7,NA,NA,NA,NA,NA,1018.8,15.4,15.7,NA,NA,NA
2025,9,8,5,14,270,4.6,NA,NA,NA,NA,NA,1018.9,15.4,15.6,NA,NA,NA
2025,9,8,6,14,300,2.6,NA,NA,NA,NA,NA,1018.8,15,15.6,NA,NA,NA
2025,9,8,6,54,290,2.1,NA,NA,NA,NA,NA,1018.8,15,15.6,NA,NA,NA
2025,9,8,7,54,320,3.6,NA,NA,NA,NA,NA,1018.7,14.8,15.5,NA,NA,NA
2025,9,8,9,14,290,2.6,NA,NA,NA,NA,NA,1018.9,15.2,15.5,NA,NA,NA
2025,9,8,10,14,260,1.5,NA,NA,NA,NA,NA,1018.8,15.5,15.4,NA,NA,NA
2025,9,8,11,14,0,0,NA,NA,NA,NA,NA,1018.7,15.4,15.6,NA,NA,NA
2025,9,8,12,14,130,1,NA,NA,NA,NA,NA,1018.6,15.4,15.3,NA,NA,NA
2025,9,8,13,14,0,0,NA,NA,NA,NA,NA,1018.9,15.3,15.6,NA,NA,NA
2025,9,8,14,14,0,0,NA,NA,NA,NA,NA,1019.2,15.5,15.6,NA,NA,NA
2025,9,8,14,54,40,1.5,NA,NA,NA,NA,NA,1019.3,15.5,15.5,NA,NA,NA
2025,9,8,15,54,80,2.1,NA,NA,NA,NA,NA,1019.7,15.3,15.7,NA,NA,NA
2025,9,8,17,14,90,2.6,NA,NA,NA,NA,NA,1020.1,15.5,15.6,NA,NA,NA
2025,9,8,18,14,110,2.1,NA,NA,NA,NA,NA,1020.5,15.8,15.8,NA,NA,NA
2025,9,8,19,14,80,1.5,NA,NA,NA,NA,NA,1020,16.1,15.7,NA,NA,NA
2025,9,8,20,14,90,2.1,NA,NA,NA,NA,NA,1019.5,16.6,16.5,NA,NA,NA
2025,9,8,21,14,160,2.1,NA,NA,NA,NA,NA,1018.9,17.4,15.9,NA,NA,NA
2025,9,8,21,54,180,2.1,NA,NA,NA,NA,NA,1018.4,18,16.4,NA,NA,NA
2025,9,8,22,54,200,2.6,NA,NA,NA,NA,NA,1017.8,18.3,16.4,NA,NA,NA
2025,9,8,23,54,190,2.6,NA,NA,NA,NA,NA,1017.2,18.3,17.7,NA,NA,NA
2025,9,9,0,54,190,3.6,NA,NA,NA,NA,NA,1016.8,18.1,17.4,NA,NA,NA
2025,9,9,2,14,170,2.1,NA,NA,NA,NA,NA,1016.3,17.6,16.6,NA,NA,NA
2025,9,9,2,54,180,2.1,NA,NA,NA,NA,NA,1016.4,17.6,16.3,NA,NA,NA
2025,9,9,4,14,180,2.1,NA,NA,NA,NA,NA,1016.7,17.4,16.5,NA,NA,NA
2025,9,9,4,54,190,3.1,NA,NA,NA,NA,NA,1016.8,17.6,16.5,NA,NA,NA
2025,9,9,5,54,140,2.1,NA,NA,NA,NA,NA,1016.6,17.3,16.3,NA,NA,NA
2025,9,9,6,54,150,3.1,NA,NA,NA,NA,NA,1016.4,17.3,16.5,NA,NA,NA
2025,9,9,7,54,150,3.6,NA,NA,NA,NA,NA,1016.1,17,16.4,NA,NA,NA
2025,9,9,8,54,170,4.1,NA,NA,NA,NA,NA,1015.9,17.3,16.4,NA,NA,NA
2025,9,9,9,54,160,3.1,NA,NA,NA,NA,NA,1015.5,17.4,16.7,NA,NA,NA
2025,9,9,11,14,200,2.6,NA,NA,NA,NA,NA,1015.5,17.4,17,NA,NA,NA
2025,9,9,12,14,220,1.5,NA,NA,NA,NA,NA,1015.4,17.3,17,NA,NA,NA
2025,9,9,13,14,230,1,NA,NA,NA,NA,NA,1015.3,16.7,17,NA,NA,NA
2025,9,9,14,14,200,1.5,NA,NA,NA,NA,NA,1015.4,16.6,17.1,NA,NA,NA
2025,9,9,15,14,170,2.1,NA,NA,NA,NA,NA,1015.7,16.7,17.1,NA,NA,NA
2025,9,9,16,14,140,2.6,NA,NA,NA,NA,NA,1015.5,17.1,17.2,NA,NA,NA
2025,9,9,17,14,160,3.1,NA,NA,NA,NA,NA,1015.5,17.2,17.3,NA,NA,NA
2025,9,9,18,14,140,2.6,NA,NA,NA,NA,NA,1015.3,17.3,17.4,NA,NA,NA
2025,9,9,18,54,160,3.6,NA,NA,NA,NA,NA,1015.4,17.4,17.4,NA,NA,NA
2025,9,9,19,54,140,3.6,NA,NA,NA,NA,NA,1015.1,17.6,17.6,NA,NA,NA
2025,9,9,20,54,180,4.6,NA,NA,NA,NA,NA,1014.7,18.2,17.9,NA,NA,NA
2025,9,9,21,54,190,2.6,NA,NA,NA,NA,NA,1014.2,18.3,17.8,NA,NA,NA
2025,9,9,22,54,220,2.6,NA,NA,NA,NA,NA,1013.8,18.4,18.2,NA,NA,NA
2025,9,9,23,54,220,4.1,NA,NA,NA,NA,NA,1013.4,18.3,17.7,NA,NA,NA
2025,9,10,0,54,220,3.1,NA,NA,NA,NA,NA,1013.1,18.3,17.7,NA,NA,NA
2025,9,10,1,54,210,3.1,NA,NA,NA,NA,NA,1012.7,18.3,17.6,NA,NA,NA
2025,9,10,2,54,210,3.1,NA,NA,NA,NA,NA,1012.5,17.9,17.5,NA,NA,NA
2025,9,10,3,54,200,1.5,NA,NA,NA,NA,NA,1012.8,17.8,17.5,NA,NA,NA
2025,9,10,4,54,210,2.6,NA,NA,NA,NA,NA,1012.9,17.7,17.3,NA,NA,NA
2025,9,10,5,54,200,1.5,NA,NA,NA,NA,NA,1012.9,17.8,17.3,NA,NA,NA
2025,9,10,7,14,260,2.6,NA,NA,NA,NA,NA,1012.7,17.5,17.4,NA,NA,NA
2025,9,10,7,54,240,2.1,NA,NA,NA,NA,NA,1012.6,17.4,17.3,NA,NA,NA
2025,9,10,9,14,220,1.5,NA,NA,NA,NA,NA,1012.3,17.2,17.3,NA,NA,NA
2025,9,10,10,14,230,1,NA,NA,NA,NA,NA,1012.1,17.2,17.3,NA,NA,NA
2025,9,10,11,14,200,2.1,NA,NA,NA,NA,NA,1012,17.3,17.2,NA,NA,NA
2025,9,10,12,14,0,0,NA,NA,NA,NA,NA,1012.1,17.1,17.2,NA,NA,NA
2025,9,10,13,14,60,1,NA,NA,NA,NA,NA,1012.2,16.6,17.3,NA,NA,NA
2025,9,10,14,14,100,1.5,NA,NA,NA,NA,NA,1012.8,16.8,17.2,NA,NA,NA
2025,9,10,15,14,160,2.6,NA,NA,NA,NA,NA,1013.1,17.1,17.3,NA,NA,NA
2025,9,10,15,54,140,3.1,NA,NA,NA,NA,NA,1013.3,17.3,17.2,NA,NA,NA
2025,9,10,17,14,170,3.1,NA,NA,NA,NA,NA,1013.8,17.4,17.5,NA,NA,NA
2025,9,10,18,14,180,4.6,NA,NA,NA,NA,NA,1014.3,17.5,17.7,NA,NA,NA
2025,9,10,18,54,180,3.1,NA,NA,NA,NA,NA,1014.5,17.9,17.6,NA,NA,NA
2025,9,10,20,14,190,3.6,NA,NA,NA,NA,NA,1014.5,17.9,17.8,NA,NA,NA
2025,9,10,21,14,190,3.1,NA,NA,NA,NA,NA,1014.3,17.3,17.7,NA,NA,NA
2025,9,10,21,54,190,3.6,NA,NA,NA,NA,NA,1014.1,17.7,17.7,NA,NA,NA
2025,9,10,22,54,190,3.1,NA,NA,NA,NA,NA,1014.1,18.1,18,NA,NA,NA
2025,9,10,23,54,240,3.6,NA,NA,NA,NA,NA,1013.8,18.3,18,NA,NA,NA
2025,9,11,0,54,250,5.1,NA,NA,NA,NA,NA,1014,17.8,18,NA,NA,NA
2025,9,11,1,54,250,5.1,NA,NA,NA,NA,NA,1014,17.8,17.8,NA,NA,NA
2025,9,11,2,54,260,5.1,NA,NA,NA,NA,NA,1014.3,17.5,17.1,NA,NA,NA
2025,9,11,4,14,260,5.7,NA,NA,NA,NA,NA,1014.9,17.5,17.2,NA,NA,NA
2025,9,11,5,14,240,4.1,NA,NA,NA,NA,NA,1015.1,17.4,17.2,NA,NA,NA
2025,9,11,6,14,240,2.6,NA,NA,NA,NA,NA,1015.1,17.2,17.2,NA,NA,NA
2025,9,11,7,14,230,2.1,NA,NA,NA,NA,NA,1015.3,17.1,17.1,NA,NA,NA
2025,9,11,8,14,240,1.5,NA,NA,NA,NA,NA,1015.4,17.1,16.9,NA,NA,NA
2025,9,11,8,54,270,4.1,NA,NA,NA,NA,NA,1015.4,17.1,16.9,NA,NA,NA
2025,9,11,10,14,260,2.6,NA,NA,NA,NA,NA,1015.6,17.3,16.8,NA,NA,NA
2025,9,11,10,54,260,5.1,NA,NA,NA,NA,NA,1015.6,17.2,16.9,NA,NA,NA
2025,9,11,11,54,250,3.1,NA,NA,NA,NA,NA,1015.9,17.1,16.9,NA,NA,NA
2025,9,11,13,14,260,3.1,NA,NA,NA,NA,NA,1016.2,17.2,16.9,NA,NA,NA
2025,9,11,14,14,260,3.6,NA,NA,NA,NA,NA,1016.5,17,16.9,NA,NA,NA
2025,9,11,15,14,280,3.6,NA,NA,NA,NA,NA,1016.8,17,17,NA,NA,NA
2025,9,11,16,14,260,3.1,NA,NA,NA,NA,NA,1017.3,17.1,17.1,NA,NA,NA
2025,9,11,17,14,240,3.1,NA,NA,NA,NA,NA,1017.6,17.2,17.2,NA,NA,NA
2025,9,11,18,14,230,3.6,NA,NA,NA,NA,NA,1017.5,17.4,17.3,NA,NA,NA
2025,9,11,18,54,230,4.6,NA,NA,NA,NA,NA,1017.5,17.4,17.4,NA,NA,NA
2025,9,11,19,54,230,6.2,NA,NA,NA,NA,NA,1017.1,17.5,17.4,NA,NA,NA
2025,9,11,22,54,250,7.7,NA,NA,NA,NA,NA,1015.9,17.6,17.3,NA,NA,NA
2025,9,11,23,54,240,7.2,NA,NA,NA,NA,NA,1015.6,17.6,17.2,NA,NA,NA
2025,9,12,0,54,250,9.3,NA,NA,NA,NA,NA,1015.3,17.7,17.2,NA,NA,NA
2025,9,12,3,24,260,9.3,NA,NA,NA,NA,NA,1015.2,17,17,NA,NA,NA
2025,9,12,5,24,280,5.7,NA,NA,NA,NA,NA,1015.6,16.6,16.6,NA,NA,NA
2025,9,12,6,24,280,5.7,NA,NA,NA,NA,NA,1015.8,16.4,16.4,NA,NA,NA
2025,9,12,7,24,280,5.1,NA,NA,NA,NA,NA,1015.7,16.3,16.4,NA,NA,NA
2025,9,12,8,24,290,5.1,NA,NA,NA,NA,NA,1015.5,16.2,16.2,NA,NA,NA
2025,9,12,9,24,270,7.2,NA,NA,NA,NA,NA,1015.3,16.1,16.1,NA,NA,NA
2025,9,12,9,54,270,6.7,NA,NA,NA,NA,NA,1015.3,16,16,NA,NA,NA
2025,9,12,11,24,270,5.1,NA,NA,NA,NA,NA,1015.1,15.8,16,NA,NA,NA
2025,9,12,12,24,280,5.1,NA,NA,NA,NA,NA,1015.3,15.8,16,NA,NA,NA
2025,9,12,13,24,280,5.7,NA,NA,NA,NA,NA,1015.6,15.7,16,NA,NA,NA
2025,9,12,14,24,290,3.6,NA,NA,NA,NA,NA,1016.1,15.6,16.2,NA,NA,NA
2025,9,12,15,24,290,2.6,NA,NA,NA,NA,NA,1016.6,15.7,16.3,NA,NA,NA
2025,9,12,16,14,260,2.1,NA,NA,NA,NA,NA,1016.8,15.7,16.3,NA,NA,NA
2025,9,12,16,54,270,2.6,NA,NA,NA,NA,NA,1017,15.7,16.3,NA,NA,NA
2025,9,12,18,24,300,2.6,NA,NA,NA,NA,NA,1017,15.6,16.3,NA,NA,NA
2025,9,12,19,24,270,3.6,NA,NA,NA,NA,NA,1016.9,15.6,16.4,NA,NA,NA
2025,9,12,19,54,270,3.6,NA,NA,NA,NA,NA,1016.6,15.5,16.4,NA,NA,NA
2025,9,12,21,24,260,7.2,NA,NA,NA,NA,NA,1015.7,16.4,16.5,NA,NA,NA
2025,9,12,21,54,250,6.2,NA,NA,NA,NA,NA,1015.5,16.2,16.5,NA,NA,NA
2025,9,12,22,54,250,7.2,NA,NA,NA,NA,NA,1014.8,16.1,16.5,NA,NA,NA
2025,9,12,23,54,250,9.8,NA,NA,NA,NA,NA,1014.6,16.1,16.5,NA,NA,NA
2025,9,13,0,54,260,9.3,NA,NA,NA,NA,NA,1014.3,16,16.4,NA,NA,NA
2025,9,13,1,54,260,8.2,NA,NA,NA,NA,NA,1014.1,16,16.3,NA,NA,NA
2025,9,13,2,54,270,9.3,NA,NA,NA,NA,NA,1014,16,16.3,NA,NA,NA
2025,9,13,3,54,280,6.7,NA,NA,NA,NA,NA,1014.6,15.8,16.3,NA,NA,NA
2025,9,13,4,54,270,5.7,NA,NA,NA,NA,NA,1015.1,15.8,16.1,NA,NA,NA
2025,9,13,5,54,270,7.7,NA,NA,NA,NA,NA,1015.5,15.7,16,NA,NA,NA
2025,9,13,6,54,270,6.7,NA,NA,NA,NA,NA,1015.4,15.7,16.1,NA,NA,NA
2025,9,13,8,24,280,2.6,NA,NA,NA,NA,NA,1015.3,15.8,16,NA,NA,NA
2025,9,13,9,24,270,4.6,NA,NA,NA,NA,NA,1015.1,15.9,16,NA,NA,NA
2025,9,13,10,24,270,5.1,NA,NA,NA,NA,NA,1014.9,15.7,16,NA,NA,NA
2025,9,13,11,24,290,5.1,NA,NA,NA,NA,NA,1014.9,15.7,16,NA,NA,NA
2025,9,13,12,24,270,2.6,NA,NA,NA,NA,NA,1015.1,15.8,16,NA,NA,NA
2025,9,13,12,54,330,2.6,NA,NA,NA,NA,NA,1015.1,15.6,16,NA,NA,NA
2025,9,13,13,54,340,4.1,NA,NA,NA,NA,NA,1015.3,15.3,16,NA,NA,NA
2025,9,13,14,54,330,2.6,NA,NA,NA,NA,NA,1015.8,15.5,16,NA,NA,NA
2025,9,13,17,24,350,2.6,NA,NA,NA,NA,NA,1016.2,15.6,16.1,NA,NA,NA
2025,9,13,18,24,270,4.1,NA,NA,NA,NA,NA,1016.3,15.6,16.1,NA,NA,NA
2025,9,13,19,24,270,5.1,NA,NA,NA,NA,NA,1016.2,16,16.1,NA,NA,NA
2025,9,13,20,4,270,5.1,NA,NA,NA,NA,NA,1015.9,16.1,16.1,NA,NA,NA
2025,9,13,21,24,260,5.7,NA,NA,NA,NA,NA,1015.2,16.2,16.4,NA,NA,NA
2025,9,13,21,54,260,6.7,NA,NA,NA,NA,NA,1014.7,16.3,16.4,NA,NA,NA
2025,9,13,22,54,260,6.7,NA,NA,NA,NA,NA,1014.3,16.4,16.4,NA,NA,NA
2025,9,14,0,24,250,9.8,NA,NA,NA,NA,NA,1013.7,16.2,16.2,NA,NA,NA
2025,9,14,1,24,250,9.8,NA,NA,NA,NA,NA,1013.3,16.5,16,NA,NA,NA
2025,9,14,2,24,260,10.3,NA,NA,NA,NA,NA,1012.9,16.3,16,NA,NA,NA
2025,9,14,3,24,270,9.8,NA,NA,NA,NA,NA,1013.7,16.2,15.8,NA,NA,NA
2025,9,14,4,24,290,7.2,NA,NA,NA,NA,NA,1014.5,16.2,15.8,NA,NA,NA
2025,9,14,5,24,290,4.1,NA,NA,NA,NA,NA,1014.6,16,15.6,NA,NA,NA
2025,9,14,6,4,280,3.6,NA,NA,NA,NA,NA,1014.7,15.8,15.6,NA,NA,NA
2025,9,14,7,24,290,3.1,NA,NA,NA,NA,NA,1014.3,15.8,15.5,NA,NA,NA
2025,9,14,8,24,300,2.1,NA,NA,NA,NA,NA,1014.4,15.4,15.5,NA,NA,NA
2025,9,14,9,24,280,1,NA,NA,NA,NA,NA,1014.6,15.5,15.5,NA,NA,NA
2025,9,14,10,24,290,4.6,NA,NA,NA,NA,NA,1014.4,15.7,15.5,NA,NA,NA
2025,9,14,11,14,280,3.6,NA,NA,NA,NA,NA,1014.4,15.4,15.5,NA,NA,NA
2025,9,14,12,24,340,1,NA,NA,NA,NA,NA,1014.4,15.4,15.5,NA,NA,NA
2025,9,14,14,24,0,0,NA,NA,NA,NA,NA,1015.2,15,15.5,NA,NA,NA
2025,9,14,14,54,300,1,NA,NA,NA,NA,NA,1015.1,15.2,15.6,NA,NA,NA
2025,9,14,16,24,360,1.5,NA,NA,NA,NA,NA,1016,14,15.6,NA,NA,NA
2025,9,14,16,54,20,1,NA,NA,NA,NA,NA,1015.5,14.4,15.7,NA,NA,NA
2025,9,14,17,54,60,2.1,NA,NA,NA,NA,NA,1015.4,15.8,15.9,NA,NA,NA
2025,9,14,18,54,280,1,NA,NA,NA,NA,NA,1015.2,16.6,16.3,NA,NA,NA
2025,9,14,20,24,240,5.7,NA,NA,NA,NA,NA,1014.4,17,16.9,NA,NA,NA
2025,9,14,21,24,250,7.2,NA,NA,NA,NA,NA,1013.4,16.8,17.2,NA,NA,NA
2025,9,14,22,24,260,7.7,NA,NA,NA,NA,NA,1012.7,17.3,16.7,NA,NA,NA
2025,9,14,23,24,260,8.2,NA,NA,NA,NA,NA,1011.9,17.3,16.5,NA,NA,NA
2025,9,15,0,24,260,9.8,NA,NA,NA,NA,NA,1011.8,17.3,16.4,NA,NA,NA
2025,9,15,1,24,250,11.8,NA,NA,NA,NA,NA,1011.4,16.9,16,NA,NA,NA
2025,9,15,2,24,250,10.3,NA,NA,NA,NA,NA,1011.6,16.6,15.7,NA,NA,NA
2025,9,15,2,54,250,8.2,NA,NA,NA,NA,NA,1011.7,16.5,15.6,NA,NA,NA
2025,9,15,3,54,270,8.2,NA,NA,NA,NA,NA,1012.5,15.8,15.5,NA,NA,NA
2025,9,15,5,24,270,8.8,NA,NA,NA,NA,NA,1013,15.4,15.4,NA,NA,NA
2025,9,15,6,24,280,6.2,NA,NA,NA,NA,NA,1013.5,15.5,15.4,NA,NA,NA
2025,9,15,7,24,290,3.1,NA,NA,NA,NA,NA,1013.7,15.5,15.4,NA,NA,NA
2025,9,15,8,24,270,4.1,NA,NA,NA,NA,NA,1013.3,15.1,15.5,NA,NA,NA
2025,9,15,9,4,270,3.6,NA,NA,NA,NA,NA,1013,15,15.4,NA,NA,NA
2025,9,15,9,54,260,4.6,NA,NA,NA,NA,NA,1012.7,14.6,15.4,NA,NA,NA
2025,9,15,10,54,270,4.1,NA,NA,NA,NA,NA,1012.2,14.6,15.4,NA,NA,NA
2025,9,15,11,54,270,4.1,NA,NA,NA,NA,NA,1011.9,14.6,15.4,NA,NA,NA
2025,9,15,12,54,260,2.6,NA,NA,NA,NA,NA,1011.8,14.4,15.4,NA,NA,NA
2025,9,15,13,54,270,4.1,NA,NA,NA,NA,NA,1011.9,14.4,15.4,NA,NA,NA
2025,9,15,14,54,290,3.6,NA,NA,NA,NA,NA,1012.6,14.3,15.5,NA,NA,NA
2025,9,15,15,54,310,3.6,NA,NA,NA,NA,NA,1012.8,14.4,15.5,NA,NA,NA
2025,9,15,16,54,10,2.6,NA,NA,NA,NA,NA,1013.3,14.4,15.6,NA,NA,NA
2025,9,15,17,54,300,1.5,NA,NA,NA,NA,NA,1013.4,14.6,15.7,NA,NA,NA
2025,9,15,18,54,260,4.6,NA,NA,NA,NA,NA,1012.8,14.3,16,NA,NA,NA
2025,9,15,19,54,250,4.1,NA,NA,NA,NA,NA,1012.5,14.8,16,NA,NA,NA
2025,9,15,20,54,230,4.1,NA,NA,NA,NA,NA,1012.3,15,16.2,NA,NA,NA
2025,9,15,22,4,230,5.1,NA,NA,NA,NA,NA,1012.2,15.7,16.1,NA,NA,NA
2025,9,15,22,54,220,4.1,NA,NA,NA,NA,NA,1012,15.6,16.1,NA,NA,NA
2025,9,16,0,24,230,2.6,NA,NA,NA,NA,NA,1011.7,15.4,16,NA,NA,NA
2025,9,16,1,24,230,1,NA,NA,NA,NA,NA,1012,15.2,16,NA,NA,NA
2025,9,16,2,24,180,2.1,NA,NA,NA,NA,NA,1012.1,15.1,15.8,NA,NA,NA
2025,9,16,3,24,210,1,NA,NA,NA,NA,NA,1012.4,14.8,15.9,NA,NA,NA
2025,9,16,5,14,0,0,NA,NA,NA,NA,NA,1012.7,14.4,15.9,NA,NA,NA
2025,9,16,6,24,360,1,NA,NA,NA,NA,NA,1012.8,14,16,NA,NA,NA
2025,9,16,7,24,0,0,NA,NA,NA,NA,NA,1012.9,13.5,15.9,NA,NA,NA
2025,9,16,8,24,0,0,NA,NA,NA,NA,NA,1013,13.4,15.9,NA,NA,NA
2025,9,16,9,54,0,0,NA,NA,NA,NA,NA,1013.3,13.2,16,NA,NA,NA
2025,9,16,10,54,0,0,NA,NA,NA,NA,NA,1013,13.1,16,NA,NA,NA
2025,9,16,11,54,0,0,NA,NA,NA,NA,NA,1013.2,13,15.9,NA,NA,NA
2025,9,16,13,24,20,1.5,NA,NA,NA,NA,NA,1013.7,13.3,16,NA,NA,NA
2025,9,16,14,24,0,0,NA,NA,NA,NA,NA,1014.2,13.2,16,NA,NA,NA
2025,9,16,15,24,140,1,NA,NA,NA,NA,NA,1014.7,13.2,16,NA,NA,NA
2025,9,16,16,54,190,2.1,NA,NA,NA,NA,NA,1015.8,13.2,16.1,NA,NA,NA
2025,9,16,17,54,200,1.5,NA,NA,NA,NA,NA,1016.5,13.8,16.2,NA,NA,NA
2025,9,16,18,54,210,2.1,NA,NA,NA,NA,NA,1015.6,14.3,16.1,NA,NA,NA
2025,9,16,20,24,230,4.6,NA,NA,NA,NA,NA,1015.4,15.1,16,NA,NA,NA
2025,9,16,21,24,240,4.6,NA,NA,NA,NA,NA,1015.2,15.6,16,NA,NA,NA
2025,9,16,22,24,240,4.1,NA,NA,NA,NA,NA,1015.1,16.6,16.2,NA,NA,NA
2025,9,16,23,24,240,3.6,NA,NA,NA,NA,NA,1014.7,16.8,16.2,NA,NA,NA
2025,9,17,0,24,260,3.1,NA,NA,NA,NA,NA,1014.4,16.7,16.3,NA,NA,NA
2025,9,17,1,24,260,3.6,NA,NA,NA,NA,NA,1014.1,16.2,16.2,NA,NA,NA
2025,9,17,2,24,260,2.1,NA,NA,NA,NA,NA,1014,15.6,16.2,NA,NA,NA
2025,9,17,3,24,270,2.6,NA,NA,NA,NA,NA,1014.6,15.2,16.1,NA,NA,NA
2025,9,17,4,24,250,3.1,NA,NA,NA,NA,NA,1014.9,15.1,16,NA,NA,NA
2025,9,17,5,24,270,4.1,NA,NA,NA,NA,NA,1015.1,14.8,16.1,NA,NA,NA
2025,9,17,6,24,270,4.6,NA,NA,NA,NA,NA,1015.2,14.7,16,NA,NA,NA
2025,9,17,6,54,270,4.6,NA,NA,NA,NA,NA,1015.5,14.7,16.1,NA,NA,NA
2025,9,17,8,24,230,3.1,NA,NA,NA,NA,NA,1015.3,14.2,16.1,NA,NA,NA
2025,9,17,9,24,350,2.6,NA,NA,NA,NA,NA,1015.2,14.5,16,NA,NA,NA
2025,9,17,10,24,330,2.6,NA,NA,NA,NA,NA,1014.8,14.2,16,NA,NA,NA
2025,9,17,11,24,10,1,NA,NA,NA,NA,NA,1014.8,14,16,NA,NA,NA
2025,9,17,12,24,320,1.5,NA,NA,NA,NA,NA,1014.8,13.8,16,NA,NA,NA
2025,9,17,13,24,330,3.1,NA,NA,NA,NA,NA,1015,13.9,16,NA,NA,NA
2025,9,17,13,54,270,2.6,NA,NA,NA,NA,NA,1015.2,13.8,15.9,NA,NA,NA
2025,9,17,14,54,280,1.5,NA,NA,NA,NA,NA,1015.5,13.8,15.9,NA,NA,NA
2025,9,17,15,54,300,2.1,NA,NA,NA,NA,NA,1015.7,13.6,15.9,NA,NA,NA
2025,9,17,16,54,260,1,NA,NA,NA,NA,NA,1016.2,13.7,16,NA,NA,NA
2025,9,17,18,4,280,3.6,NA,NA,NA,NA,NA,1015.4,14.2,15.9,NA,NA,NA
2025,9,17,18,54,270,6.2,NA,NA,NA,NA,NA,1014.8,14.5,15.9,NA,NA,NA
2025,9,17,19,54,260,7.2,NA,NA,NA,NA,NA,1014.2,14.9,15.7,NA,NA,NA
2025,9,17,21,14,240,5.7,NA,NA,NA,NA,NA,1014.1,15.4,16.1,NA,NA,NA
2025,9,17,22,14,250,4.6,NA,NA,NA,NA,NA,1013.7,15.8,15.9,NA,NA,NA
2025,9,17,23,14,250,6.2,NA,NA,NA,NA,NA,1013.4,15.9,15.7,NA,NA,NA
2025,9,18,0,14,250,4.6,NA,NA,NA,NA,NA,1012.9,15.8,15.8,NA,NA,NA
2025,9,18,1,14,240,3.1,NA,NA,NA,NA,NA,1012.5,15.5,15.8,NA,NA,NA
2025,9,18,1,54,230,5.1,NA,NA,NA,NA,NA,1012.6,15.6,15.9,NA,NA,NA
2025,9,18,3,14,240,3.6,NA,NA,NA,NA,NA,1012.1,15.4,16,NA,NA,NA
2025,9,18,4,14,250,4.6,NA,NA,NA,NA,NA,1012,15.9,16,NA,NA,NA
2025,9,18,5,14,270,3.1,NA,NA,NA,NA,NA,1011.7,15.7,16,NA,NA,NA
2025,9,18,5,54,290,1.5,NA,NA,NA,NA,NA,1011.7,15.9,16,NA,NA,NA
2025,9,18,6,54,330,3.1,NA,NA,NA,NA,NA,1011.6,15.8,16,NA,NA,NA
2025,9,18,7,54,240,2.1,NA,NA,NA,NA,NA,1011.4,15.9,15.9,NA,NA,NA
2025,9,18,8,54,270,2.6,NA,NA,NA,NA,NA,1011.1,16,15.8,NA,NA,NA
2025,9,18,10,14,210,5.1,NA,NA,NA,NA,NA,1010.9,16.1,15.7,NA,NA,NA
2025,9,18,11,14,220,3.6,NA,NA,NA,NA,NA,1011,16.2,15.7,NA,NA,NA
2025,9,18,12,14,220,3.1,NA,NA,NA,NA,NA,1010.9,16.2,15.7,NA,NA,NA
2025,9,18,13,14,240,2.6,NA,NA,NA,NA,NA,1011,16,15.7,NA,NA,NA
2025,9,18,14,14,240,3.1,NA,NA,NA,NA,NA,1011.5,15.9,15.7,NA,NA,NA
2025,9,18,14,54,280,1,NA,NA,NA,NA,NA,1012,15.9,15.7,NA,NA,NA
2025,9,18,16,14,290,1.5,NA,NA,NA,NA,NA,1012.2,15.6,15.8,NA,NA,NA
2025,9,18,16,54,310,1.5,NA,NA,NA,NA,NA,1012.3,15.6,15.8,NA,NA,NA
2025,9,18,18,14,50,2.1,NA,NA,NA,NA,NA,1013,15.8,16.2,NA,NA,NA
2025,9,18,18,54,350,2.6,NA,NA,NA,NA,NA,1012.9,15.8,16.3,NA,NA,NA
2025,9,18,19,54,330,2.6,NA,NA,NA,NA,NA,1012.3,15.7,16.3,NA,NA,NA
2025,9,18,20,54,290,3.1,NA,NA,NA,NA,NA,1011.3,15.7,16.3,NA,NA,NA
2025,9,18,21,54,270,3.1,NA,NA,NA,NA,NA,1010.6,16.1,16.5,NA,NA,NA
2025,9,18,22,54,260,4.1,NA,NA,NA,NA,NA,1010.4,16,16.4,NA,NA,NA
2025,9,19,0,14,250,4.1,NA,NA,NA,NA,NA,1010.3,16.2,16.4,NA,NA,NA
2025,9,19,1,14,250,7.2,NA,NA,NA,NA,NA,1009.8,16.1,16,NA,NA,NA
2025,9,19,2,14,270,4.1,NA,NA,NA,NA,NA,1010.2,15.9,16,NA,NA,NA
2025,9,19,3,14,250,3.1,NA,NA,NA,NA,NA,1011.1,15.9,15.9,NA,NA,NA
2025,9,19,4,14,230,6.2,NA,NA,NA,NA,NA,1011.5,15.8,15.9,NA,NA,NA
2025,9,19,5,14,250,3.1,NA,NA,NA,NA,NA,1011.7,15.9,16,NA,NA,NA
2025,9,19,6,14,280,2.1,NA,NA,NA,NA,NA,1012.3,15.7,16,NA,NA,NA
2025,9,19,7,14,280,2.1,NA,NA,NA,NA,NA,1012.3,15.6,16.1,NA,NA,NA
2025,9,19,8,14,140,0.5,NA,NA,NA,NA,NA,1012.5,15.7,16.1,NA,NA,NA
2025,9,19,8,54,0,0,NA,NA,NA,NA,NA,1012.5,15.8,16.1,NA,NA,NA
2025,9,19,9,54,0,0,NA,NA,NA,NA,NA,1012.3,15.5,16.2,NA,NA,NA
2025,9,19,11,14,270,2.6,NA,NA,NA,NA,NA,1011.8,15.7,16.1,NA,NA,NA
2025,9,19,12,14,260,3.1,NA,NA,NA,NA,NA,1012.2,15.8,16.1,NA,NA,NA
2025,9,19,12,54,270,3.1,NA,NA,NA,NA,NA,1012.2,15.7,16.1,NA,NA,NA
2025,9,19,13,54,280,2.6,NA,NA,NA,NA,NA,1012.5,15.8,16.1,NA,NA,NA
2025,9,19,14,54,260,2.1,NA,NA,NA,NA,NA,1013,15.8,16.1,NA,NA,NA
2025,9,19,15,54,270,3.6,NA,NA,NA,NA,NA,1013.5,15.8,16.1,NA,NA,NA
2025,9,19,16,54,280,4.1,NA,NA,NA,NA,NA,1013.9,15.6,16.1,NA,NA,NA
2025,9,19,18,14,330,1.5,NA,NA,NA,NA,NA,1014.2,15.5,16.2,NA,NA,NA
2025,9,19,18,54,190,1.5,NA,NA,NA,NA,NA,1014.5,16.2,16.2,NA,NA,NA
2025,9,19,19,54,230,1,NA,NA,NA,NA,NA,1014.6,16.6,16.4,NA,NA,NA
2025,9,19,21,14,220,3.1,NA,NA,NA,NA,NA,1014.5,16.9,17,NA,NA,NA
2025,9,19,22,14,240,3.1,NA,NA,NA,NA,NA,1014.3,17.3,16.8,NA,NA,NA
2025,9,19,22,54,230,3.1,NA,NA,NA,NA,NA,1014.1,17.4,16.7,NA,NA,NA
2025,9,19,23,54,230,2.6,NA,NA,NA,NA,NA,1014.2,17.5,16.8,NA,NA,NA
2025,9,20,1,14,210,2.6,NA,NA,NA,NA,NA,1014.5,17.3,16.7,NA,NA,NA
2025,9,20,2,14,220,2.6,NA,NA,NA,NA,NA,1014.5,17.1,16.9,NA,NA,NA
2025,9,20,3,14,220,1.5,NA,NA,NA,NA,NA,1015,16.9,16.9,NA,NA,NA
2025,9,20,4,4,220,1.5,NA,NA,NA,NA,NA,1015.4,17,16.9,NA,NA,NA
2025,9,20,4,54,220,1.5,NA,NA,NA,NA,NA,1015.7,16.8,16.7,NA,NA,NA
2025,9,20,6,14,0,0,NA,NA,NA,NA,NA,1015.6,16.6,16.6,NA,NA,NA
2025,9,20,7,14,180,1.5,NA,NA,NA,NA,NA,1015.7,16.5,16.7,NA,NA,NA
2025,9,20,8,14,250,3.1,NA,NA,NA,NA,NA,1015.7,16.7,16.5,NA,NA,NA
2025,9,20,9,14,310,3.6,NA,NA,NA,NA,NA,1015.6,16.3,16.5,NA,NA,NA
2025,9,20,10,14,360,2.6,NA,NA,NA,NA,NA,1015.5,16.3,16.5,NA,NA,NA
2025,9,20,11,14,10,2.6,NA,NA,NA,NA,NA,1015.4,16.1,16.5,NA,NA,NA
2025,9,20,12,14,340,1.5,NA,NA,NA,NA,NA,1015.6,16.1,16.4,NA,NA,NA
2025,9,20,13,14,250,2.1,NA,NA,NA,NA,NA,1015.9,16,16.5,NA,NA,NA
2025,9,20,14,14,290,2.1,NA,NA,NA,NA,NA,1016.3,16.2,16.5,NA,NA,NA
2025,9,20,15,14,350,2.1,NA,NA,NA,NA,NA,1016.6,16.3,16.4,NA,NA,NA
2025,9,20,16,14,20,2.1,NA,NA,NA,NA,NA,1017,16.4,16.5,NA,NA,NA
2025,9,20,17,14,280,0.5,NA,NA,NA,NA,NA,1017.5,16.8,16.6,NA,NA,NA
2025,9,20,18,14,250,2.1,NA,NA,NA,NA,NA,1017.6,16.6,16.7,NA,NA,NA
2025,9,20,19,14,260,5.1,NA,NA,NA,NA,NA,1017.2,17,16.9,NA,NA,NA
2025,9,20,20,14,250,6.2,NA,NA,NA,NA,NA,1016.8,17.1,16.7,NA,NA,NA
2025,9,20,21,14,240,4.6,NA,NA,NA,NA,NA,1016.3,17.1,16.6,NA,NA,NA
2025,9,20,21,54,230,5.1,NA,NA,NA,NA,NA,1016.1,17.2,16.6,NA,NA,NA
2025,9,20,23,14,240,6.2,NA,NA,NA,NA,NA,1015.6,17.1,16.7,NA,NA,NA
2025,9,21,0,14,240,5.1,NA,NA,NA,NA,NA,1015.4,17,16.4,NA,NA,NA
2025,9,21,1,14,250,8.8,NA,NA,NA,NA,NA,1014.8,17,16.1,NA,NA,NA
2025,9,21,2,14,250,8.2,NA,NA,NA,NA,NA,1014.7,16.9,16.1,NA,NA,NA
2025,9,21,2,54,260,5.7,NA,NA,NA,NA,NA,1014.5,16.7,16.2,NA,NA,NA
2025,9,21,3,54,250,6.2,NA,NA,NA,NA,NA,1014.8,16.8,16.4,NA,NA,NA
2025,9,21,5,14,270,5.7,NA,NA,NA,NA,NA,1015.1,16.4,16.3,NA,NA,NA
2025,9,21,5,54,280,3.6,NA,NA,NA,NA,NA,1015.1,16.4,16.2,NA,NA,NA
2025,9,21,6,54,290,4.1,NA,NA,NA,NA,NA,1015.1,16.2,16.1,NA,NA,NA
2025,9,21,7,54,270,4.6,NA,NA,NA,NA,NA,1015.3,16.4,16.1,NA,NA,NA
2025,9,21,8,54,270,6.7,NA,NA,NA,NA,NA,1015,16.1,16.2,NA,NA,NA
2025,9,21,9,54,290,5.1,NA,NA,NA,NA,NA,1014.7,15.6,16.1,NA,NA,NA
2025,9,21,11,4,280,3.1,NA,NA,NA,NA,NA,1014.8,15.9,16,NA,NA,NA
2025,9,21,11,54,280,4.6,NA,NA,NA,NA,NA,1014.5,15.9,15.9,NA,NA,NA
2025,9,21,13,14,270,6.7,NA,NA,NA,NA,NA,1014.9,15.9,15.8,NA,NA,NA
2025,9,21,14,14,270,7.2,NA,NA,NA,NA,NA,1015.3,15.9,15.7,NA,NA,NA
2025,9,21,14,54,270,5.7,NA,NA,NA,NA,NA,1015.6,15.8,15.6,NA,NA,NA
2025,9,21,16,14,290,5.1,NA,NA,NA,NA,NA,1015.6,15.4,15.8,NA,NA,NA
2025,9,21,17,14,270,3.1,NA,NA,NA,NA,NA,1015.7,15.1,15.9,NA,NA,NA
2025,9,21,18,14,300,2.6,NA,NA,NA,NA,NA,1015.8,15.1,15.9,NA,NA,NA
2025,9,21,18,54,280,5.1,NA,NA,NA,NA,NA,1015.6,15.5,15.8,NA,NA,NA
2025,9,21,19,54,260,6.2,NA,NA,NA,NA,NA,1015,15.5,15.9,NA,NA,NA
2025,9,21,20,54,260,6.7,NA,NA,NA,NA,NA,1014.4,15.4,16,NA,NA,NA
2025,9,21,21,54,250,8.8,NA,NA,NA,NA,NA,1013.6,15.6,15.9,NA,NA,NA
2025,9,21,23,14,250,5.7,NA,NA,NA,NA,NA,1013,15.4,15.7,NA,NA,NA
2025,9,22,0,14,240,5.1,NA,NA,NA,NA,NA,1012.8,15.2,15.7,NA,NA,NA
2025,9,22,0,54,250,6.2,NA,NA,NA,NA,NA,1012.6,15.3,15.8,NA,NA,NA
2025,9,22,2,14,250,4.6,NA,NA,NA,NA,NA,1012.3,15.6,15.8,NA,NA,NA
2025,9,22,3,14,280,5.7,NA,NA,NA,NA,NA,1012.4,15.6,15.8,NA,NA,NA
2025,9,22,4,4,290,4.1,NA,NA,NA,NA,NA,1012.6,15.3,15.7,NA,NA,NA
2025,9,22,5,14,270,4.1,NA,NA,NA,NA,NA,1012.8,14.7,15.6,NA,NA,NA
2025,9,22,6,14,300,1.5,NA,NA,NA,NA,NA,1012.9,15,15.5,NA,NA,NA
2025,9,22,7,14,290,1,NA,NA,NA,NA,NA,1012.8,14.3,15.5,NA,NA,NA
2025,9,22,8,14,360,0.5,NA,NA,NA,NA,NA,1012.9,14,15.5,NA,NA,NA
2025,9,22,8,54,310,0.5,NA,NA,NA,NA,NA,1012.8,13.8,15.4,NA,NA,NA
2025,9,22,10,4,280,1,NA,NA,NA,NA,NA,1012.8,13.8,15.4,NA,NA,NA
2025,9,22,10,54,0,0,NA,NA,NA,NA,NA,1012.7,13.9,15.4,NA,NA,NA
2025,9,22,11,54,360,2.1,NA,NA,NA,NA,NA,1012.8,14,15.5,NA,NA,NA
2025,9,22,12,54,320,2.1,NA,NA,NA,NA,NA,1013.1,14.3,15.5,NA,NA,NA
2025,9,22,13,54,250,2.6,NA,NA,NA,NA,NA,1013.4,14,15.5,NA,NA,NA
2025,9,22,14,54,290,1,NA,NA,NA,NA,NA,1013.7,14,15.5,NA,NA,NA
2025,9,22,15,54,310,2.1,NA,NA,NA,NA,NA,1014,14.1,15.4,NA,NA,NA
2025,9,22,16,54,290,1.5,NA,NA,NA,NA,NA,1014.1,13.8,15.4,NA,NA,NA
2025,9,22,17,54,260,5.1,NA,NA,NA,NA,NA,1013.9,13.6,15.5,NA,NA,NA
2025,9,22,18,54,260,5.1,NA,NA,NA,NA,NA,1013.9,14.2,15.6,NA,NA,NA
2025,9,22,19,54,270,5.1,NA,NA,NA,NA,NA,1012.5,14.9,15.7,NA,NA,NA
2025,9,22,20,54,260,5.7,NA,NA,NA,NA,NA,1011.9,15.4,15.6,NA,NA,NA
2025,9,22,22,14,250,4.1,NA,NA,NA,NA,NA,1011,15.8,15.9,NA,NA,NA
2025,9,22,23,14,240,5.7,NA,NA,NA,NA,NA,1010.5,16.1,16.1,NA,NA,NA
2025,9,23,0,14,230,5.1,NA,NA,NA,NA,NA,1010.1,16.3,16,NA,NA,NA
2025,9,23,1,14,250,5.7,NA,NA,NA,NA,NA,1009.7,16.3,16.1,NA,NA,NA
2025,9,23,2,4,240,4.6,NA,NA,NA,NA,NA,1009.8,16,16,NA,NA,NA
2025,9,23,3,14,250,6.7,NA,NA,NA,NA,NA,1009.8,15.8,15.9,NA,NA,NA
2025,9,23,4,14,260,4.1,NA,NA,NA,NA,NA,1010.1,16,15.7,NA,NA,NA
2025,9,23,5,14,270,3.6,NA,NA,NA,NA,NA,1010.4,15.6,15.6,NA,NA,NA
2025,9,23,6,14,320,2.6,NA,NA,NA,NA,NA,1010.6,15.6,15.6,NA,NA,NA
2025,9,23,7,14,350,4.1,NA,NA,NA,NA,NA,1010.6,15.6,15.5,NA,NA,NA
2025,9,23,8,14,20,2.1,NA,NA,NA,NA,NA,1010.8,15.7,15.4,NA,NA,NA
2025,9,23,9,14,70,1.5,NA,NA,NA,NA,NA,1010.7,15.7,15.4,NA,NA,NA
2025,9,23,10,14,190,1,NA,NA,NA,NA,NA,1010.7,15.5,15.4,NA,NA,NA
2025,9,23,11,14,0,0,NA,NA,NA,NA,NA,1010.6,15.2,15.5,NA,NA,NA
2025,9,23,12,14,300,2.1,NA,NA,NA,NA,NA,1010.7,15.2,15.4,NA,NA,NA
2025,9,23,12,54,320,2.1,NA,NA,NA,NA,NA,1010.7,15.2,15.4,NA,NA,NA
2025,9,23,14,14,340,2.1,NA,NA,NA,NA,NA,1010.8,15.4,15.4,NA,NA,NA
2025,9,23,15,14,350,2.1,NA,NA,NA,NA,NA,1011.1,15.9,15.5,NA,NA,NA
2025,9,23,15,54,20,1,NA,NA,NA,NA,NA,1011.5,16.1,15.5,NA,NA,NA
2025,9,23,16,54,310,3.6,NA,NA,NA,NA,NA,1011.3,16.2,15.8,NA,NA,NA
2025,9,23,17,54,280,2.1,NA,NA,NA,NA,NA,1011.6,16.5,15.9,NA,NA,NA
2025,9,23,18,54,260,5.1,NA,NA,NA,NA,NA,1011.1,16.7,16.1,NA,NA,NA
2025,9,23,20,14,240,4.1,NA,NA,NA,NA,NA,1010.5,16.9,16.5,NA,NA,NA
2025,9,23,21,14,210,4.1,NA,NA,NA,NA,NA,1010,17.3,16.7,NA,NA,NA
2025,9,23,22,14,200,4.6,NA,NA,NA,NA,NA,1010,17.5,16.8,NA,NA,NA
2025,9,23,22,54,200,4.6,NA,NA,NA,NA,NA,1010,17.6,16.7,NA,NA,NA
2025,9,24,0,14,230,6.2,NA,NA,NA,NA,NA,1009.8,17.6,16.6,NA,NA,NA
2025,9,24,1,14,190,3.6,NA,NA,NA,NA,NA,1010.8,17.6,16.3,NA,NA,NA
2025,9,24,1,54,190,4.1,NA,NA,NA,NA,NA,1011.4,17.4,16.3,NA,NA,NA
2025,9,24,2,54,220,4.1,NA,NA,NA,NA,NA,1012.2,17.1,16.4,NA,NA,NA
2025,9,24,3,54,160,4.6,NA,NA,NA,NA,NA,1013.7,16.9,16.5,NA,NA,NA
2025,9,24,4,54,170,4.1,NA,NA,NA,NA,NA,1014.4,16.8,16.4,NA,NA,NA
2025,9,24,5,54,220,2.6,NA,NA,NA,NA,NA,1014.2,16.9,16.3,NA,NA,NA
2025,9,24,6,54,0,0,NA,NA,NA,NA,NA,1014.2,16.4,16.4,NA,NA,NA
2025,9,24,7,54,270,1,NA,NA,NA,NA,NA,1014.3,16.5,16.4,NA,NA,NA
2025,9,24,8,54,120,2.6,NA,NA,NA,NA,NA,1015.8,16.6,16.4,NA,NA,NA
2025,9,24,9,54,180,1.5,NA,NA,NA,NA,NA,1015,16.8,16.4,NA,NA,NA
2025,9,24,10,54,340,2.6,NA,NA,NA,NA,NA,1014.3,16.7,16.3,NA,NA,NA
2025,9,24,12,14,10,2.1,NA,NA,NA,NA,NA,1014.1,16.7,16.3,NA,NA,NA
2025,9,24,13,14,40,5.1,NA,NA,NA,NA,NA,1015.1,17.1,16.3,NA,NA,NA
2025,9,24,13,54,20,3.1,NA,NA,NA,NA,NA,1015,17.1,16.3,NA,NA,NA
2025,9,24,14,54,40,6.2,NA,NA,NA,NA,NA,1015.2,17.4,16.3,NA,NA,NA
2025,9,24,15,54,20,7.7,NA,NA,NA,NA,NA,1015.2,17.5,16.2,NA,NA,NA
2025,9,24,17,14,10,4.1,NA,NA,NA,NA,NA,1016.1,17.6,16.1,NA,NA,NA
2025,9,24,18,14,10,5.1,NA,NA,NA,NA,NA,1016.4,18.4,16.1,NA,NA,NA
2025,9,24,19,14,290,5.1,NA,NA,NA,NA,NA,1015.7,18.1,16.1,NA,NA,NA
2025,9,24,20,14,360,1,NA,NA,NA,NA,NA,1016.2,17.9,16.3,NA,NA,NA
2025,9,24,20,54,300,3.1,NA,NA,NA,NA,NA,1015.6,18.3,16.2,NA,NA,NA
2025,9,24,21,54,240,2.6,NA,NA,NA,NA,NA,1015.4,17.9,16.5,NA,NA,NA
2025,9,24,22,54,250,3.1,NA,NA,NA,NA,NA,1015.3,18.3,16.7,NA,NA,NA
2025,9,24,23,54,230,2.1,NA,NA,NA,NA,NA,1015.5,18.1,16.7,NA,NA,NA
2025,9,25,1,14,170,3.1,NA,NA,NA,NA,NA,1015.5,18.1,16.9,NA,NA,NA
2025,9,25,1,54,170,2.1,NA,NA,NA,NA,NA,1015.4,18.3,16.7,NA,NA,NA
2025,9,25,3,14,170,2.1,NA,NA,NA,NA,NA,1015.3,18,16.7,NA,NA,NA
2025,9,25,4,14,190,2.6,NA,NA,NA,NA,NA,1015.6,17.8,16.6,NA,NA,NA
2025,9,25,5,14,0,0,NA,NA,NA,NA,NA,1015.7,17,16.6,NA,NA,NA
2025,9,25,6,14,330,2.6,NA,NA,NA,NA,NA,1015.5,16.6,16.7,NA,NA,NA
2025,9,25,7,14,300,2.6,NA,NA,NA,NA,NA,1015.3,16.8,16.7,NA,NA,NA
2025,9,25,8,14,270,1,NA,NA,NA,NA,NA,1015.5,16.9,16.6,NA,NA,NA
2025,9,25,9,14,270,2.1,NA,NA,NA,NA,NA,1015.3,17.3,16.4,NA,NA,NA
2025,9,25,10,14,280,3.6,NA,NA,NA,NA,NA,1015.2,16.9,16.2,NA,NA,NA
2025,9,25,10,54,40,2.1,NA,NA,NA,NA,NA,1015.4,17.2,16.1,NA,NA,NA
2025,9,25,12,14,210,2.6,NA,NA,NA,NA,NA,1015.7,16.7,16.1,NA,NA,NA
2025,9,25,13,14,270,4.1,NA,NA,NA,NA,NA,1016.4,17.3,16.2,NA,NA,NA
2025,9,25,14,14,260,4.6,NA,NA,NA,NA,NA,1016.3,16.4,16.1,NA,NA,NA
2025,9,25,15,4,260,8.2,NA,NA,NA,NA,NA,1015.7,16,16,NA,NA,NA
2025,9,25,15,54,300,5.1,NA,NA,NA,NA,NA,1016.8,15.7,16,NA,NA,NA
2025,9,25,16,54,250,3.6,NA,NA,NA,NA,NA,1017.2,15.7,16.1,NA,NA,NA
2025,9,25,18,14,230,2.6,NA,NA,NA,NA,NA,1017.3,16.1,16.5,NA,NA,NA
2025,9,25,19,4,220,4.1,NA,NA,NA,NA,NA,1017.1,16.2,16.5,NA,NA,NA
2025,9,25,20,14,240,5.7,NA,NA,NA,NA,NA,1017.1,16.2,16.4,NA,NA,NA
2025,9,25,20,54,240,6.7,NA,NA,NA,NA,NA,1016.9,17,16.5,NA,NA,NA
2025,9,25,21,54,230,3.6,NA,NA,NA,NA,NA,1016.3,17.4,16.5,NA,NA,NA
2025,9,25,23,14,250,7.7,NA,NA,NA,NA,NA,1015.4,17.4,16.5,NA,NA,NA
2025,9,26,0,14,230,4.1,NA,NA,NA,NA,NA,1015.2,17.3,16.7,NA,NA,NA
2025,9,26,1,14,240,5.1,NA,NA,NA,NA,NA,1015.2,17,16.8,NA,NA,NA
2025,9,26,2,14,240,6.2,NA,NA,NA,NA,NA,1015.3,17,16.7,NA,NA,NA
2025,9,26,3,14,240,5.1,NA,NA,NA,NA,NA,1015.5,17.2,16.5,NA,NA,NA
2025,9,26,4,14,240,3.1,NA,NA,NA,NA,NA,1015.8,16.9,16.5,NA,NA,NA
2025,9,26,4,54,250,4.6,NA,NA,NA,NA,NA,1015.8,16.8,16.6,NA,NA,NA
2025,9,26,5,54,260,4.6,NA,NA,NA,NA,NA,1015.4,16.5,16.5,NA,NA,NA
2025,9,26,6,54,250,3.6,NA,NA,NA,NA,NA,1014.7,16.3,16.5,NA,NA,NA
2025,9,26,7,54,250,3.1,NA,NA,NA,NA,NA,1014.6,16.2,16.5,NA,NA,NA
2025,9,26,8,54,270,1.5,NA,NA,NA,NA,NA,1014.3,16.1,16.5,NA,NA,NA
2025,9,26,10,14,120,1,NA,NA,NA,NA,NA,1013.5,15.9,16.5,NA,NA,NA
2025,9,26,11,14,0,0,NA,NA,NA,NA,NA,1013.3,15.9,16.4,NA,NA,NA
2025,9,26,12,14,0,0,NA,NA,NA,NA,NA,1012.7,15.7,16.3,NA,NA,NA
2025,9,26,13,14,290,1.5,NA,NA,NA,NA,NA,1012.7,15.6,16.2,NA,NA,NA
2025,9,26,13,54,0,0,NA,NA,NA,NA,NA,1012.9,15.7,16.2,NA,NA,NA
2025,9,26,15,4,20,3.1,NA,NA,NA,NA,NA,1013.3,16,16.2,NA,NA,NA
2025,9,26,15,54,60,1.5,NA,NA,NA,NA,NA,1013.5,15.9,16.2,NA,NA,NA
2025,9,26,16,54,10,1,NA,NA,NA,NA,NA,1013.3,15.8,16.4,NA,NA,NA
2025,9,26,17,54,310,1.5,NA,NA,NA,NA,NA,1013.2,16,16.5,NA,NA,NA
2025,9,26,19,14,250,3.6,NA,NA,NA,NA,NA,1012.9,15.9,16.9,NA,NA,NA
2025,9,26,19,54,230,4.1,NA,NA,NA,NA,NA,1012.5,16,16.7,NA,NA,NA
2025,9,26,21,14,210,3.1,NA,NA,NA,NA,NA,1011.7,16.4,16.9,NA,NA,NA
2025,9,26,22,4,210,3.1,NA,NA,NA,NA,NA,1011.4,16.7,16.8,NA,NA,NA
2025,9,26,23,14,220,3.6,NA,NA,NA,NA,NA,1010.8,16.7,16.7,NA,NA,NA
2025,9,27,0,14,230,4.1,NA,NA,NA,NA,NA,1010.5,16.2,16.6,NA,NA,NA
2025,9,27,1,14,200,2.6,NA,NA,NA,NA,NA,1010.5,16.3,16.7,NA,NA,NA
2025,9,27,2,14,210,1.5,NA,NA,NA,NA,NA,1010.4,16,16.5,NA,NA,NA
2025,9,27,3,14,230,3.1,NA,NA,NA,NA,NA,1010.6,16,16.3,NA,NA,NA
2025,9,27,4,14,220,4.6,NA,NA,NA,NA,NA,1011.1,15.9,16.5,NA,NA,NA
2025,9,27,5,14,220,2.6,NA,NA,NA,NA,NA,1011.5,15.9,16.5,NA,NA,NA
2025,9,27,6,14,210,2.6,NA,NA,NA,NA,NA,1011.2,15.9,16.2,NA,NA,NA
2025,9,27,7,14,180,2.1,NA,NA,NA,NA,NA,1011.2,15.9,16.5,NA,NA,NA
2025,9,27,8,14,190,2.1,NA,NA,NA,NA,NA,1011.3,16.2,16.4,NA,NA,NA
2025,9,27,9,14,190,3.1,NA,NA,NA,NA,NA,1011.3,16.2,16.4,NA,NA,NA
2025,9,27,10,4,190,2.6,NA,NA,NA,NA,NA,1011.3,16.2,16.4,NA,NA,NA
2025,9,27,10,54,170,1.5,NA,NA,NA,NA,NA,1011.3,16.2,16.4,NA,NA,NA
2025,9,27,12,14,140,3.1,NA,NA,NA,NA,NA,1011.1,16.2,16.3,NA,NA,NA
2025,9,27,13,14,100,2.6,NA,NA,NA,NA,NA,1011.2,15.4,16.2,NA,NA,NA
2025,9,27,14,14,110,2.6,NA,NA,NA,NA,NA,1011.6,15.5,16,NA,NA,NA
2025,9,27,14,54,110,3.6,NA,NA,NA,NA,NA,1011.9,16.1,15.9,NA,NA,NA
2025,9,27,16,14,110,1,NA,NA,NA,NA,NA,1012.5,15.9,15.8,NA,NA,NA
2025,9,27,16,54,0,0,NA,NA,NA,NA,NA,1012.7,16.1,15.7,NA,NA,NA
2025,9,27,17,54,0,0,NA,NA,NA,NA,NA,1013,16.3,15.8,NA,NA,NA
2025,9,27,18,54,200,4.1,NA,NA,NA,NA,NA,1012.9,16.6,15.8,NA,NA,NA
2025,9,27,19,54,240,3.6,NA,NA,NA,NA,NA,1012.5,16.3,16.1,NA,NA,NA
2025,9,27,20,54,240,3.1,NA,NA,NA,NA,NA,1012.3,16.2,16.1,NA,NA,NA
2025,9,27,21,54,260,4.6,NA,NA,NA,NA,NA,1011.9,16.1,16.1,NA,NA,NA
2025,9,27,22,54,270,5.1,NA,NA,NA,NA,NA,1011.7,15.8,15.8,NA,NA,NA
2025,9,27,23,54,250,2.1,NA,NA,NA,NA,NA,1011.7,16.3,15.9,NA,NA,NA
2025,9,28,0,54,260,2.1,NA,NA,NA,NA,NA,1011.5,16.6,15.9,NA,NA,NA
2025,9,28,1,54,270,1.5,NA,NA,NA,NA,NA,1011.7,16.4,16,NA,NA,NA
2025,9,28,2,54,260,2.6,NA,NA,NA,NA,NA,1012.2,16.7,16.2,NA,NA,NA
2025,9,28,3,54,310,1.5,NA,NA,NA,NA,NA,1012.8,16.7,16.2,NA,NA,NA
2025,9,28,4,54,300,2.6,NA,NA,NA,NA,NA,1013.2,16.8,16.3,NA,NA,NA
2025,9,28,6,14,260,1.5,NA,NA,NA,NA,NA,1013.3,17.1,16.3,NA,NA,NA
2025,9,28,7,14,0,0,NA,NA,NA,NA,NA,1013.2,16.8,16.3,NA,NA,NA
2025,9,28,8,4,240,1,NA,NA,NA,NA,NA,1013.2,16.6,16.3,NA,NA,NA
2025,9,28,8,54,270,1.5,NA,NA,NA,NA,NA,1013.4,16.4,16.2,NA,NA,NA
2025,9,28,10,14,310,1.5,NA,NA,NA,NA,NA,1013.5,16.3,16.2,NA,NA,NA
2025,9,28,11,14,300,2.1,NA,NA,NA,NA,NA,1013.7,16,16.2,NA,NA,NA
2025,9,28,12,14,310,1,NA,NA,NA,NA,NA,1014,15.9,16.1,NA,NA,NA
2025,9,28,13,14,0,0,NA,NA,NA,NA,NA,1014.5,16,16.1,NA,NA,NA
2025,9,28,14,14,20,1.5,NA,NA,NA,NA,NA,1014.9,16.1,16.2,NA,NA,NA
2025,9,28,15,14,360,1.5,NA,NA,NA,NA,NA,1015.4,16.2,16.2,NA,NA,NA
2025,9,28,16,14,320,1,NA,NA,NA,NA,NA,1016,16.4,16.1,NA,NA,NA
2025,9,28,17,14,280,1,NA,NA,NA,NA,NA,1016.5,16.5,16.2,NA,NA,NA
2025,9,28,18,14,40,1.5,NA,NA,NA,NA,NA,1016.7,16.8,16.4,NA,NA,NA
2025,9,28,19,14,10,2.1,NA,NA,NA,NA,NA,1016.7,17.6,17,NA,NA,NA
2025,9,28,20,14,210,2.1,NA,NA,NA,NA,NA,1016.5,18.2,17.3,NA,NA,NA
2025,9,28,21,14,220,5.1,NA,NA,NA,NA,NA,1015.9,17.8,17.2,NA,NA,NA
2025,9,28,21,54,200,5.7,NA,NA,NA,NA,NA,1015.7,18,17.3,NA,NA,NA
2025,9,28,22,54,200,7.2,NA,NA,NA,NA,NA,1015.1,17.9,17.4,NA,NA,NA
2025,9,29,0,14,200,6.2,NA,NA,NA,NA,NA,1014.9,17.8,17.3,NA,NA,NA
2025,9,29,1,14,190,4.6,NA,NA,NA,NA,NA,1015,17.8,17.2,NA,NA,NA
2025,9,29,2,14,190,5.1,NA,NA,NA,NA,NA,1015,17.8,17.2,NA,NA,NA
2025,9,29,2,54,200,5.7,NA,NA,NA,NA,NA,1015.3,17.8,17.2,NA,NA,NA
2025,9,29,4,14,310,1,NA,NA,NA,NA,NA,1016,17.5,17.1,NA,NA,NA
2025,9,29,5,14,60,0.5,NA,NA,NA,NA,NA,1015.9,17.5,17.2,NA,NA,NA
2025,9,29,5,54,0,0,NA,NA,NA,NA,NA,1016,17.6,17.2,NA,NA,NA
2025,9,29,7,14,50,1,NA,NA,NA,NA,NA,1015.6,17.6,17.1,NA,NA,NA
2025,9,29,8,14,330,0.5,NA,NA,NA,NA,NA,1015.7,17.2,16.9,NA,NA,NA
2025,9,29,9,14,280,1.5,NA,NA,NA,NA,NA,1015.6,17.1,16.8,NA,NA,NA
2025,9,29,10,14,200,2.1,NA,NA,NA,NA,NA,1015.5,17.5,16.7,NA,NA,NA
2025,9,29,11,14,220,3.6,NA,NA,NA,NA,NA,1015.4,16.9,16.4,NA,NA,NA
2025,9,29,12,14,210,1.5,NA,NA,NA,NA,NA,1015.4,16.8,16.4,NA,NA,NA
2025,9,29,13,14,150,1,NA,NA,NA,NA,NA,1015.1,16.8,16.9,NA,NA,NA
2025,9,29,14,14,130,2.1,NA,NA,NA,NA,NA,1015.5,16.7,16.9,NA,NA,NA
2025,9,29,15,14,170,1.5,NA,NA,NA,NA,NA,1015.9,16.8,17.1,NA,NA,NA
2025,9,29,16,4,90,2.6,NA,NA,NA,NA,NA,1015.7,17,17.2,NA,NA,NA
2025,9,29,16,54,90,3.1,NA,NA,NA,NA,NA,1016,17.1,16.9,NA,NA,NA
2025,9,29,17,54,60,2.6,NA,NA,NA,NA,NA,1015.7,17.1,17,NA,NA,NA
2025,9,29,18,54,310,1,NA,NA,NA,NA,NA,1016.1,17.2,17,NA,NA,NA
2025,9,29,19,54,230,2.1,NA,NA,NA,NA,NA,1016.3,17.6,17.1,NA,NA,NA
2025,9,29,20,54,230,2.1,NA,NA,NA,NA,NA,1016.1,17.7,17.3,NA,NA,NA
2025,9,29,21,54,240,3.1,NA,NA,NA,NA,NA,1016,18,17.5,NA,NA,NA
2025,9,29,22,54,120,2.6,NA,NA,NA,NA,NA,1015.5,18.5,18,NA,NA,NA
2025,9,29,23,54,240,1.5,NA,NA,NA,NA,NA,1015.1,18,17.9,NA,NA,NA
2025,9,30,1,14,210,1.5,NA,NA,NA,NA,NA,1015.2,17.8,17.7,NA,NA,NA
2025,9,30,2,14,0,0,NA,NA,NA,NA,NA,1014.7,17.4,17.5,NA,NA,NA
2025,9,30,3,4,0,0,NA,NA,NA,NA,NA,1014.7,17.4,17.7,NA,NA,NA
2025,9,30,3,54,340,1,NA,NA,NA,NA,NA,1014.8,17.5,17.6,NA,NA,NA
2025,9,30,5,14,160,2.1,NA,NA,NA,NA,NA,1015.1,17.6,17.6,NA,NA,NA
2025,9,30,6,14,160,3.1,NA,NA,NA,NA,NA,1015,17.6,17.6,NA,NA,NA
2025,9,30,7,14,160,3.6,NA,NA,NA,NA,NA,1015.1,17.7,17.6,NA,NA,NA
2025,9,30,7,54,150,3.6,NA,NA,NA,NA,NA,1015.2,17.4,17.5,NA,NA,NA
2025,9,30,9,14,130,3.1,NA,NA,NA,NA,NA,1015.1,16.8,17.4,NA,NA,NA
2025,9,30,10,14,110,4.1,NA,NA,NA,NA,NA,1014.8,16.9,17.3,NA,NA,NA
2025,9,30,11,14,80,4.6,NA,NA,NA,NA,NA,1014.6,17.1,17.3,NA,NA,NA
2025,9,30,12,14,50,3.6,NA,NA,NA,NA,NA,1014.7,16.7,17.4,NA,NA,NA
2025,9,30,13,14,80,3.6,NA,NA,NA,NA,NA,1015.2,16.8,17.5,NA,NA,NA
2025,9,30,14,14,70,3.6,NA,NA,NA,NA,NA,1015.2,17,17.4,NA,NA,NA
2025,9,30,15,14,80,3.1,NA,NA,NA,NA,NA,1015.8,17.1,17.2,NA,NA,NA
2025,9,30,16,14,80,2.6,NA,NA,NA,NA,NA,1016.2,17.2,17,NA,NA,NA
2025,9,30,16,54,80,2.1,NA,NA,NA,NA,NA,1016.7,17.4,17.2,NA,NA,NA
2025,9,30,17,54,170,2.1,NA,NA,NA,NA,NA,1017.1,17.7,17.3,NA,NA,NA
2025,9,30,18,54,170,6.2,NA,NA,NA,NA,NA,1017.3,17.7,17.4,NA,NA,NA
2025,9,30,19,54,170,6.2,NA,NA,NA,NA,NA,1016.9,17.6,17.5,NA,NA,NA
2025,9,30,20,54,160,6.2,NA,NA,NA,NA,NA,1016.6,17.9,17.4,NA,NA,NA
2025,9,30,21,54,180,5.1,NA,NA,NA,NA,NA,1016.7,17.9,17.4,NA,NA,NA
2025,9,30,22,54,170,4.6,NA,NA,NA,NA,NA,1016.4,17.7,17.5,NA,NA,NA
2025,10,1,0,54,170,4.1,NA,NA,NA,NA,NA,1016.6,17.9,17.6,NA,NA,NA
2025,10,1,1,54,190,3.1,NA,NA,NA,NA,NA,1016.7,17.6,17.6,NA,NA,NA
2025,10,1,3,14,180,5.1,NA,NA,NA,NA,NA,1016.8,17.4,17.3,NA,NA,NA
2025,10,1,4,4,150,5.1,NA,NA,NA,NA,NA,1017.1,17.2,17.2,NA,NA,NA
2025,10,1,5,14,170,3.6,NA,NA,NA,NA,NA,1017.2,16.7,17.2,NA,NA,NA
2025,10,1,6,14,180,4.1,NA,NA,NA,NA,NA,1017.2,16.6,17.2,NA,NA,NA
2025,10,1,7,14,140,4.6,NA,NA,NA,NA,NA,1017.2,16.8,17.2,NA,NA,NA
2025,10,1,7,54,130,3.6,NA,NA,NA,NA,NA,1017.2,16.6,17.2,NA,NA,NA
2025,10,1,8,54,150,4.1,NA,NA,NA,NA,NA,1017.5,16.6,17.2,NA,NA,NA
2025,10,1,9,54,120,4.6,NA,NA,NA,NA,NA,1017.2,16.3,17.2,NA,NA,NA
2025,10,1,10,54,130,2.1,NA,NA,NA,NA,NA,1017.3,16.6,17.2,NA,NA,NA
2025,10,1,11,54,120,2.6,NA,NA,NA,NA,NA,1017.2,16.7,17.2,NA,NA,NA
2025,10,1,12,54,120,3.6,NA,NA,NA,NA,NA,1017.2,16.7,17.2,NA,NA,NA
2025,10,1,13,54,110,3.6,NA,NA,NA,NA,NA,1017.3,16.8,17.3,NA,NA,NA
2025,10,1,14,54,90,4.6,NA,NA,NA,NA,NA,1017.4,16.9,17.5,NA,NA,NA
2025,10,1,15,54,80,3.1,NA,NA,NA,NA,NA,1018,17,17.4,NA,NA,NA
2025,10,1,16,54,70,4.6,NA,NA,NA,NA,NA,1018.2,16.9,17.1,NA,NA,NA
2025,10,1,17,54,70,3.6,NA,NA,NA,NA,NA,1018.4,17.4,16.9,NA,NA,NA
2025,10,1,18,54,120,1,NA,NA,NA,NA,NA,1018.1,18.4,17.1,NA,NA,NA
2025,10,1,20,14,0,0,NA,NA,NA,NA,NA,1017.3,18.3,17.6,NA,NA,NA
2025,10,1,20,54,190,1.5,NA,NA,NA,NA,NA,1017.1,18.1,17.7,NA,NA,NA
2025,10,1,21,54,180,3.1,NA,NA,NA,NA,NA,1016.8,17.8,17.7,NA,NA,NA
2025,10,1,22,54,170,3.1,NA,NA,NA,NA,NA,1016.4,17.8,17.7,NA,NA,NA
2025,10,1,23,54,200,2.1,NA,NA,NA,NA,NA,1016.2,17.9,17.6,NA,NA,NA
2025,10,2,0,54,180,1.5,NA,NA,NA,NA,NA,1016.2,17.9,17.6,NA,NA,NA
2025,10,2,1,54,270,1.5,NA,NA,NA,NA,NA,1016.3,17.7,17.6,NA,NA,NA
2025,10,2,2,54,0,0,NA,NA,NA,NA,NA,1016.3,17.6,17.6,NA,NA,NA
2025,10,2,3,54,0,0,NA,NA,NA,NA,NA,1016.4,17.5,17.5,NA,NA,NA
2025,10,2,5,14,60,1,NA,NA,NA,NA,NA,1017,17.5,17.4,NA,NA,NA
2025,10,2,6,14,40,0.5,NA,NA,NA,NA,NA,1016.9,17.5,17.4,NA,NA,NA
2025,10,2,7,14,360,1.5,NA,NA,NA,NA,NA,1016.8,17.5,17.3,NA,NA,NA
2025,10,2,8,14,30,2.1,NA,NA,NA,NA,NA,1016.4,17.7,17.6,NA,NA,NA
2025,10,2,9,14,50,4.1,NA,NA,NA,NA,NA,1016.2,17.6,17.5,NA,NA,NA
2025,10,2,10,14,90,3.1,NA,NA,NA,NA,NA,1015.8,17.3,17.4,NA,NA,NA
2025,10,2,10,54,90,2.1,NA,NA,NA,NA,NA,1015.5,17.4,17.4,NA,NA,NA
2025,10,2,11,54,130,2.6,NA,NA,NA,NA,NA,1015.7,17.1,17.4,NA,NA,NA
2025,10,2,12,54,240,7.2,NA,NA,NA,NA,NA,1015.7,17.2,17.3,NA,NA,NA
2025,10,2,14,14,270,5.1,NA,NA,NA,NA,NA,1016.6,16.6,17.5,NA,NA,NA
2025,10,2,14,54,270,2.1,NA,NA,NA,NA,NA,1017.4,16.7,17.5,NA,NA,NA
2025,10,2,16,14,190,4.1,NA,NA,NA,NA,NA,1018.1,16.7,17.4,NA,NA,NA
2025,10,2,17,14,180,1,NA,NA,NA,NA,NA,1018.5,17,17.4,NA,NA,NA
2025,10,2,18,14,240,2.6,NA,NA,NA,NA,NA,1018.1,17.1,17.4,NA,NA,NA
2025,10,2,19,14,260,3.6,NA,NA,NA,NA,NA,1017.9,17.2,17.8,NA,NA,NA
2025,10,2,20,14,250,4.6,NA,NA,NA,NA,NA,1017.8,17,17.7,NA,NA,NA
2025,10,2,21,14,240,4.1,NA,NA,NA,NA,NA,1017.2,17.2,17.8,NA,NA,NA
2025,10,2,22,4,240,4.6,NA,NA,NA,NA,NA,1017,17.3,17.8,NA,NA,NA
2025,10,2,22,54,240,6.7,NA,NA,NA,NA,NA,1017,17.2,17.8,NA,NA,NA
2025,10,2,23,54,250,7.7,NA,NA,NA,NA,NA,1016.5,17.1,17.8,NA,NA,NA
2025,10,3,0,54,240,6.7,NA,NA,NA,NA,NA,1016.5,17.2,17.7,NA,NA,NA
2025,10,3,1,54,250,6.7,NA,NA,NA,NA,NA,1016.6,17,17.7,NA,NA,NA
2025,10,3,2,54,250,8.2,NA,NA,NA,NA,NA,1016.8,16.9,17.6,NA,NA,NA
2025,10,3,3,54,260,6.7,NA,NA,NA,NA,NA,1017,17,17.5,NA,NA,NA
2025,10,3,4,54,270,5.7,NA,NA,NA,NA,NA,1017.5,17.2,17.5,NA,NA,NA
2025,10,3,6,14,190,1,NA,NA,NA,NA,NA,1017.9,17.1,17.5,NA,NA,NA
2025,10,3,7,14,300,1.5,NA,NA,NA,NA,NA,1017.8,16.8,17.5,NA,NA,NA
2025,10,3,8,14,260,5.1,NA,NA,NA,NA,NA,1017.6,16.9,17.5,NA,NA,NA
2025,10,3,9,14,270,7.7,NA,NA,NA,NA,NA,1017.6,17,17.5,NA,NA,NA
2025,10,3,10,14,270,6.2,NA,NA,NA,NA,NA,1017.4,16.8,17.4,NA,NA,NA
2025,10,3,10,54,270,6.2,NA,NA,NA,NA,NA,1017.5,16.8,17.4,NA,NA,NA
2025,10,3,12,14,270,8.8,NA,NA,NA,NA,NA,1017.5,16.5,17.4,NA,NA,NA
2025,10,3,13,14,270,6.7,NA,NA,NA,NA,NA,1018.1,16.6,17.3,NA,NA,NA
2025,10,3,14,14,270,5.7,NA,NA,NA,NA,NA,1018.6,16.6,17.3,NA,NA,NA
2025,10,3,15,14,270,6.2,NA,NA,NA,NA,NA,1018.9,16.6,17.3,NA,NA,NA
2025,10,3,15,54,280,5.7,NA,NA,NA,NA,NA,1019.2,16.5,17.3,NA,NA,NA
2025,10,3,17,14,270,9.3,NA,NA,NA,NA,NA,1019.5,16.7,17.3,NA,NA,NA
2025,10,3,18,14,260,8.2,NA,NA,NA,NA,NA,1019.6,16.7,17.4,NA,NA,NA
2025,10,3,19,14,270,9.8,NA,NA,NA,NA,NA,1019.6,16.6,17.4,NA,NA,NA
2025,10,3,20,14,260,7.2,NA,NA,NA,NA,NA,1019.6,16.6,17.5,NA,NA,NA
2025,10,3,21,14,260,11.3,NA,NA,NA,NA,NA,1018.7,16.6,17.5,NA,NA,NA
2025,10,3,22,14,270,9.8,NA,NA,NA,NA,NA,1018.4,16.5,17.5,NA,NA,NA
2025,10,3,23,4,260,10.8,NA,NA,NA,NA,NA,1017.8,16.4,17.5,NA,NA,NA
2025,10,3,23,54,260,10.8,NA,NA,NA,NA,NA,1017.5,16.5,17.5,NA,NA,NA
2025,10,4,0,54,260,9.3,NA,NA,NA,NA,NA,1017.4,16.4,17.4,NA,NA,NA
2025,10,4,1,54,260,9.3,NA,NA,NA,NA,NA,1017.4,16.4,17.4,NA,NA,NA
2025,10,4,2,54,260,12.4,NA,NA,NA,NA,NA,1017.5,16.5,17.3,NA,NA,NA
2025,10,4,3,54,270,11.3,NA,NA,NA,NA,NA,1017.8,16.4,17.3,NA,NA,NA
2025,10,4,4,54,270,9.3,NA,NA,NA,NA,NA,1018,16.3,17.2,NA,NA,NA
2025,10,4,5,54,270,6.7,NA,NA,NA,NA,NA,1017.9,16.1,17.1,NA,NA,NA
2025,10,4,7,14,270,6.7,NA,NA,NA,NA,NA,1017.7,15.9,17,NA,NA,NA
2025,10,4,8,14,270,6.2,NA,NA,NA,NA,NA,1017.6,15.8,16.9,NA,NA,NA
2025,10,4,9,14,320,2.1,NA,NA,NA,NA,NA,1017.7,15.5,16.9,NA,NA,NA
2025,10,4,9,54,310,2.1,NA,NA,NA,NA,NA,1017.4,15.6,16.9,NA,NA,NA
2025,10,4,10,54,340,1.5,NA,NA,NA,NA,NA,1017.1,15.4,16.8,NA,NA,NA
2025,10,4,11,54,0,0,NA,NA,NA,NA,NA,1016.9,15.2,16.9,NA,NA,NA
2025,10,4,12,54,0,0,NA,NA,NA,NA,NA,1017,15.1,16.9,NA,NA,NA
2025,10,4,13,54,0,0,NA,NA,NA,NA,NA,1017.1,15.1,16.9,NA,NA,NA
2025,10,4,14,54,300,2.1,NA,NA,NA,NA,NA,1017.2,15.1,16.9,NA,NA,NA
2025,10,4,15,54,50,1.5,NA,NA,NA,NA,NA,1017.3,15,17,NA,NA,NA
2025,10,4,16,54,0,0,NA,NA,NA,NA,NA,1017.6,15.2,17,NA,NA,NA
2025,10,4,17,54,200,1,NA,NA,NA,NA,NA,1017.5,15.4,17.1,NA,NA,NA
2025,10,4,18,54,280,1.5,NA,NA,NA,NA,NA,1017,15.3,17.3,NA,NA,NA
2025,10,4,20,14,260,4.1,NA,NA,NA,NA,NA,1016.4,15.2,17.4,NA,NA,NA
2025,10,4,20,54,250,4.6,NA,NA,NA,NA,NA,1015.6,15.2,17.4,NA,NA,NA
2025,10,4,22,14,250,6.2,NA,NA,NA,NA,NA,1014.7,15.9,17.4,NA,NA,NA
2025,10,4,22,54,260,7.7,NA,NA,NA,NA,NA,1014.1,16,17.3,NA,NA,NA
2025,10,4,23,54,250,8.8,NA,NA,NA,NA,NA,1013.3,16.1,17.3,NA,NA,NA
2025,10,5,1,14,250,10.3,NA,NA,NA,NA,NA,1012.6,16.1,17,NA,NA,NA
2025,10,5,2,14,260,9.8,NA,NA,NA,NA,NA,1012,15.9,16.9,NA,NA,NA
2025,10,5,3,14,270,11.3,NA,NA,NA,NA,NA,1012.3,15.6,16.6,NA,NA,NA
2025,10,5,4,14,270,7.2,NA,NA,NA,NA,NA,1012.6,15.5,16.6,NA,NA,NA
2025,10,5,5,14,270,7.7,NA,NA,NA,NA,NA,1012.6,15.4,16.4,NA,NA,NA
2025,10,5,6,14,280,3.6,NA,NA,NA,NA,NA,1012.5,15.4,16.4,NA,NA,NA
2025,10,5,7,14,280,2.6,NA,NA,NA,NA,NA,1012.2,15.3,16.3,NA,NA,NA
2025,10,5,8,14,290,4.1,NA,NA,NA,NA,NA,1012.1,15.1,16.2,NA,NA,NA
2025,10,5,8,54,290,2.6,NA,NA,NA,NA,NA,1012,15.1,16.2,NA,NA,NA
2025,10,5,9,54,340,3.1,NA,NA,NA,NA,NA,1011.6,15,16.2,NA,NA,NA
2025,10,5,10,54,320,2.1,NA,NA,NA,NA,NA,1011,15,16.2,NA,NA,NA
2025,10,5,12,14,320,3.1,NA,NA,NA,NA,NA,1010.8,14.8,16.2,NA,NA,NA
2025,10,5,13,14,300,1.5,NA,NA,NA,NA,NA,1011.1,14.8,16.2,NA,NA,NA
2025,10,5,14,14,50,2.6,NA,NA,NA,NA,NA,1011.1,14.8,16.2,NA,NA,NA
2025,10,5,15,14,20,3.1,NA,NA,NA,NA,NA,1011.2,14.1,16.2,NA,NA,NA
2025,10,5,16,14,30,4.1,NA,NA,NA,NA,NA,1011.2,13.4,16.3,NA,NA,NA
2025,10,5,16,54,40,3.1,NA,NA,NA,NA,NA,1011.3,13.5,16.3,NA,NA,NA
2025,10,5,17,54,350,1.5,NA,NA,NA,NA,NA,1011.3,13.6,16.3,NA,NA,NA
2025,10,5,19,14,270,5.7,NA,NA,NA,NA,NA,1010.8,14.1,16.6,NA,NA,NA
2025,10,5,20,14,260,7.2,NA,NA,NA,NA,NA,1010.1,14.2,16.6,NA,NA,NA
2025,10,5,21,14,250,5.7,NA,NA,NA,NA,NA,1009.3,14.7,16.6,NA,NA,NA
2025,10,5,21,54,250,8.8,NA,NA,NA,NA,NA,1009.1,15.2,16.6,NA,NA,NA
2025,10,5,22,54,260,6.7,NA,NA,NA,NA,NA,1008.6,15.5,16.6,NA,NA,NA
2025,10,5,23,54,260,10.3,NA,NA,NA,NA,NA,1008.3,15.5,16.6,NA,NA,NA
2025,10,6,1,14,250,6.7,NA,NA,NA,NA,NA,1008.3,15.3,16.3,NA,NA,NA
2025,10,6,1,54,240,7.2,NA,NA,NA,NA,NA,1008.3,15.2,16.3,NA,NA,NA
2025,10,6,3,14,220,4.1,NA,NA,NA,NA,NA,1009,15.4,16.2,NA,NA,NA
2025,10,6,4,14,220,3.6,NA,NA,NA,NA,NA,1009.1,15.9,16.1,NA,NA,NA
2025,10,6,5,14,90,3.6,NA,NA,NA,NA,NA,1009.2,15.8,16,NA,NA,NA
2025,10,6,5,54,30,1.5,NA,NA,NA,NA,NA,1009.4,15.7,16,NA,NA,NA
2025,10,6,6,54,10,2.1,NA,NA,NA,NA,NA,1009.6,15.8,15.9,NA,NA,NA
2025,10,6,7,54,360,4.1,NA,NA,NA,NA,NA,1009.6,15.7,16,NA,NA,NA
2025,10,6,9,14,360,2.6,NA,NA,NA,NA,NA,1009.5,16.1,16.1,NA,NA,NA
2025,10,6,10,14,320,3.6,NA,NA,NA,NA,NA,1009.2,15.8,16.1,NA,NA,NA
2025,10,6,11,14,70,3.6,NA,NA,NA,NA,NA,1009.3,15.5,16,NA,NA,NA
2025,10,6,11,54,50,2.1,NA,NA,NA,NA,NA,1009.4,15.7,16,NA,NA,NA
2025,10,6,12,54,60,2.6,NA,NA,NA,NA,NA,1009.6,15.5,16,NA,NA,NA
2025,10,6,13,54,350,2.1,NA,NA,NA,NA,NA,1009.9,15.7,15.9,NA,NA,NA
2025,10,6,14,54,20,3.6,NA,NA,NA,NA,NA,1010.2,15.2,16,NA,NA,NA
2025,10,6,15,54,30,4.6,NA,NA,NA,NA,NA,1010.6,15,16,NA,NA,NA
2025,10,6,16,54,40,3.1,NA,NA,NA,NA,NA,1010.9,15.8,16.1,NA,NA,NA
2025,10,6,17,54,80,2.1,NA,NA,NA,NA,NA,1011.1,16.5,16.3,NA,NA,NA
2025,10,6,18,54,170,5.7,NA,NA,NA,NA,NA,1011.1,14.9,16.4,NA,NA,NA
2025,10,6,19,54,170,8.2,NA,NA,NA,NA,NA,1010.9,15,16.4,NA,NA,NA
2025,10,6,21,14,180,7.2,NA,NA,NA,NA,NA,1010.6,15.5,16.4,NA,NA,NA
2025,10,6,21,54,180,5.1,NA,NA,NA,NA,NA,1010.3,15.6,16.3,NA,NA,NA
2025,10,6,22,54,180,7.2,NA,NA,NA,NA,NA,1010.4,15.3,16.4,NA,NA,NA
2025,10,7,0,14,180,5.1,NA,NA,NA,NA,NA,1010.3,15.7,16.4,NA,NA,NA
2025,10,7,1,14,190,4.1,NA,NA,NA,NA,NA,1010.7,15.9,16.4,NA,NA,NA
2025,10,7,2,14,180,2.1,NA,NA,NA,NA,NA,1011,15.8,16.3,NA,NA,NA
2025,10,7,3,4,270,1,NA,NA,NA,NA,NA,1011.2,15.7,16.3,NA,NA,NA
2025,10,7,4,14,190,1,NA,NA,NA,NA,NA,1011.4,15.5,16.3,NA,NA,NA
2025,10,7,4,54,120,1.5,NA,NA,NA,NA,NA,1011.5,15.4,16.3,NA,NA,NA
2025,10,7,5,54,130,1,NA,NA,NA,NA,NA,1011.6,15.5,16.2,NA,NA,NA
2025,10,7,6,54,260,0.5,NA,NA,NA,NA,NA,1011.5,15.5,16.2,NA,NA,NA
2025,10,7,7,54,0,0,NA,NA,NA,NA,NA,1011.8,15,16.2,NA,NA,NA
2025,10,7,8,54,40,2.1,NA,NA,NA,NA,NA,1011.7,15,16.2,NA,NA,NA
2025,10,7,9,54,40,2.1,NA,NA,NA,NA,NA,1011.3,14.9,16.2,NA,NA,NA
2025,10,7,10,54,30,3.1,NA,NA,NA,NA,NA,1010.8,14.7,16.2,NA,NA,NA
2025,10,7,11,54,30,3.1,NA,NA,NA,NA,NA,1010.7,14,16.2,NA,NA,NA
2025,10,7,12,54,90,3.1,NA,NA,NA,NA,NA,1011,13.8,16.2,NA,NA,NA
2025,10,7,14,14,170,5.1,NA,NA,NA,NA,NA,1011.2,14.6,16.2,NA,NA,NA
2025,10,7,14,54,180,5.1,NA,NA,NA,NA,NA,1011.7,14.8,16.2,NA,NA,NA
2025,10,7,15,54,160,5.1,NA,NA,NA,NA,NA,1012.3,15.2,16.3,NA,NA,NA
2025,10,7,16,54,150,4.1,NA,NA,NA,NA,NA,1012.6,15.3,16.3,NA,NA,NA
2025,10,7,17,54,160,4.1,NA,NA,NA,NA,NA,1012.6,15.4,16.3,NA,NA,NA
2025,10,7,18,54,160,3.6,NA,NA,NA,NA,NA,1012.5,15.9,16.4,NA,NA,NA
2025,10,7,19,54,170,4.6,NA,NA,NA,NA,NA,1012.5,16.2,16.5,NA,NA,NA
2025,10,7,20,54,170,5.7,NA,NA,NA,NA,NA,1012.1,16.4,16.5,NA,NA,NA
2025,10,7,22,14,190,4.6,NA,NA,NA,NA,NA,1012,16.6,16.5,NA,NA,NA
2025,10,7,22,54,190,3.1,NA,NA,NA,NA,NA,1012,16.8,16.6,NA,NA,NA
2025,10,7,23,54,180,3.1,NA,NA,NA,NA,NA,1011.8,16.9,16.6,NA,NA,NA
2025,10,8,0,54,180,4.1,NA,NA,NA,NA,NA,1011.9,16.9,16.6,NA,NA,NA
2025,10,8,1,54,170,2.6,NA,NA,NA,NA,NA,1011.9,16.8,16.6,NA,NA,NA
2025,10,8,2,54,170,3.1,NA,NA,NA,NA,NA,1012,16.6,16.5,NA,NA,NA
2025,10,8,4,14,170,3.1,NA,NA,NA,NA,NA,1012.4,16.5,16.5,NA,NA,NA
2025,10,8,5,14,160,2.1,NA,NA,NA,NA,NA,1012.6,16.4,16.5,NA,NA,NA
2025,10,8,6,14,170,2.1,NA,NA,NA,NA,NA,1012.6,16.4,16.4,NA,NA,NA
2025,10,8,7,14,160,4.6,NA,NA,NA,NA,NA,1012.3,16.5,16.4,NA,NA,NA
2025,10,8,8,14,150,4.1,NA,NA,NA,NA,NA,1012.1,16.5,16.4,NA,NA,NA
2025,10,8,9,14,140,5.1,NA,NA,NA,NA,NA,1012,16.3,16.4,NA,NA,NA
2025,10,8,9,54,150,4.1,NA,NA,NA,NA,NA,1011.8,16.1,16.4,NA,NA,NA
2025,10,8,10,54,160,3.1,NA,NA,NA,NA,NA,1011.9,16.1,16.4,NA,NA,NA
2025,10,8,12,14,150,5.7,NA,NA,NA,NA,NA,1011.8,16.4,16.4,NA,NA,NA
2025,10,8,12,54,150,5.7,NA,NA,NA,NA,NA,1012,16.6,16.4,NA,NA,NA
2025,10,8,13,54,140,4.1,NA,NA,NA,NA,NA,1012.1,16.6,16.4,NA,NA,NA
2025,10,8,14,54,140,3.6,NA,NA,NA,NA,NA,1012.2,16.4,16.4,NA,NA,NA
2025,10,8,15,54,130,6.2,NA,NA,NA,NA,NA,1012.5,16.6,16.3,NA,NA,NA
2025,10,8,16,54,130,3.6,NA,NA,NA,NA,NA,1012.9,16.8,16.4,NA,NA,NA
2025,10,8,18,14,150,2.1,NA,NA,NA,NA,NA,1013,16.7,16.4,NA,NA,NA
2025,10,8,19,4,120,1.5,NA,NA,NA,NA,NA,1012.9,17.1,16.5,NA,NA,NA
2025,10,8,19,54,160,6.2,NA,NA,NA,NA,NA,1012.6,16.8,16.6,NA,NA,NA
2025,10,8,20,54,170,7.2,NA,NA,NA,NA,NA,1012,16.8,16.6,NA,NA,NA
2025,10,8,21,54,170,6.7,NA,NA,NA,NA,NA,1011.8,16.9,16.6,NA,NA,NA
2025,10,8,22,54,160,9.3,NA,NA,NA,NA,NA,1011.3,17.1,16.6,NA,NA,NA
2025,10,8,23,54,170,7.2,NA,NA,NA,NA,NA,1011.3,16.9,16.6,NA,NA,NA
2025,10,9,0,54,170,6.7,NA,NA,NA,NA,NA,1011.2,16.9,16.6,NA,NA,NA
2025,10,9,1,54,170,7.2,NA,NA,NA,NA,NA,1011.1,16.9,16.6,NA,NA,NA
2025,10,9,2,54,160,9.8,NA,NA,NA,NA,NA,1011.2,17.1,16.5,NA,NA,NA
2025,10,9,3,54,170,9.3,NA,NA,NA,NA,NA,1011.6,17.2,16.6,NA,NA,NA
2025,10,9,4,54,150,7.7,NA,NA,NA,NA,NA,1012,17.1,16.6,NA,NA,NA
2025,10,9,6,14,160,5.1,NA,NA,NA,NA,NA,1012.2,17.2,16.6,NA,NA,NA
2025,10,9,6,54,160,4.1,NA,NA,NA,NA,NA,1012.5,17.1,16.5,NA,NA,NA
2025,10,9,7,54,80,3.1,NA,NA,NA,NA,NA,1012.7,16.5,16.5,NA,NA,NA
2025,10,9,9,14,50,2.6,NA,NA,NA,NA,NA,1012.7,15.9,16.5,NA,NA,NA
2025,10,9,10,4,60,4.1,NA,NA,NA,NA,NA,1012.7,15.7,16.5,NA,NA,NA
2025,10,9,10,54,60,5.1,NA,NA,NA,NA,NA,1012.5,15.6,16.5,NA,NA,NA
2025,10,9,11,54,60,4.6,NA,NA,NA,NA,NA,1012.7,15.6,16.4,NA,NA,NA
2025,10,9,13,14,60,6.2,NA,NA,NA,NA,NA,1013.2,15.6,16.3,NA,NA,NA
2025,10,9,14,4,50,4.6,NA,NA,NA,NA,NA,1013.5,14.8,16.2,NA,NA,NA
2025,10,9,15,14,40,3.6,NA,NA,NA,NA,NA,1014.1,15.2,16.3,NA,NA,NA
2025,10,9,15,54,50,5.1,NA,NA,NA,NA,NA,1014.3,15.2,16.3,NA,NA,NA
2025,10,9,17,14,60,5.7,NA,NA,NA,NA,NA,1014.5,15.9,16.4,NA,NA,NA
2025,10,9,18,14,70,3.6,NA,NA,NA,NA,NA,1014.6,16.8,16.6,NA,NA,NA
2025,10,9,18,54,60,2.1,NA,NA,NA,NA,NA,1014.3,17.3,16.8,NA,NA,NA
2025,10,9,20,14,330,1.5,NA,NA,NA,NA,NA,1014,18,17,NA,NA,NA
2025,10,9,21,4,290,1,NA,NA,NA,NA,NA,1013.6,18.5,17.1,NA,NA,NA
2025,10,9,22,14,260,1.5,NA,NA,NA,NA,NA,1013.2,18.2,17,NA,NA,NA
2025,10,9,22,54,220,3.1,NA,NA,NA,NA,NA,1013.1,18.1,17.6,NA,NA,NA
2025,10,9,23,54,210,2.6,NA,NA,NA,NA,NA,1012.8,18.1,18,NA,NA,NA
2025,10,10,1,14,210,3.6,NA,NA,NA,NA,NA,1012.7,17.6,17.7,NA,NA,NA
2025,10,10,2,14,200,2.6,NA,NA,NA,NA,NA,1012.9,17.3,17.5,NA,NA,NA
2025,10,10,3,14,200,2.1,NA,NA,NA,NA,NA,1013.3,17.1,17.4,NA,NA,NA
2025,10,10,4,14,190,2.6,NA,NA,NA,NA,NA,1014,17,17.2,NA,NA,NA
2025,10,10,5,4,200,1,NA,NA,NA,NA,NA,1014.5,17,17.3,NA,NA,NA
2025,10,10,5,54,190,2.6,NA,NA,NA,NA,NA,1014.6,17,17.2,NA,NA,NA
2025,10,10,7,14,280,3.1,NA,NA,NA,NA,NA,1014.7,16.8,17.4,NA,NA,NA
2025,10,10,7,54,290,2.1,NA,NA,NA,NA,NA,1014.8,16.7,17.4,NA,NA,NA
2025,10,10,8,54,20,2.6,NA,NA,NA,NA,NA,1014.9,16.5,17.3,NA,NA,NA
2025,10,10,10,14,200,1.5,NA,NA,NA,NA,NA,1015.1,16.5,17.1,NA,NA,NA
2025,10,10,10,54,270,1,NA,NA,NA,NA,NA,1015,16.4,17.2,NA,NA,NA
2025,10,10,11,54,280,3.6,NA,NA,NA,NA,NA,1015,16.1,17.2,NA,NA,NA
2025,10,10,12,54,290,3.6,NA,NA,NA,NA,NA,1015.1,16.2,17.1,NA,NA,NA
2025,10,10,13,54,270,4.1,NA,NA,NA,NA,NA,1015.6,16.2,17.1,NA,NA,NA
2025,10,10,14,54,280,2.6,NA,NA,NA,NA,NA,1016.1,16,16.9,NA,NA,NA
2025,10,10,16,14,270,3.6,NA,NA,NA,NA,NA,1016.5,16.2,16.9,NA,NA,NA
2025,10,10,17,4,290,1,NA,NA,NA,NA,NA,1016.7,16.5,17,NA,NA,NA
2025,10,10,18,14,50,0.5,NA,NA,NA,NA,NA,1016.8,17.2,17.2,NA,NA,NA
2025,10,10,18,54,0,0,NA,NA,NA,NA,NA,1016.8,17.7,17.2,NA,NA,NA
2025,10,10,19,54,170,1,NA,NA,NA,NA,NA,1016.5,17.2,17.5,NA,NA,NA
2025,10,10,21,14,220,3.1,NA,NA,NA,NA,NA,1015.5,17.1,17.7,NA,NA,NA
2025,10,10,22,4,220,4.6,NA,NA,NA,NA,NA,1015.1,17.2,17.7,NA,NA,NA
2025,10,10,23,4,240,5.1,NA,NA,NA,NA,NA,1014.9,17.6,17.5,NA,NA,NA
2025,10,11,0,4,230,6.2,NA,NA,NA,NA,NA,1014.9,17.7,17.7,NA,NA,NA
2025,10,11,1,14,240,8.8,NA,NA,NA,NA,NA,1014.4,17.3,17.2,NA,NA,NA
2025,10,11,1,54,250,6.2,NA,NA,NA,NA,NA,1014.7,17.1,16.8,NA,NA,NA
2025,10,11,3,14,250,3.6,NA,NA,NA,NA,NA,1015.3,17,16.9,NA,NA,NA
2025,10,11,4,4,250,5.1,NA,NA,NA,NA,NA,1015.4,16.9,16.9,NA,NA,NA
2025,10,11,5,4,270,1.5,NA,NA,NA,NA,NA,1015.2,16.7,16.9,NA,NA,NA
2025,10,11,6,4,260,3.1,NA,NA,NA,NA,NA,1015.3,16.9,17,NA,NA,NA
2025,10,11,6,54,260,2.6,NA,NA,NA,NA,NA,1015.2,17,16.9,NA,NA,NA
2025,10,11,7,54,280,2.6,NA,NA,NA,NA,NA,1015,16.8,16.8,NA,NA,NA
2025,10,11,8,54,280,3.6,NA,NA,NA,NA,NA,1014.9,16.7,16.8,NA,NA,NA
2025,10,11,9,54,360,1.5,NA,NA,NA,NA,NA,1014.9,15.6,16.8,NA,NA,NA
2025,10,11,10,54,10,1,NA,NA,NA,NA,NA,1015,15.3,16.7,NA,NA,NA
2025,10,11,11,54,260,0.5,NA,NA,NA,NA,NA,1014.8,15.5,16.6,NA,NA,NA
2025,10,11,12,54,320,1.5,NA,NA,NA,NA,NA,1015,15.9,16.3,NA,NA,NA
2025,10,11,13,54,310,2.6,NA,NA,NA,NA,NA,1015.7,16,16.3,NA,NA,NA
2025,10,11,14,54,320,2.6,NA,NA,NA,NA,NA,1016,15.8,16,NA,NA,NA
2025,10,11,15,54,310,2.1,NA,NA,NA,NA,NA,1016.7,16.1,15.9,NA,NA,NA
2025,10,11,16,54,10,1.5,NA,NA,NA,NA,NA,1016.7,16.2,16.1,NA,NA,NA
2025,10,11,18,14,260,3.6,NA,NA,NA,NA,NA,1016.8,16.4,16.1,NA,NA,NA
2025,10,11,19,14,260,2.1,NA,NA,NA,NA,NA,1016.3,17,16.3,NA,NA,NA
2025,10,11,20,4,260,7.7,NA,NA,NA,NA,NA,1015.9,16.8,16.1,NA,NA,NA
2025,10,11,20,54,260,8.8,NA,NA,NA,NA,NA,1015.2,16.7,16.2,NA,NA,NA
2025,10,11,21,54,260,10.8,NA,NA,NA,NA,NA,1014.9,16.6,16.2,NA,NA,NA
2025,10,11,23,14,270,12.9,NA,NA,NA,NA,NA,1013.9,16.7,16.1,NA,NA,NA
2025,10,12,0,4,260,12.4,NA,NA,NA,NA,NA,1014.3,16.6,15.8,NA,NA,NA
2025,10,12,1,4,270,12.4,NA,NA,NA,NA,NA,1014.5,16.5,15.8,NA,NA,NA
2025,10,12,2,4,270,10.8,NA,NA,NA,NA,NA,1014.3,16.3,15.4,NA,NA,NA
2025,10,12,3,4,270,10.3,NA,NA,NA,NA,NA,1015.2,16.2,15.4,NA,NA,NA
2025,10,12,3,54,280,7.2,NA,NA,NA,NA,NA,1015.5,16.1,15.4,NA,NA,NA
2025,10,12,4,54,280,7.2,NA,NA,NA,NA,NA,1016,15.9,15.6,NA,NA,NA
2025,10,12,5,54,280,6.7,NA,NA,NA,NA,NA,1015.8,15.8,15.7,NA,NA,NA
2025,10,12,6,54,280,7.2,NA,NA,NA,NA,NA,1015.4,15.7,15.8,NA,NA,NA
2025,10,12,7,54,280,7.2,NA,NA,NA,NA,NA,1015.1,15.6,15.8,NA,NA,NA
2025,10,12,8,54,280,3.1,NA,NA,NA,NA,NA,1015.2,15.5,15.9,NA,NA,NA
2025,10,12,9,54,300,3.6,NA,NA,NA,NA,NA,1014.8,15.3,15.7,NA,NA,NA
2025,10,12,10,54,350,3.1,NA,NA,NA,NA,NA,1014.3,14.9,16,NA,NA,NA
2025,10,12,11,54,360,2.6,NA,NA,NA,NA,NA,1014.5,14.6,15.7,NA,NA,NA
2025,10,12,12,54,0,0,NA,NA,NA,NA,NA,1014.6,14.3,15.6,NA,NA,NA
2025,10,12,13,54,50,1.5,NA,NA,NA,NA,NA,1014.4,14.4,15.4,NA,NA,NA
2025,10,12,14,54,40,1.5,NA,NA,NA,NA,NA,1014.3,14.5,15.4,NA,NA,NA
2025,10,12,16,14,20,1,NA,NA,NA,NA,NA,1014.6,14.4,15.4,NA,NA,NA
2025,10,12,17,4,50,1,NA,NA,NA,NA,NA,1014.5,14.5,15.4,NA,NA,NA
2025,10,12,17,54,110,1,NA,NA,NA,NA,NA,1013.9,15,15.5,NA,NA,NA
2025,10,12,18,54,200,2.1,NA,NA,NA,NA,NA,1013.4,14.8,15.6,NA,NA,NA
2025,10,12,19,54,270,7.2,NA,NA,NA,NA,NA,1012.4,15.6,15.7,NA,NA,NA
2025,10,12,20,54,260,8.8,NA,NA,NA,NA,NA,1011.3,15.5,15.5,NA,NA,NA
2025,10,12,21,54,260,9.3,NA,NA,NA,NA,NA,1010.6,15.4,15.2,NA,NA,NA
2025,10,12,22,54,260,10.3,NA,NA,NA,NA,NA,1010,15.4,15.3,NA,NA,NA
2025,10,12,23,54,260,11.3,NA,NA,NA,NA,NA,1009.3,15.3,15.5,NA,NA,NA
2025,10,13,0,54,260,11.3,NA,NA,NA,NA,NA,1008.9,15.3,15.4,NA,NA,NA
2025,10,13,1,54,260,9.3,NA,NA,NA,NA,NA,1008.5,15.2,15.3,NA,NA,NA
2025,10,13,3,14,270,8.8,NA,NA,NA,NA,NA,1009,15.2,15.7,NA,NA,NA
2025,10,13,4,4,270,9.3,NA,NA,NA,NA,NA,1009,15.2,15.8,NA,NA,NA
2025,10,13,5,4,280,8.2,NA,NA,NA,NA,NA,1009.1,15.1,15.9,NA,NA,NA
2025,10,13,6,4,270,7.2,NA,NA,NA,NA,NA,1009,15.2,15.9,NA,NA,NA
2025,10,13,6,54,280,7.2,NA,NA,NA,NA,NA,1009.2,15.2,15.9,NA,NA,NA
2025,10,13,7,54,290,8.8,NA,NA,NA,NA,NA,1008.7,15.2,15.9,NA,NA,NA
2025,10,13,9,14,270,7.7,NA,NA,NA,NA,NA,1008.5,15.2,15.9,NA,NA,NA
2025,10,13,10,4,270,8.2,NA,NA,NA,NA,NA,1008.3,15,15.9,NA,NA,NA
2025,10,13,10,54,270,7.7,NA,NA,NA,NA,NA,1008,14.9,15.9,NA,NA,NA
2025,10,13,11,54,270,8.8,NA,NA,NA,NA,NA,1007.8,14.7,15.8,NA,NA,NA
2025,10,13,12,54,280,6.7,NA,NA,NA,NA,NA,1007.6,14.7,15.8,NA,NA,NA
2025,10,13,13,54,270,6.2,NA,NA,NA,NA,NA,1007.7,14.7,15.8,NA,NA,NA
2025,10,13,14,54,270,6.7,NA,NA,NA,NA,NA,1007.5,14.8,15.7,NA,NA,NA
2025,10,13,16,4,250,2.6,NA,NA,NA,NA,NA,1007.7,14.9,15.8,NA,NA,NA
2025,10,13,16,54,240,1.5,NA,NA,NA,NA,NA,1007.8,15,15.8,NA,NA,NA
2025,10,13,17,54,170,1,NA,NA,NA,NA,NA,1007.5,14.9,15.8,NA,NA,NA
2025,10,13,19,14,120,3.6,NA,NA,NA,NA,NA,1006.5,15.1,15.8,NA,NA,NA
2025,10,13,19,54,150,4.1,NA,NA,NA,NA,NA,1006.1,15.4,15.8,NA,NA,NA
2025,10,13,20,54,160,7.2,NA,NA,NA,NA,NA,1004.8,15.4,15.7,NA,NA,NA
2025,10,13,21,54,150,6.2,NA,NA,NA,NA,NA,1003.7,15.2,15.6,NA,NA,NA
2025,10,13,22,54,150,14.9,NA,NA,NA,NA,NA,1002.6,14.6,15.5,NA,NA,NA
2025,10,13,23,54,140,8.2,NA,NA,NA,NA,NA,1002.5,14.6,15.5,NA,NA,NA
2025,10,14,0,54,140,12.4,NA,NA,NA,NA,NA,1000.8,14.4,15.4,NA,NA,NA
2025,10,14,1,54,210,5.1,NA,NA,NA,NA,NA,1002,13.8,15.3,NA,NA,NA
2025,10,14,3,14,340,0.5,NA,NA,NA,NA,NA,1002,12.9,15.2,NA,NA,NA
2025,10,14,4,4,200,3.1,NA,NA,NA,NA,NA,1002.7,13.3,15.1,NA,NA,NA
2025,10,14,5,4,200,6.7,NA,NA,NA,NA,NA,1003.2,12.8,15.2,NA,NA,NA
2025,10,14,5,54,180,2.6,NA,NA,NA,NA,NA,1003.5,13.3,15.2,NA,NA,NA
2025,10,14,6,54,190,3.6,NA,NA,NA,NA,NA,1003.9,13.4,15.2,NA,NA,NA
2025,10,14,7,54,170,2.6,NA,NA,NA,NA,NA,1004.1,13.3,15.2,NA,NA,NA
2025,10,14,8,54,240,1.5,NA,NA,NA,NA,NA,1004.5,13.6,15.2,NA,NA,NA
2025,10,14,9,54,300,1,NA,NA,NA,NA,NA,1004.7,13.4,15.1,NA,NA,NA
2025,10,14,10,54,0,0,NA,NA,NA,NA,NA,1004.8,13.4,15.1,NA,NA,NA
2025,10,14,12,14,340,2.6,NA,NA,NA,NA,NA,1005.3,12.8,15,NA,NA,NA
2025,10,14,13,4,340,2.6,NA,NA,NA,NA,NA,1005.8,12.8,15,NA,NA,NA
2025,10,14,13,54,0,0,NA,NA,NA,NA,NA,1006.4,12.9,15,NA,NA,NA
2025,10,14,15,4,30,3.1,NA,NA,NA,NA,NA,1007.2,12.5,15,NA,NA,NA
2025,10,14,16,4,40,4.6,NA,NA,NA,NA,NA,1008,12.6,15,NA,NA,NA
2025,10,14,17,4,110,3.6,NA,NA,NA,NA,NA,1008.6,12.3,15,NA,NA,NA
2025,10,14,17,54,200,2.1,NA,NA,NA,NA,NA,1009,12.9,15.1,NA,NA,NA
2025,10,14,18,54,260,2.6,NA,NA,NA,NA,NA,1009.1,13.4,15.3,NA,NA,NA
2025,10,14,19,54,260,2.6,NA,NA,NA,NA,NA,1009.5,13.4,15.4,NA,NA,NA
2025,10,14,21,14,230,4.6,NA,NA,NA,NA,NA,1009.4,14,15.4,NA,NA,NA
2025,10,14,22,4,240,6.2,NA,NA,NA,NA,NA,1010,14.1,15.5,NA,NA,NA
2025,10,14,23,4,250,3.6,NA,NA,NA,NA,NA,1010.8,14.4,15.5,NA,NA,NA
2025,10,15,0,4,250,4.6,NA,NA,NA,NA,NA,1011.2,14.6,15.4,NA,NA,NA
2025,10,15,0,54,230,3.1,NA,NA,NA,NA,NA,1011.9,14.6,15.3,NA,NA,NA
2025,10,15,2,4,230,3.1,NA,NA,NA,NA,NA,1012.7,14.5,15.2,NA,NA,NA
2025,10,15,3,4,230,2.6,NA,NA,NA,NA,NA,1013.5,14.5,15.2,NA,NA,NA
2025,10,15,4,4,240,3.1,NA,NA,NA,NA,NA,1014.1,14.5,15.1,NA,NA,NA
2025,10,15,4,54,240,2.1,NA,NA,NA,NA,NA,1014.8,14.5,15.1,NA,NA,NA
2025,10,15,5,54,210,2.6,NA,NA,NA,NA,NA,1015.2,14.4,15.1,NA,NA,NA
2025,10,15,6,54,150,3.6,NA,NA,NA,NA,NA,1015.8,14.4,15.1,NA,NA,NA
2025,10,15,7,54,150,4.1,NA,NA,NA,NA,NA,1016,13.9,15.1,NA,NA,NA
2025,10,15,8,54,150,4.6,NA,NA,NA,NA,NA,1016.1,14.2,15.1,NA,NA,NA
2025,10,15,9,54,150,3.6,NA,NA,NA,NA,NA,1016.6,14.2,15.1,NA,NA,NA
2025,10,15,10,54,130,1.5,NA,NA,NA,NA,NA,1016.5,14.3,15.1,NA,NA,NA
2025,10,15,11,54,100,2.1,NA,NA,NA,NA,NA,1016.7,14,15.1,NA,NA,NA
2025,10,15,12,54,70,3.1,NA,NA,NA,NA,NA,1017,13.7,15.1,NA,NA,NA
2025,10,15,13,54,60,2.6,NA,NA,NA,NA,NA,1017.6,13.7,15.1,NA,NA,NA
2025,10,15,15,14,60,4.6,NA,NA,NA,NA,NA,1018.2,13.5,15.1,NA,NA,NA
2025,10,15,16,4,50,6.2,NA,NA,NA,NA,NA,1018.8,13.2,15,NA,NA,NA
2025,10,15,17,4,40,5.7,NA,NA,NA,NA,NA,1019.4,13.2,15,NA,NA,NA
2025,10,15,17,54,50,4.1,NA,NA,NA,NA,NA,1019.6,13.7,15,NA,NA,NA
2025,10,15,18,54,10,3.1,NA,NA,NA,NA,NA,1019.6,14,15.1,NA,NA,NA
2025,10,15,19,54,20,2.6,NA,NA,NA,NA,NA,1019.5,14.3,15.3,NA,NA,NA
2025,10,15,20,54,350,1,NA,NA,NA,NA,NA,1019.1,14.8,15.5,NA,NA,NA
2025,10,15,21,54,0,0,NA,NA,NA,NA,NA,1019,15.5,15.6,NA,NA,NA
2025,10,15,23,14,230,2.1,NA,NA,NA,NA,NA,1019.1,15.4,15.4,NA,NA,NA
2025,10,16,0,4,250,3.6,NA,NA,NA,NA,NA,1019,15.2,15.9,NA,NA,NA
2025,10,16,1,4,270,4.6,NA,NA,NA,NA,NA,1018.9,15.1,15.9,NA,NA,NA
2025,10,16,2,4,270,5.1,NA,NA,NA,NA,NA,1019.1,14.9,15.5,NA,NA,NA
2025,10,16,3,4,280,6.2,NA,NA,NA,NA,NA,1019.3,15,15.3,NA,NA,NA
2025,10,16,4,4,280,4.6,NA,NA,NA,NA,NA,1019.6,14.9,15.2,NA,NA,NA
2025,10,16,4,54,290,2.1,NA,NA,NA,NA,NA,1019.6,15,15.2,NA,NA,NA
2025,10,16,5,54,330,1,NA,NA,NA,NA,NA,1019.8,14.8,15.2,NA,NA,NA
2025,10,16,6,54,350,2.6,NA,NA,NA,NA,NA,1019.8,14.5,15.2,NA,NA,NA
2025,10,16,7,54,360,2.6,NA,NA,NA,NA,NA,1019.7,14.1,15.3,NA,NA,NA
2025,10,16,8,54,350,1,NA,NA,NA,NA,NA,1019.6,14.4,15.2,NA,NA,NA
2025,10,16,10,14,340,4.6,NA,NA,NA,NA,NA,1019.4,13.8,15.1,NA,NA,NA
2025,10,16,11,4,320,4.1,NA,NA,NA,NA,NA,1019.2,13.8,15.1,NA,NA,NA
2025,10,16,12,4,350,2.6,NA,NA,NA,NA,NA,1019.2,13.9,15.1,NA,NA,NA
2025,10,16,13,4,40,2.1,NA,NA,NA,NA,NA,1018.9,13.3,15.1,NA,NA,NA
2025,10,16,14,4,20,2.6,NA,NA,NA,NA,NA,1019,13,15.1,NA,NA,NA
2025,10,16,15,4,40,2.6,NA,NA,NA,NA,NA,1019.3,13.4,15.1,NA,NA,NA
2025,10,16,15,54,20,2.6,NA,NA,NA,NA,NA,1019.6,13.5,15.1,NA,NA,NA
2025,10,16,17,4,30,1,NA,NA,NA,NA,NA,1019.8,13.4,15.2,NA,NA,NA
2025,10,16,18,4,60,1,NA,NA,NA,NA,NA,1019.5,14,15.4,NA,NA,NA
2025,10,16,19,4,250,1.5,NA,NA,NA,NA,NA,1019.2,14.7,15.5,NA,NA,NA
2025,10,16,20,4,240,2.6,NA,NA,NA,NA,NA,1018.4,14.4,15.8,NA,NA,NA
2025,10,16,20,54,260,4.6,NA,NA,NA,NA,NA,1017.6,14.9,15.7,NA,NA,NA
2025,10,16,22,4,260,7.2,NA,NA,NA,NA,NA,1016.8,15,15.6,NA,NA,NA
2025,10,16,23,4,260,7.7,NA,NA,NA,NA,NA,1016.2,15,15.5,NA,NA,NA
2025,10,16,23,54,270,9.3,NA,NA,NA,NA,NA,1016,15,15.4,NA,NA,NA
2025,10,17,1,4,260,9.3,NA,NA,NA,NA,NA,1015.3,14.7,15.2,NA,NA,NA
2025,10,17,2,4,260,9.3,NA,NA,NA,NA,NA,1015.4,14.6,15.2,NA,NA,NA
2025,10,17,3,4,280,7.2,NA,NA,NA,NA,NA,1015.8,14.7,15.2,NA,NA,NA
2025,10,17,4,4,280,6.7,NA,NA,NA,NA,NA,1015.9,14.9,15.1,NA,NA,NA
2025,10,17,4,54,280,3.1,NA,NA,NA,NA,NA,1015.7,15,15.1,NA,NA,NA
2025,10,17,5,54,100,2.6,NA,NA,NA,NA,NA,1015.9,14.7,15.1,NA,NA,NA
2025,10,17,6,54,350,2.1,NA,NA,NA,NA,NA,1016,14.7,15.1,NA,NA,NA
2025,10,17,7,54,330,2.6,NA,NA,NA,NA,NA,1016.6,14.3,15.1,NA,NA,NA
2025,10,17,9,14,30,2.1,NA,NA,NA,NA,NA,1016,14.2,15,NA,NA,NA
2025,10,17,10,4,360,4.1,NA,NA,NA,NA,NA,1016.1,14.2,15,NA,NA,NA
2025,10,17,11,4,60,4.6,NA,NA,NA,NA,NA,1015.6,13.5,15,NA,NA,NA
2025,10,17,11,54,50,5.7,NA,NA,NA,NA,NA,1015.7,13.5,15,NA,NA,NA
2025,10,17,13,4,20,5.1,NA,NA,NA,NA,NA,1016.2,13,14.9,NA,NA,NA
2025,10,17,14,4,30,5.7,NA,NA,NA,NA,NA,1016.4,13.3,14.9,NA,NA,NA
2025,10,17,15,4,40,5.1,NA,NA,NA,NA,NA,1016.5,13.5,14.9,NA,NA,NA
2025,10,17,16,4,20,6.2,NA,NA,NA,NA,NA,1016.7,13.7,14.9,NA,NA,NA
2025,10,17,16,54,50,7.7,NA,NA,NA,NA,NA,1016.6,14.4,14.8,NA,NA,NA
2025,10,17,18,4,40,5.1,NA,NA,NA,NA,NA,1016.7,15.4,15,NA,NA,NA
2025,10,17,19,4,310,2.6,NA,NA,NA,NA,NA,1016.6,15.6,15.1,NA,NA,NA
2025,10,17,20,4,280,6.7,NA,NA,NA,NA,NA,1016,14,15.1,NA,NA,NA
2025,10,17,20,54,280,6.2,NA,NA,NA,NA,NA,1015.6,14,15.1,NA,NA,NA
2025,10,17,21,54,260,7.2,NA,NA,NA,NA,NA,1015.2,14.9,15.1,NA,NA,NA
2025,10,17,22,54,260,5.1,NA,NA,NA,NA,NA,1014.8,15,15.1,NA,NA,NA
2025,10,18,0,14,260,5.7,NA,NA,NA,NA,NA,1014.7,15.1,15.2,NA,NA,NA
2025,10,18,0,54,260,4.6,NA,NA,NA,NA,NA,1014.6,15.3,15.2,NA,NA,NA
2025,10,18,1,54,250,2.6,NA,NA,NA,NA,NA,1014.6,15.2,15.1,NA,NA,NA
2025,10,18,3,4,250,1.5,NA,NA,NA,NA,NA,1015.1,15.3,15.1,NA,NA,NA
2025,10,18,4,4,210,1,NA,NA,NA,NA,NA,1015.4,15.2,15.1,NA,NA,NA
2025,10,18,4,54,150,1.5,NA,NA,NA,NA,NA,1015.5,15,15.1,NA,NA,NA
2025,10,18,6,4,140,1,NA,NA,NA,NA,NA,1015.5,14.9,15.1,NA,NA,NA
2025,10,18,6,54,30,0.5,NA,NA,NA,NA,NA,1015.5,14.8,15.1,NA,NA,NA
2025,10,18,7,54,40,2.6,NA,NA,NA,NA,NA,1015.6,14.6,15.1,NA,NA,NA
2025,10,18,8,54,30,2.6,NA,NA,NA,NA,NA,1015.8,14.2,15.1,NA,NA,NA
2025,10,18,9,54,30,2.6,NA,NA,NA,NA,NA,1015.8,14.2,15.1,NA,NA,NA
2025,10,18,11,4,30,4.6,NA,NA,NA,NA,NA,1015.4,14.3,15,NA,NA,NA
2025,10,18,12,4,30,5.1,NA,NA,NA,NA,NA,1015.1,14.6,15,NA,NA,NA
2025,10,18,13,4,20,4.6,NA,NA,NA,NA,NA,1015.3,15.1,14.9,NA,NA,NA
2025,10,18,14,4,10,3.6,NA,NA,NA,NA,NA,1015.7,15,14.9,NA,NA,NA
2025,10,18,15,4,360,4.6,NA,NA,NA,NA,NA,1015.9,14.8,14.8,NA,NA,NA
2025,10,18,16,4,360,4.1,NA,NA,NA,NA,NA,1016.5,15.1,14.8,NA,NA,NA
2025,10,18,17,4,60,3.6,NA,NA,NA,NA,NA,1017,15.3,14.8,NA,NA,NA
2025,10,18,18,4,360,1,NA,NA,NA,NA,NA,1017.1,15.9,15.3,NA,NA,NA
2025,10,18,19,4,310,3.1,NA,NA,NA,NA,NA,1016.9,16.1,15.3,NA,NA,NA
2025,10,18,19,54,280,2.1,NA,NA,NA,NA,NA,1016.5,16.1,15.4,NA,NA,NA
2025,10,18,20,54,260,3.1,NA,NA,NA,NA,NA,1015.9,16.2,15.7,NA,NA,NA
2025,10,18,21,54,260,3.6,NA,NA,NA,NA,NA,1015.7,16.1,15.9,NA,NA,NA
2025,10,18,22,54,230,1.5,NA,NA,NA,NA,NA,1015.9,16.2,15.9,NA,NA,NA
2025,10,18,23,54,200,3.1,NA,NA,NA,NA,NA,1015.8,16.1,16,NA,NA,NA
2025,10,19,0,54,240,3.6,NA,NA,NA,NA,NA,1016,15.6,15.7,NA,NA,NA
2025,10,19,2,14,220,3.1,NA,NA,NA,NA,NA,1016.6,14,15.5,NA,NA,NA
2025,10,19,3,4,190,3.1,NA,NA,NA,NA,NA,1017.2,13.9,15.4,NA,NA,NA
2025,10,19,4,4,160,2.1,NA,NA,NA,NA,NA,1017.9,13.5,15.4,NA,NA,NA
2025,10,19,5,4,120,2.1,NA,NA,NA,NA,NA,1018.2,13.8,15.5,NA,NA,NA
2025,10,19,5,54,160,3.6,NA,NA,NA,NA,NA,1018.3,14,15.5,NA,NA,NA
2025,10,19,6,54,150,6.2,NA,NA,NA,NA,NA,1018.1,13.9,15.5,NA,NA,NA
2025,10,19,8,4,160,4.6,NA,NA,NA,NA,NA,1017.9,13.8,15.3,NA,NA,NA
2025,10,19,9,4,250,0.5,NA,NA,NA,NA,NA,1018.5,14,15.3,NA,NA,NA
2025,10,19,9,54,0,0,NA,NA,NA,NA,NA,1017.9,13.7,15.3,NA,NA,NA
2025,10,19,10,54,90,3.1,NA,NA,NA,NA,NA,1018,13.6,15.3,NA,NA,NA
2025,10,19,11,54,140,0.5,NA,NA,NA,NA,NA,1018.1,13.5,15.4,NA,NA,NA
2025,10,19,13,4,340,1,NA,NA,NA,NA,NA,1018.4,13.3,15.5,NA,NA,NA
2025,10,19,14,4,20,2.1,NA,NA,NA,NA,NA,1018.6,13.2,15.6,NA,NA,NA
2025,10,19,15,4,10,2.6,NA,NA,NA,NA,NA,1018.7,13.1,15.6,NA,NA,NA
2025,10,19,16,4,30,2.6,NA,NA,NA,NA,NA,1019.1,12.2,15.6,NA,NA,NA
2025,10,19,17,4,340,1.5,NA,NA,NA,NA,NA,1019.6,12.5,15.6,NA,NA,NA
2025,10,19,18,4,290,3.1,NA,NA,NA,NA,NA,1019.3,13,15.7,NA,NA,NA
2025,10,19,19,4,270,5.1,NA,NA,NA,NA,NA,1019.3,13.3,15.7,NA,NA,NA
2025,10,19,19,54,250,8.2,NA,NA,NA,NA,NA,1019,13.6,15.7,NA,NA,NA
2025,10,19,20,54,250,7.7,NA,NA,NA,NA,NA,1018.4,14.3,15.6,NA,NA,NA
2025,10,19,21,54,250,5.7,NA,NA,NA,NA,NA,1018,14.6,15.8,NA,NA,NA
2025,10,19,22,54,240,4.6,NA,NA,NA,NA,NA,1018,15.1,15.9,NA,NA,NA
2025,10,19,23,54,200,3.6,NA,NA,NA,NA,NA,1018,15.3,15.8,NA,NA,NA
2025,10,20,0,54,250,5.1,NA,NA,NA,NA,NA,1018,14.7,15.8,NA,NA,NA
2025,10,20,1,54,240,4.6,NA,NA,NA,NA,NA,1017.8,14.7,15.7,NA,NA,NA
2025,10,20,2,54,230,2.6,NA,NA,NA,NA,NA,1017.7,14.8,15.6,NA,NA,NA
2025,10,20,4,14,240,4.1,NA,NA,NA,NA,NA,1017.5,14.9,15.6,NA,NA,NA
2025,10,20,5,4,340,5.1,NA,NA,NA,NA,NA,1017.8,14.7,15.5,NA,NA,NA
2025,10,20,5,54,360,3.6,NA,NA,NA,NA,NA,1018,14.6,15.5,NA,NA,NA
2025,10,20,7,4,10,1.5,NA,NA,NA,NA,NA,1018.1,13.9,15.5,NA,NA,NA
2025,10,20,7,54,0,0,NA,NA,NA,NA,NA,1018.1,13.8,15.5,NA,NA,NA
2025,10,20,9,4,330,1,NA,NA,NA,NA,NA,1018,14,15.6,NA,NA,NA
2025,10,20,9,54,350,2.1,NA,NA,NA,NA,NA,1017.7,13.5,15.6,NA,NA,NA
2025,10,20,11,4,20,2.6,NA,NA,NA,NA,NA,1017.4,12.8,15.6,NA,NA,NA
2025,10,20,11,54,10,2.6,NA,NA,NA,NA,NA,1017.3,12.4,15.5,NA,NA,NA
2025,10,20,13,4,10,1.5,NA,NA,NA,NA,NA,1017.4,11.6,15.5,NA,NA,NA
2025,10,20,14,4,20,3.1,NA,NA,NA,NA,NA,1017.7,12,15.4,NA,NA,NA
2025,10,20,15,4,30,4.6,NA,NA,NA,NA,NA,1017.7,14,15.4,NA,NA,NA
2025,10,20,16,4,70,4.1,NA,NA,NA,NA,NA,1018.5,13.6,15.7,NA,NA,NA
2025,10,20,17,4,100,2.6,NA,NA,NA,NA,NA,1019.1,13.5,15.7,NA,NA,NA
2025,10,20,18,4,150,2.1,NA,NA,NA,NA,NA,1018.9,14.2,15.9,NA,NA,NA
2025,10,20,19,14,160,5.1,NA,NA,NA,NA,NA,1018.7,14,16,NA,NA,NA
2025,10,20,20,4,180,4.6,NA,NA,NA,NA,NA,1018.3,14.5,16.1,NA,NA,NA
2025,10,20,20,54,180,4.6,NA,NA,NA,NA,NA,1017.9,14.8,16.4,NA,NA,NA
2025,10,20,21,54,190,4.6,NA,NA,NA,NA,NA,1017.6,15.1,16.4,NA,NA,NA
2025,10,20,23,4,190,4.6,NA,NA,NA,NA,NA,1017.4,15.6,16.8,NA,NA,NA
2025,10,21,0,4,200,5.1,NA,NA,NA,NA,NA,1017.4,15.8,16.9,NA,NA,NA
2025,10,21,1,4,200,4.6,NA,NA,NA,NA,NA,1017.2,15.4,16.9,NA,NA,NA
2025,10,21,1,54,180,1,NA,NA,NA,NA,NA,1017.3,15.3,16.8,NA,NA,NA
2025,10,21,2,54,150,2.1,NA,NA,NA,NA,NA,1017.8,14,16.7,NA,NA,NA
2025,10,21,3,54,140,3.1,NA,NA,NA,NA,NA,1018,13.7,16.7,NA,NA,NA
2025,10,21,5,4,160,2.1,NA,NA,NA,NA,NA,1018.2,14.2,16.2,NA,NA,NA
2025,10,21,6,4,160,2.1,NA,NA,NA,NA,NA,1018.4,14.7,15.8,NA,NA,NA
2025,10,21,6,54,170,3.6,NA,NA,NA,NA,NA,1018.4,14.3,15.8,NA,NA,NA
2025,10,21,7,54,160,4.1,NA,NA,NA,NA,NA,1018.3,14,15.7,NA,NA,NA
2025,10,21,9,4,160,3.1,NA,NA,NA,NA,NA,1018.6,13.5,16.3,NA,NA,NA
2025,10,21,9,54,160,5.7,NA,NA,NA,NA,NA,1018.4,13.2,16.4,NA,NA,NA
2025,10,21,11,4,110,1,NA,NA,NA,NA,NA,1018.2,13.1,16.5,NA,NA,NA
2025,10,21,12,4,0,0,NA,NA,NA,NA,NA,1017.8,12.9,16.5,NA,NA,NA
2025,10,21,13,4,90,1.5,NA,NA,NA,NA,NA,1018,13,16.5,NA,NA,NA
2025,10,21,13,54,80,1.5,NA,NA,NA,NA,NA,1017.9,13,16.5,NA,NA,NA
2025,10,21,15,4,150,1,NA,NA,NA,NA,NA,1018,13.5,16.5,NA,NA,NA
2025,10,21,16,4,150,3.6,NA,NA,NA,NA,NA,1018.6,13.3,16.5,NA,NA,NA
2025,10,21,17,4,160,4.1,NA,NA,NA,NA,NA,1018.9,13,16.4,NA,NA,NA
2025,10,21,17,54,160,3.1,NA,NA,NA,NA,NA,1019,13.1,16.4,NA,NA,NA
2025,10,21,19,4,180,3.1,NA,NA,NA,NA,NA,1018.8,13.5,16.4,NA,NA,NA
2025,10,21,19,54,180,5.1,NA,NA,NA,NA,NA,1018,13.8,16.6,NA,NA,NA
2025,10,21,20,54,180,5.1,NA,NA,NA,NA,NA,1017.5,14.3,16.4,NA,NA,NA
2025,10,21,21,54,190,4.6,NA,NA,NA,NA,NA,1017,14.4,16.1,NA,NA,NA
2025,10,21,22,54,190,4.6,NA,NA,NA,NA,NA,1016.6,14.5,16,NA,NA,NA
2025,10,21,23,54,180,4.1,NA,NA,NA,NA,NA,1016.4,14.7,16.3,NA,NA,NA
2025,10,22,1,4,200,3.6,NA,NA,NA,NA,NA,1015.9,15,16.5,NA,NA,NA
2025,10,22,2,14,180,5.1,NA,NA,NA,NA,NA,1016.3,15.1,16.5,NA,NA,NA
2025,10,22,2,54,180,4.6,NA,NA,NA,NA,NA,1016.8,15.4,16.5,NA,NA,NA
2025,10,22,3,54,160,4.1,NA,NA,NA,NA,NA,1017.1,14.9,16.5,NA,NA,NA
2025,10,22,4,54,160,4.6,NA,NA,NA,NA,NA,1017.5,15.2,16.5,NA,NA,NA
2025,10,22,5,54,150,3.6,NA,NA,NA,NA,NA,1017.3,15.6,16.5,NA,NA,NA
2025,10,22,6,54,160,3.1,NA,NA,NA,NA,NA,1017.3,15.6,16.5,NA,NA,NA
2025,10,22,7,54,140,2.6,NA,NA,NA,NA,NA,1017.4,15.8,16.4,NA,NA,NA
2025,10,22,9,14,230,1,NA,NA,NA,NA,NA,1017.2,16.1,16.4,NA,NA,NA
2025,10,22,10,4,170,2.1,NA,NA,NA,NA,NA,1017.1,16,16.4,NA,NA,NA
2025,10,22,11,4,130,12.9,NA,NA,NA,NA,NA,1016.8,15.8,16.4,NA,NA,NA
2025,10,22,12,4,130,5.1,NA,NA,NA,NA,NA,1017.8,16,16.4,NA,NA,NA
2025,10,22,13,4,210,3.1,NA,NA,NA,NA,NA,1017.3,15.9,16.4,NA,NA,NA
2025,10,22,14,4,160,6.7,NA,NA,NA,NA,NA,1018,15.9,16.4,NA,NA,NA
2025,10,22,15,4,150,3.1,NA,NA,NA,NA,NA,1018.9,15.6,16.4,NA,NA,NA
2025,10,22,16,4,180,3.6,NA,NA,NA,NA,NA,1018.9,15.7,16.4,NA,NA,NA
2025,10,22,16,54,190,3.6,NA,NA,NA,NA,NA,1019.4,15.9,16.4,NA,NA,NA
2025,10,22,17,54,170,4.1,NA,NA,NA,NA,NA,1019.5,16,16.4,NA,NA,NA
2025,10,22,19,4,180,3.6,NA,NA,NA,NA,NA,1020,16.2,16.5,NA,NA,NA
2025,10,22,20,4,180,2.6,NA,NA,NA,NA,NA,1020.1,16.4,16.6,NA,NA,NA
2025,10,22,21,4,170,3.6,NA,NA,NA,NA,NA,1019.7,16.2,16.6,NA,NA,NA
2025,10,22,22,4,230,2.1,NA,NA,NA,NA,NA,1019.8,16.6,16.7,NA,NA,NA
2025,10,22,23,4,240,3.6,NA,NA,NA,NA,NA,1019.4,16.6,16.8,NA,NA,NA
2025,10,23,0,4,260,3.6,NA,NA,NA,NA,NA,1018.7,16.5,16.8,NA,NA,NA
2025,10,23,1,4,260,4.6,NA,NA,NA,NA,NA,1019.1,16.4,16.6,NA,NA,NA
2025,10,23,2,4,260,7.7,NA,NA,NA,NA,NA,1019.2,16.3,16.6,NA,NA,NA
2025,10,23,3,4,260,10.3,NA,NA,NA,NA,NA,1019.8,16.1,16.5,NA,NA,NA
2025,10,23,4,4,300,3.1,NA,NA,NA,NA,NA,1019.5,16,16.4,NA,NA,NA
2025,10,23,5,4,270,1.5,NA,NA,NA,NA,NA,1019.8,16,16.3,NA,NA,NA
2025,10,23,6,4,270,6.2,NA,NA,NA,NA,NA,1020.2,16,16.3,NA,NA,NA
2025,10,23,6,54,270,4.6,NA,NA,NA,NA,NA,1020.4,15.6,16.2,NA,NA,NA
2025,10,23,7,54,280,5.1,NA,NA,NA,NA,NA,1020.5,15.4,16,NA,NA,NA
2025,10,23,8,54,280,4.6,NA,NA,NA,NA,NA,1020.5,15.8,16,NA,NA,NA
2025,10,23,9,54,290,4.6,NA,NA,NA,NA,NA,1020.4,15.7,16,NA,NA,NA
2025,10,23,11,4,310,3.1,NA,NA,NA,NA,NA,1020.2,15.2,15.9,NA,NA,NA
2025,10,23,12,4,300,3.6,NA,NA,NA,NA,NA,1020.1,14.6,15.9,NA,NA,NA
2025,10,23,13,4,340,2.6,NA,NA,NA,NA,NA,1020.3,14.3,16,NA,NA,NA
2025,10,23,13,54,320,2.1,NA,NA,NA,NA,NA,1020.6,14.1,16,NA,NA,NA
2025,10,23,14,54,340,2.6,NA,NA,NA,NA,NA,1020.9,14,16,NA,NA,NA
2025,10,23,16,4,10,3.6,NA,NA,NA,NA,NA,1021.2,14.2,16,NA,NA,NA
2025,10,23,17,4,20,2.6,NA,NA,NA,NA,NA,1021.5,13.9,16,NA,NA,NA
2025,10,23,18,4,310,2.6,NA,NA,NA,NA,NA,1021.6,14.4,16.2,NA,NA,NA
2025,10,23,19,4,270,5.1,NA,NA,NA,NA,NA,1021.6,14.8,16.2,NA,NA,NA
2025,10,23,20,4,270,7.7,NA,NA,NA,NA,NA,1020.9,15.3,16.2,NA,NA,NA
2025,10,23,21,4,260,7.7,NA,NA,NA,NA,NA,1020.6,15.4,16.2,NA,NA,NA
2025,10,23,22,4,260,7.7,NA,NA,NA,NA,NA,1019.9,15.4,16.2,NA,NA,NA
2025,10,23,22,54,270,8.8,NA,NA,NA,NA,NA,1019.5,15.4,16.2,NA,NA,NA
2025,10,24,0,4,260,9.8,NA,NA,NA,NA,NA,1019.2,15.4,16.1,NA,NA,NA
2025,10,24,1,4,260,7.7,NA,NA,NA,NA,NA,1018.9,15.1,16.1,NA,NA,NA
2025,10,24,2,4,270,8.2,NA,NA,NA,NA,NA,1019.1,15,16,NA,NA,NA
2025,10,24,3,4,270,9.8,NA,NA,NA,NA,NA,1019.3,15,15.9,NA,NA,NA
2025,10,24,4,4,270,8.2,NA,NA,NA,NA,NA,1019.3,14.9,15.8,NA,NA,NA
2025,10,24,5,4,270,7.2,NA,NA,NA,NA,NA,1019.5,15,15.8,NA,NA,NA
2025,10,24,5,54,290,5.7,NA,NA,NA,NA,NA,1019.6,14.6,15.8,NA,NA,NA
2025,10,24,7,4,290,4.6,NA,NA,NA,NA,NA,1019.5,14.2,15.8,NA,NA,NA
2025,10,24,8,4,280,4.6,NA,NA,NA,NA,NA,1019.4,14.2,15.9,NA,NA,NA
2025,10,24,8,54,290,2.6,NA,NA,NA,NA,NA,1019.3,14.3,15.8,NA,NA,NA
2025,10,24,9,54,10,4.1,NA,NA,NA,NA,NA,1019.2,14.3,15.8,NA,NA,NA
2025,10,24,11,4,350,2.6,NA,NA,NA,NA,NA,1018.9,13.2,15.7,NA,NA,NA
2025,10,24,12,4,340,1,NA,NA,NA,NA,NA,1019.2,12.9,15.7,NA,NA,NA
2025,10,24,12,54,40,2.6,NA,NA,NA,NA,NA,1019.4,12.8,15.6,NA,NA,NA
2025,10,24,14,4,40,3.6,NA,NA,NA,NA,NA,1019.4,12.6,15.6,NA,NA,NA
2025,10,24,15,4,360,2.1,NA,NA,NA,NA,NA,1019.7,12.4,15.6,NA,NA,NA
2025,10,24,15,54,320,3.6,NA,NA,NA,NA,NA,1019.9,12.3,15.6,NA,NA,NA
2025,10,24,16,54,350,1.5,NA,NA,NA,NA,NA,1020.3,12.1,15.6,NA,NA,NA
2025,10,24,17,54,310,1.5,NA,NA,NA,NA,NA,1020.4,12.2,15.6,NA,NA,NA
2025,10,24,18,54,340,1.5,NA,NA,NA,NA,NA,1020.5,12.1,15.7,NA,NA,NA
2025,10,24,19,54,260,2.6,NA,NA,NA,NA,NA,1019.8,13.2,15.8,NA,NA,NA
2025,10,24,21,4,260,5.7,NA,NA,NA,NA,NA,1018.7,14,15.8,NA,NA,NA
2025,10,24,22,4,250,5.7,NA,NA,NA,NA,NA,1017.9,14.9,15.8,NA,NA,NA
2025,10,24,22,54,250,5.7,NA,NA,NA,NA,NA,1017.6,15.1,15.8,NA,NA,NA
2025,10,25,0,4,250,7.7,NA,NA,NA,NA,NA,1017.8,14.4,15.8,NA,NA,NA
2025,10,25,0,54,260,11.3,NA,NA,NA,NA,NA,1017.4,14.2,15.7,NA,NA,NA
2025,10,25,1,54,260,8.2,NA,NA,NA,NA,NA,1016.9,14.5,15.6,NA,NA,NA
2025,10,25,2,54,270,5.1,NA,NA,NA,NA,NA,1016.8,15.5,15.5,NA,NA,NA
2025,10,25,3,54,250,3.6,NA,NA,NA,NA,NA,1017.1,15,15.6,NA,NA,NA
2025,10,25,4,54,300,6.7,NA,NA,NA,NA,NA,1017.4,15,15.6,NA,NA,NA
2025,10,25,5,54,350,4.1,NA,NA,NA,NA,NA,1017.5,14,15.7,NA,NA,NA
2025,10,25,6,54,350,2.1,NA,NA,NA,NA,NA,1017.7,14.1,15.7,NA,NA,NA
2025,10,25,7,54,0,0,NA,NA,NA,NA,NA,1017.7,14,15.7,NA,NA,NA
2025,10,25,8,54,280,1,NA,NA,NA,NA,NA,1017.6,14,15.6,NA,NA,NA
2025,10,25,9,54,30,1.5,NA,NA,NA,NA,NA,1017.4,13.8,15.6,NA,NA,NA
2025,10,25,10,54,0,0,NA,NA,NA,NA,NA,1017.6,13.9,15.6,NA,NA,NA
2025,10,25,11,54,280,0.5,NA,NA,NA,NA,NA,1017.6,14,15.5,NA,NA,NA
2025,10,25,12,54,70,3.1,NA,NA,NA,NA,NA,1017.4,13.9,15.5,NA,NA,NA
2025,10,25,14,14,60,3.6,NA,NA,NA,NA,NA,1017.8,13.7,15.5,NA,NA,NA
2025,10,25,15,4,70,3.1,NA,NA,NA,NA,NA,1018.5,13.8,15.5,NA,NA,NA
2025,10,25,16,4,60,3.6,NA,NA,NA,NA,NA,1018.3,13.7,15.5,NA,NA,NA
2025,10,25,16,54,40,3.6,NA,NA,NA,NA,NA,1018.7,13.2,15.5,NA,NA,NA
2025,10,25,18,4,40,3.1,NA,NA,NA,NA,NA,1019.2,13.6,15.6,NA,NA,NA
2025,10,25,19,4,20,3.6,NA,NA,NA,NA,NA,1019.4,14.1,15.6,NA,NA,NA
2025,10,25,20,4,30,3.1,NA,NA,NA,NA,NA,1018.9,14.7,15.6,NA,NA,NA
2025,10,25,21,4,80,1.5,NA,NA,NA,NA,NA,1018.9,14.8,15.7,NA,NA,NA
2025,10,25,22,4,280,2.1,NA,NA,NA,NA,NA,1019.2,14.8,15.7,NA,NA,NA
2025,10,25,23,4,190,1.5,NA,NA,NA,NA,NA,1018.9,15.2,15.9,NA,NA,NA
2025,10,26,0,4,150,1,NA,NA,NA,NA,NA,1019,15.5,16,NA,NA,NA
2025,10,26,1,4,260,1,NA,NA,NA,NA,NA,1018.8,15.2,15.9,NA,NA,NA
2025,10,26,2,4,330,2.1,NA,NA,NA,NA,NA,1018.7,14.4,15.8,NA,NA,NA
2025,10,26,2,54,30,2.6,NA,NA,NA,NA,NA,1018.8,14.4,15.9,NA,NA,NA
2025,10,26,3,54,320,2.1,NA,NA,NA,NA,NA,1018.9,14.3,15.9,NA,NA,NA
2025,10,26,5,4,330,2.1,NA,NA,NA,NA,NA,1019.4,13.9,15.8,NA,NA,NA
2025,10,26,6,4,0,0,NA,NA,NA,NA,NA,1019.2,13.8,15.7,NA,NA,NA
2025,10,26,7,4,320,2.1,NA,NA,NA,NA,NA,1019.4,13.8,15.6,NA,NA,NA
2025,10,26,7,54,10,2.6,NA,NA,NA,NA,NA,1019.1,13.4,15.6,NA,NA,NA
2025,10,26,8,54,330,1,NA,NA,NA,NA,NA,1018.9,13.6,15.7,NA,NA,NA
2025,10,26,10,4,50,3.1,NA,NA,NA,NA,NA,1018.6,13.6,15.6,NA,NA,NA
2025,10,26,10,54,60,2.6,NA,NA,NA,NA,NA,1017.9,13.5,15.6,NA,NA,NA
2025,10,26,11,54,360,2.6,NA,NA,NA,NA,NA,1018,13.5,15.6,NA,NA,NA
2025,10,26,12,54,10,2.6,NA,NA,NA,NA,NA,1018.5,13.5,15.6,NA,NA,NA
2025,10,26,13,54,60,3.6,NA,NA,NA,NA,NA,1018.1,13.1,15.6,NA,NA,NA
2025,10,26,14,54,50,2.1,NA,NA,NA,NA,NA,1018.3,12.9,15.6,NA,NA,NA
2025,10,26,15,54,350,1.5,NA,NA,NA,NA,NA,1019.2,12.6,15.6,NA,NA,NA
2025,10,26,17,14,30,3.1,NA,NA,NA,NA,NA,1020.1,12.7,15.6,NA,NA,NA
2025,10,26,18,4,40,1.5,NA,NA,NA,NA,NA,1020.1,12.6,15.6,NA,NA,NA
2025,10,26,19,4,70,1.5,NA,NA,NA,NA,NA,1019.9,13,15.7,NA,NA,NA
2025,10,26,19,54,110,1,NA,NA,NA,NA,NA,1019.8,13.9,15.8,NA,NA,NA
2025,10,26,21,4,170,2.6,NA,NA,NA,NA,NA,1019.3,14.4,15.9,NA,NA,NA
2025,10,26,22,4,160,3.6,NA,NA,NA,NA,NA,1018.7,15.6,15.8,NA,NA,NA
2025,10,26,23,4,160,5.1,NA,NA,NA,NA,NA,1018.5,15.7,15.8,NA,NA,NA
2025,10,26,23,54,160,5.7,NA,NA,NA,NA,NA,1018.2,15.9,15.6,NA,NA,NA
2025,10,27,0,54,280,2.1,NA,NA,NA,NA,NA,1018.8,15.2,15.5,NA,NA,NA
2025,10,27,2,4,280,7.2,NA,NA,NA,NA,NA,1019.3,15.9,15.5,NA,NA,NA
2025,10,27,2,54,280,7.7,NA,NA,NA,NA,NA,1019.8,15.7,15.5,NA,NA,NA
2025,10,27,3,54,290,5.7,NA,NA,NA,NA,NA,1020.2,15.6,15.6,NA,NA,NA
2025,10,27,4,54,310,3.6,NA,NA,NA,NA,NA,1020.6,15.3,15.5,NA,NA,NA
2025,10,27,5,54,270,6.7,NA,NA,NA,NA,NA,1020.7,15,15.3,NA,NA,NA
2025,10,27,6,54,280,4.1,NA,NA,NA,NA,NA,1020.8,14.8,15.3,NA,NA,NA
2025,10,27,7,54,270,4.6,NA,NA,NA,NA,NA,1020.8,14.9,15.3,NA,NA,NA
2025,10,27,9,4,270,7.2,NA,NA,NA,NA,NA,1020.8,14.8,15.4,NA,NA,NA
2025,10,27,10,4,270,8.2,NA,NA,NA,NA,NA,1020.9,14.7,15.5,NA,NA,NA
2025,10,27,10,54,280,7.2,NA,NA,NA,NA,NA,1020.7,14.6,15.5,NA,NA,NA
2025,10,27,11,54,280,6.7,NA,NA,NA,NA,NA,1020.5,14.4,15.5,NA,NA,NA
2025,10,27,12,54,280,6.7,NA,NA,NA,NA,NA,1020.9,14.2,15.5,NA,NA,NA
2025,10,27,13,54,280,5.7,NA,NA,NA,NA,NA,1021.5,14,15.5,NA,NA,NA
2025,10,27,14,54,330,5.7,NA,NA,NA,NA,NA,1021.3,13.3,15.6,NA,NA,NA
2025,10,27,15,54,10,4.6,NA,NA,NA,NA,NA,1021.8,13.2,15.6,NA,NA,NA
2025,10,27,17,4,350,2.6,NA,NA,NA,NA,NA,1022.4,13.3,15.7,NA,NA,NA
2025,10,27,18,4,30,6.2,NA,NA,NA,NA,NA,1021.7,13.8,15.9,NA,NA,NA
2025,10,27,19,4,30,2.6,NA,NA,NA,NA,NA,1021.8,14.2,16,NA,NA,NA
2025,10,27,20,4,300,1.5,NA,NA,NA,NA,NA,1021.4,14.4,16.1,NA,NA,NA
2025,10,27,21,4,270,2.6,NA,NA,NA,NA,NA,1020.6,14.8,16.2,NA,NA,NA
2025,10,27,21,54,260,6.2,NA,NA,NA,NA,NA,1020.1,15.1,16.1,NA,NA,NA
2025,10,27,22,54,270,9.3,NA,NA,NA,NA,NA,1019.5,15.1,15.9,NA,NA,NA
2025,10,27,23,54,260,7.2,NA,NA,NA,NA,NA,1019.4,15.2,15.7,NA,NA,NA
2025,10,28,0,54,260,10.3,NA,NA,NA,NA,NA,1019.2,15.2,15.7,NA,NA,NA
2025,10,28,2,4,270,9.8,NA,NA,NA,NA,NA,1019.6,15.4,15.8,NA,NA,NA
2025,10,28,3,4,280,6.7,NA,NA,NA,NA,NA,1019.8,15.5,15.9,NA,NA,NA
2025,10,28,3,54,290,5.7,NA,NA,NA,NA,NA,1020,15.4,15.9,NA,NA,NA
2025,10,28,5,4,290,2.6,NA,NA,NA,NA,NA,1020.1,15.5,16,NA,NA,NA
2025,10,28,6,4,290,3.6,NA,NA,NA,NA,NA,1020.2,15.6,16,NA,NA,NA
2025,10,28,7,4,310,3.1,NA,NA,NA,NA,NA,1020.1,15.4,16,NA,NA,NA
2025,10,28,7,54,340,5.1,NA,NA,NA,NA,NA,1019.7,16.2,16.1,NA,NA,NA
2025,10,28,9,4,350,4.1,NA,NA,NA,NA,NA,1019.1,15.2,16.1,NA,NA,NA
2025,10,28,10,4,340,5.1,NA,NA,NA,NA,NA,1018.8,15.4,16.1,NA,NA,NA
2025,10,28,11,4,320,4.6,NA,NA,NA,NA,NA,1019.2,15.1,16.1,NA,NA,NA
2025,10,28,12,4,310,3.6,NA,NA,NA,NA,NA,1019.3,14.7,16.1,NA,NA,NA
2025,10,28,12,54,340,2.6,NA,NA,NA,NA,NA,1019.4,15.1,16.1,NA,NA,NA
2025,10,28,14,4,40,4.6,NA,NA,NA,NA,NA,1019.7,14.3,16,NA,NA,NA
2025,10,28,15,4,60,5.1,NA,NA,NA,NA,NA,1019.7,14,16,NA,NA,NA
2025,10,28,15,54,40,8.2,NA,NA,NA,NA,NA,1020.2,14.3,16,NA,NA,NA
2025,10,28,17,4,350,4.1,NA,NA,NA,NA,NA,1020.5,14.8,16.1,NA,NA,NA
2025,10,28,18,4,340,6.2,NA,NA,NA,NA,NA,1020.2,16.2,16.1,NA,NA,NA
2025,10,28,18,54,340,5.1,NA,NA,NA,NA,NA,1019.8,17.1,16.1,NA,NA,NA
2025,10,28,19,54,280,4.6,NA,NA,NA,NA,NA,1019.4,16.3,16.3,NA,NA,NA
2025,10,28,20,54,270,5.1,NA,NA,NA,NA,NA,1018.7,16.3,16.4,NA,NA,NA
2025,10,28,21,54,270,6.7,NA,NA,NA,NA,NA,1018,16,16.4,NA,NA,NA
2025,10,28,23,4,270,6.7,NA,NA,NA,NA,NA,1017.6,16.1,16.3,NA,NA,NA
2025,10,28,23,54,260,6.2,NA,NA,NA,NA,NA,1017.7,16.2,16.3,NA,NA,NA
2025,10,29,1,4,260,5.1,NA,NA,NA,NA,NA,1017.7,16.5,16.2,NA,NA,NA
2025,10,29,2,4,270,4.6,NA,NA,NA,NA,NA,1017.8,16.4,16.2,NA,NA,NA
2025,10,29,3,4,270,5.1,NA,NA,NA,NA,NA,1018.9,16.6,16.2,NA,NA,NA
2025,10,29,4,4,270,4.6,NA,NA,NA,NA,NA,1019.3,16.3,16.2,NA,NA,NA
2025,10,29,5,4,270,5.7,NA,NA,NA,NA,NA,1019.9,15.8,16.1,NA,NA,NA
2025,10,29,6,4,270,5.1,NA,NA,NA,NA,NA,1020.1,15.5,16.1,NA,NA,NA
2025,10,29,7,4,270,3.6,NA,NA,NA,NA,NA,1020.3,15.7,16.1,NA,NA,NA
2025,10,29,8,4,280,3.1,NA,NA,NA,NA,NA,1020.3,15.7,16.1,NA,NA,NA
2025,10,29,9,4,310,1.5,NA,NA,NA,NA,NA,1020.1,15.7,16,NA,NA,NA
2025,10,29,10,4,20,2.1,NA,NA,NA,NA,NA,1019.8,15.6,16,NA,NA,NA
2025,10,29,11,4,20,3.6,NA,NA,NA,NA,NA,1019.5,16,15.9,NA,NA,NA
2025,10,29,12,4,310,4.6,NA,NA,NA,NA,NA,1019.4,15.8,15.9,NA,NA,NA
2025,10,29,13,4,10,4.1,NA,NA,NA,NA,NA,1019.3,15.7,15.9,NA,NA,NA
2025,10,29,13,54,350,3.1,NA,NA,NA,NA,NA,1019.3,15.4,16,NA,NA,NA
2025,10,29,15,4,340,3.1,NA,NA,NA,NA,NA,1019.5,15.6,16,NA,NA,NA
2025,10,29,16,4,40,4.1,NA,NA,NA,NA,NA,1019.8,15.5,16,NA,NA,NA
2025,10,29,16,54,10,4.6,NA,NA,NA,NA,NA,1019.9,16,16,NA,NA,NA
2025,10,29,18,4,280,5.1,NA,NA,NA,NA,NA,1019.9,15.9,16.1,NA,NA,NA
2025,10,29,19,4,270,3.6,NA,NA,NA,NA,NA,1019.5,16.4,16.1,NA,NA,NA
2025,10,29,20,4,250,3.6,NA,NA,NA,NA,NA,1018.7,16.6,16.3,NA,NA,NA
2025,10,29,21,4,260,5.7,NA,NA,NA,NA,NA,1017.6,16.4,16.3,NA,NA,NA
2025,10,29,22,4,260,6.2,NA,NA,NA,NA,NA,1016.7,16.7,16.3,NA,NA,NA
2025,10,29,23,4,260,5.7,NA,NA,NA,NA,NA,1016.4,16.9,16.4,NA,NA,NA
2025,10,30,0,4,260,8.2,NA,NA,NA,NA,NA,1016.2,16.6,16.3,NA,NA,NA
2025,10,30,1,4,260,7.2,NA,NA,NA,NA,NA,1016.1,16.7,16.3,NA,NA,NA
2025,10,30,2,4,270,7.2,NA,NA,NA,NA,NA,1016,16.4,16.3,NA,NA,NA
2025,10,30,3,4,270,8.8,NA,NA,NA,NA,NA,1016.5,15.7,16.2,NA,NA,NA
2025,10,30,4,4,270,8.2,NA,NA,NA,NA,NA,1016.9,15.4,16.2,NA,NA,NA
2025,10,30,5,4,270,8.8,NA,NA,NA,NA,NA,1017.4,15.1,16.1,NA,NA,NA
2025,10,30,5,54,270,7.2,NA,NA,NA,NA,NA,1017.5,15,16.1,NA,NA,NA
2025,10,30,7,4,270,6.7,NA,NA,NA,NA,NA,1017.4,14.8,16.1,NA,NA,NA
2025,10,30,8,4,270,6.7,NA,NA,NA,NA,NA,1017.3,14.7,16,NA,NA,NA
2025,10,30,8,54,280,7.2,NA,NA,NA,NA,NA,1017.3,14.5,16,NA,NA,NA
2025,10,30,10,4,270,9.3,NA,NA,NA,NA,NA,1017.3,13.8,15.9,NA,NA,NA
2025,10,30,10,54,270,7.7,NA,NA,NA,NA,NA,1016.9,13.7,15.9,NA,NA,NA
2025,10,30,12,4,270,7.7,NA,NA,NA,NA,NA,1016.9,13.4,15.9,NA,NA,NA
2025,10,30,12,54,280,7.7,NA,NA,NA,NA,NA,1016.8,13.3,15.8,NA,NA,NA
2025,10,30,13,54,280,8.2,NA,NA,NA,NA,NA,1017.5,13.1,15.8,NA,NA,NA
2025,10,30,14,54,280,8.2,NA,NA,NA,NA,NA,1017.5,13.1,15.7,NA,NA,NA
2025,10,30,15,54,280,7.7,NA,NA,NA,NA,NA,1018,13,15.6,NA,NA,NA
2025,10,30,16,54,290,9.8,NA,NA,NA,NA,NA,1018.3,13.1,15.7,NA,NA,NA
2025,10,30,18,4,270,8.2,NA,NA,NA,NA,NA,1017.9,13.2,15.5,NA,NA,NA
2025,10,30,18,54,270,7.2,NA,NA,NA,NA,NA,1017.9,13.4,15.3,NA,NA,NA
2025,10,30,19,54,260,7.7,NA,NA,NA,NA,NA,1017.3,13.5,15.1,NA,NA,NA
2025,10,30,21,4,260,8.8,NA,NA,NA,NA,NA,1016.7,13.5,14.9,NA,NA,NA
2025,10,30,21,54,260,10.8,NA,NA,NA,NA,NA,1016.2,13.7,14.7,NA,NA,NA
2025,10,30,23,4,260,12.4,NA,NA,NA,NA,NA,1015.9,13.5,14.5,NA,NA,NA
2025,10,30,23,54,260,10.3,NA,NA,NA,NA,NA,1015.6,13.4,14.2,NA,NA,NA
2025,10,31,0,54,270,12.4,NA,NA,NA,NA,NA,1015.3,13.3,14.1,NA,NA,NA
2025,10,31,2,4,270,10.3,NA,NA,NA,NA,NA,1015.5,13.4,13.8,NA,NA,NA
2025,10,31,3,4,270,10.8,NA,NA,NA,NA,NA,1016.3,13.6,13.8,NA,NA,NA
2025,10,31,3,54,270,8.8,NA,NA,NA,NA,NA,1016.9,13.5,13.9,NA,NA,NA
2025,10,31,4,54,270,8.8,NA,NA,NA,NA,NA,1017.2,13.4,13.9,NA,NA,NA
2025,10,31,6,4,270,7.7,NA,NA,NA,NA,NA,1017.2,13.4,13.8,NA,NA,NA
2025,10,31,7,4,280,6.7,NA,NA,NA,NA,NA,1017.1,13.5,13.8,NA,NA,NA
2025,10,31,8,4,290,5.1,NA,NA,NA,NA,NA,1017,13.4,13.8,NA,NA,NA
2025,10,31,9,4,280,3.6,NA,NA,NA,NA,NA,1017.2,13.4,13.8,NA,NA,NA
2025,10,31,10,4,280,4.6,NA,NA,NA,NA,NA,1017.2,13.4,13.8,NA,NA,NA
2025,10,31,10,54,310,1.5,NA,NA,NA,NA,NA,1016.9,13.4,13.7,NA,NA,NA
2025,10,31,11,54,290,2.1,NA,NA,NA,NA,NA,1016.7,13.2,13.7,NA,NA,NA
2025,10,31,13,4,270,3.6,NA,NA,NA,NA,NA,1016.9,12.9,13.7,NA,NA,NA
2025,10,31,14,4,270,3.1,NA,NA,NA,NA,NA,1017.1,12.9,13.7,NA,NA,NA
2025,10,31,15,4,290,1,NA,NA,NA,NA,NA,1017.6,12.9,13.7,NA,NA,NA
2025,10,31,15,54,280,3.1,NA,NA,NA,NA,NA,1018,12.7,13.6,NA,NA,NA
2025,10,31,16,54,300,2.6,NA,NA,NA,NA,NA,1018.4,12.8,13.6,NA,NA,NA
2025,11,1,4,24,280,4.6,NA,NA,NA,NA,NA,1017.5,13.7,14,NA,NA,NA
2025,11,1,5,4,270,3.1,NA,NA,NA,NA,NA,1017.8,13.5,14.1,NA,NA,NA
2025,11,1,5,54,270,4.1,NA,NA,NA,NA,NA,1018.3,13.4,14.1,NA,NA,NA
2025,11,1,7,4,280,3.1,NA,NA,NA,NA,NA,1018.4,13.4,14,NA,NA,NA
2025,11,1,8,4,280,3.1,NA,NA,NA,NA,NA,1018.4,13.3,14,NA,NA,NA
2025,11,1,9,4,280,4.1,NA,NA,NA,NA,NA,1018.4,13.3,14,NA,NA,NA
2025,11,1,10,4,280,4.6,NA,NA,NA,NA,NA,1018.3,13,14,NA,NA,NA
2025,11,1,11,4,280,6.7,NA,NA,NA,NA,NA,1018.2,12.4,14,NA,NA,NA
2025,11,1,12,4,280,6.2,NA,NA,NA,NA,NA,1018.5,11.9,14,NA,NA,NA
2025,11,1,13,4,280,4.6,NA,NA,NA,NA,NA,1019,11.7,14,NA,NA,NA
2025,11,1,14,4,280,4.6,NA,NA,NA,NA,NA,1019.2,11.8,13.9,NA,NA,NA
2025,11,1,15,4,280,4.1,NA,NA,NA,NA,NA,1019.6,11.6,13.8,NA,NA,NA
2025,11,1,16,4,290,5.1,NA,NA,NA,NA,NA,1020.5,11.6,13.7,NA,NA,NA
2025,11,1,17,4,290,4.1,NA,NA,NA,NA,NA,1021,11.6,13.7,NA,NA,NA
2025,11,1,18,4,270,6.7,NA,NA,NA,NA,NA,1021.5,11.9,13.7,NA,NA,NA
2025,11,1,19,4,260,7.2,NA,NA,NA,NA,NA,1021,12.3,13.6,NA,NA,NA
2025,11,1,20,4,260,6.2,NA,NA,NA,NA,NA,1020,12.9,13.7,NA,NA,NA
2025,11,1,21,4,270,8.2,NA,NA,NA,NA,NA,1019.2,13.6,13.7,NA,NA,NA
2025,11,1,22,4,270,8.8,NA,NA,NA,NA,NA,1018.3,13.4,13.6,NA,NA,NA
2025,11,1,23,4,270,8.2,NA,NA,NA,NA,NA,1018,13.7,13.6,NA,NA,NA
2025,11,1,23,54,270,10.8,NA,NA,NA,NA,NA,1017.5,14.5,13.5,NA,NA,NA
2025,11,2,0,54,270,9.3,NA,NA,NA,NA,NA,1017.5,14.7,13.5,NA,NA,NA
2025,11,2,1,54,270,6.7,NA,NA,NA,NA,NA,1017.8,14.4,13.4,NA,NA,NA
2025,11,2,2,54,280,7.2,NA,NA,NA,NA,NA,1018,14.2,13.4,NA,NA,NA
2025,11,2,4,4,280,6.7,NA,NA,NA,NA,NA,1018.6,13.9,13.3,NA,NA,NA
2025,11,2,5,4,280,3.1,NA,NA,NA,NA,NA,1019.3,13.8,13.3,NA,NA,NA
2025,11,2,6,4,280,4.6,NA,NA,NA,NA,NA,1020,13.6,13.3,NA,NA,NA
2025,11,2,6,54,270,5.1,NA,NA,NA,NA,NA,1020.1,13.7,13.3,NA,NA,NA
2025,11,2,8,4,280,5.1,NA,NA,NA,NA,NA,1020.1,13.4,13.3,NA,NA,NA
2025,11,2,10,4,290,3.1,NA,NA,NA,NA,NA,1019.7,13.3,13.3,NA,NA,NA
2025,11,2,11,4,360,2.1,NA,NA,NA,NA,NA,1019.5,12.3,13.2,NA,NA,NA
2025,11,2,12,4,10,3.6,NA,NA,NA,NA,NA,1019.4,12.3,13.3,NA,NA,NA
2025,11,2,13,4,30,3.1,NA,NA,NA,NA,NA,1019.3,12.5,13.3,NA,NA,NA
2025,11,2,14,4,10,4.1,NA,NA,NA,NA,NA,1019.4,13.2,13.3,NA,NA,NA
2025,11,2,15,4,40,3.6,NA,NA,NA,NA,NA,1019.1,13.1,13.3,NA,NA,NA
2025,11,2,15,54,340,3.6,NA,NA,NA,NA,NA,1020,13.1,13.3,NA,NA,NA
2025,11,2,17,4,310,4.6,NA,NA,NA,NA,NA,1019.8,13.4,13.4,NA,NA,NA
2025,11,2,18,4,310,1.5,NA,NA,NA,NA,NA,1019.8,13.5,13.4,NA,NA,NA
2025,11,2,18,54,0,0,NA,NA,NA,NA,NA,1019.7,14,13.7,NA,NA,NA
2025,11,2,20,4,260,4.6,NA,NA,NA,NA,NA,1018.5,13,13.7,NA,NA,NA
2025,11,2,21,4,260,8.2,NA,NA,NA,NA,NA,1017.8,13.2,13.6,NA,NA,NA
2025,11,2,21,54,260,8.2,NA,NA,NA,NA,NA,1017.2,13.4,13.6,NA,NA,NA
2025,11,2,22,54,260,6.2,NA,NA,NA,NA,NA,1016.8,14,13.6,NA,NA,NA
2025,11,2,23,54,260,7.7,NA,NA,NA,NA,NA,1016.5,14.1,13.5,NA,NA,NA
2025,11,3,0,54,250,6.2,NA,NA,NA,NA,NA,1016.1,14.1,13.4,NA,NA,NA
2025,11,3,1,54,60,1,NA,NA,NA,NA,NA,1016.5,14,13.3,NA,NA,NA
2025,11,3,2,54,240,2.6,NA,NA,NA,NA,NA,1016.6,13.9,13.2,NA,NA,NA
2025,11,3,3,54,240,4.6,NA,NA,NA,NA,NA,1016.8,13.6,13.2,NA,NA,NA
2025,11,3,5,4,270,4.6,NA,NA,NA,NA,NA,1016.8,13.6,13.2,NA,NA,NA
2025,11,3,5,54,280,2.6,NA,NA,NA,NA,NA,1016.7,13.5,13.3,NA,NA,NA
2025,11,3,6,54,220,1,NA,NA,NA,NA,NA,1016.8,13.4,13.3,NA,NA,NA
2025,11,3,7,54,270,1,NA,NA,NA,NA,NA,1016.5,13.5,13.3,NA,NA,NA
2025,11,3,9,4,270,6.2,NA,NA,NA,NA,NA,1016.8,13.4,13.3,NA,NA,NA
2025,11,3,10,4,290,3.1,NA,NA,NA,NA,NA,1017.3,13,13.3,NA,NA,NA
2025,11,3,11,4,270,2.1,NA,NA,NA,NA,NA,1017.1,12.8,13.3,NA,NA,NA
2025,11,3,12,4,320,1,NA,NA,NA,NA,NA,1017.2,12.7,13.3,NA,NA,NA
2025,11,3,13,4,330,1.5,NA,NA,NA,NA,NA,1017.4,12.6,13.3,NA,NA,NA
2025,11,3,14,4,250,3.6,NA,NA,NA,NA,NA,1017.8,12.4,13.4,NA,NA,NA
2025,11,3,15,4,220,1.5,NA,NA,NA,NA,NA,1018.3,12.3,13.5,NA,NA,NA
2025,11,3,16,4,200,4.6,NA,NA,NA,NA,NA,1018.9,11.7,13.5,NA,NA,NA
2025,11,3,17,4,250,2.6,NA,NA,NA,NA,NA,1019.4,11.5,13.5,NA,NA,NA
2025,11,3,18,4,260,5.1,NA,NA,NA,NA,NA,1020.3,12.6,13.6,NA,NA,NA
2025,11,3,19,4,240,5.1,NA,NA,NA,NA,NA,1020.6,12.8,13.6,NA,NA,NA
2025,11,3,20,4,260,4.1,NA,NA,NA,NA,NA,1019.6,12.4,13.6,NA,NA,NA
2025,11,3,20,54,290,1.5,NA,NA,NA,NA,NA,1018.9,12.1,13.8,NA,NA,NA
2025,11,3,21,54,280,2.1,NA,NA,NA,NA,NA,1018.4,12.2,14,NA,NA,NA
2025,11,3,22,54,260,4.1,NA,NA,NA,NA,NA,1018.4,12.7,14.2,NA,NA,NA
2025,11,4,0,4,220,1,NA,NA,NA,NA,NA,1017.9,13.2,14,NA,NA,NA
2025,11,4,1,4,160,1.5,NA,NA,NA,NA,NA,1017.6,13.3,14.9,NA,NA,NA
2025,11,4,2,4,0,0,NA,NA,NA,NA,NA,1017.8,13.1,14.9,NA,NA,NA
2025,11,4,2,54,250,2.1,NA,NA,NA,NA,NA,1018.2,13.5,14.9,NA,NA,NA
2025,11,4,3,54,260,0.5,NA,NA,NA,NA,NA,1018.4,13.7,15,NA,NA,NA
2025,11,4,4,54,70,3.1,NA,NA,NA,NA,NA,1018.5,13.2,15.1,NA,NA,NA
2025,11,4,5,54,0,0,NA,NA,NA,NA,NA,1019,13.4,14.9,NA,NA,NA
2025,11,4,6,54,350,2.1,NA,NA,NA,NA,NA,1019.2,13.3,14.7,NA,NA,NA
2025,11,4,7,54,10,2.1,NA,NA,NA,NA,NA,1019.3,12.8,14.6,NA,NA,NA
2025,11,4,9,4,10,1.5,NA,NA,NA,NA,NA,1019.5,12.3,14.5,NA,NA,NA
2025,11,4,10,4,20,3.6,NA,NA,NA,NA,NA,1019.6,11.7,14.4,NA,NA,NA
2025,11,4,11,4,40,3.6,NA,NA,NA,NA,NA,1019.2,11.5,14.4,NA,NA,NA
2025,11,4,12,4,40,5.1,NA,NA,NA,NA,NA,1018.9,11.4,14.3,NA,NA,NA
2025,11,4,13,4,40,3.1,NA,NA,NA,NA,NA,1018.7,10.9,14.2,NA,NA,NA
2025,11,4,14,4,50,5.1,NA,NA,NA,NA,NA,1018.5,11.3,14.3,NA,NA,NA
2025,11,4,15,4,40,4.1,NA,NA,NA,NA,NA,1018.6,11.8,14.6,NA,NA,NA
2025,11,4,16,4,60,3.1,NA,NA,NA,NA,NA,1019.2,12.2,14.8,NA,NA,NA
2025,11,4,16,54,110,0.5,NA,NA,NA,NA,NA,1019.5,13.7,14.8,NA,NA,NA
2025,11,4,17,54,140,1.5,NA,NA,NA,NA,NA,1019.4,13,14.9,NA,NA,NA
2025,11,4,19,5,0,0,NA,NA,NA,NA,NA,1019.4,13.8,15,NA,NA,NA
2025,11,4,20,4,180,4.1,NA,NA,NA,NA,NA,1019,14,15.3,NA,NA,NA
2025,11,4,21,5,160,5.1,NA,NA,NA,NA,NA,1018.3,13.7,15.3,NA,NA,NA
2025,11,4,21,54,170,5.7,NA,NA,NA,NA,NA,1018.1,13.6,15.1,NA,NA,NA
2025,11,4,22,54,170,4.1,NA,NA,NA,NA,NA,1017.8,13.7,15.2,NA,NA,NA
2025,11,5,0,5,150,5.1,NA,NA,NA,NA,NA,1017.1,13.6,15.1,NA,NA,NA
2025,11,5,1,4,170,6.7,NA,NA,NA,NA,NA,1016.7,13.8,15.1,NA,NA,NA
2025,11,5,1,54,160,6.2,NA,NA,NA,NA,NA,1016.7,14,15,NA,NA,NA
2025,11,5,3,5,160,5.1,NA,NA,NA,NA,NA,1017.9,13.9,15,NA,NA,NA
2025,11,5,3,54,140,9.3,NA,NA,NA,NA,NA,1016.3,13.9,14.9,NA,NA,NA
2025,11,5,4,54,160,8.8,NA,NA,NA,NA,NA,1017,14,14.9,NA,NA,NA
2025,11,5,5,54,130,8.2,NA,NA,NA,NA,NA,1016.8,14.2,14.9,NA,NA,NA
2025,11,5,6,54,140,5.1,NA,NA,NA,NA,NA,1017.1,13.9,14.9,NA,NA,NA
2025,11,5,7,54,100,5.7,NA,NA,NA,NA,NA,1016.2,14.2,14.8,NA,NA,NA
2025,11,5,9,5,240,0.5,NA,NA,NA,NA,NA,1017.7,14,14.7,NA,NA,NA
2025,11,5,10,4,140,NA,NA,NA,NA,NA,NA,1015.6,15.2,14.6,NA,NA,NA
2025,11,5,11,4,80,3.1,NA,NA,NA,NA,NA,1017.3,14.4,14.7,NA,NA,NA
2025,11,5,12,4,140,11.8,NA,NA,NA,NA,NA,1016.5,15,14.7,NA,NA,NA
2025,11,5,12,54,140,14.4,NA,NA,NA,NA,NA,1016.9,15,14.8,NA,NA,NA
2025,11,5,14,5,140,13.4,NA,NA,NA,NA,NA,1016.4,14.9,14.7,NA,NA,NA
2025,11,5,15,5,140,10.8,NA,NA,NA,NA,NA,1017.1,15.2,14.7,NA,NA,NA
2025,11,5,16,14,140,7.7,NA,NA,NA,NA,NA,1018.2,15,14.7,NA,NA,NA
2025,11,5,17,5,150,8.2,NA,NA,NA,NA,NA,1018.9,14.7,14.7,NA,NA,NA
2025,11,5,18,5,140,11.8,NA,NA,NA,NA,NA,1019,14.9,14.6,NA,NA,NA
2025,11,5,19,4,150,9.8,NA,NA,NA,NA,NA,1019.7,14.9,14.6,NA,NA,NA
2025,11,5,20,5,160,11.3,NA,NA,NA,NA,NA,1019.4,15.3,14.6,NA,NA,NA
2025,11,5,21,5,160,10.8,NA,NA,NA,NA,NA,1019.2,15.2,14.7,NA,NA,NA
2025,11,5,22,5,150,8.2,NA,NA,NA,NA,NA,1019.3,15.4,14.7,NA,NA,NA
2025,11,5,23,5,130,5.7,NA,NA,NA,NA,NA,1020.9,15.5,14.6,NA,NA,NA
2025,11,6,0,5,130,5.7,NA,NA,NA,NA,NA,1021,15.4,14.6,NA,NA,NA
2025,11,6,1,4,140,7.7,NA,NA,NA,NA,NA,1021.3,15.9,14.6,NA,NA,NA
2025,11,6,1,54,150,5.1,NA,NA,NA,NA,NA,1021.9,15.5,14.6,NA,NA,NA
2025,11,6,2,54,320,1.5,NA,NA,NA,NA,NA,1022.5,15.3,14.6,NA,NA,NA
2025,11,6,3,54,310,2.6,NA,NA,NA,NA,NA,1023,15.1,14.6,NA,NA,NA
2025,11,6,4,54,120,2.6,NA,NA,NA,NA,NA,1022.9,15.4,14.6,NA,NA,NA
2025,11,6,5,54,160,4.1,NA,NA,NA,NA,NA,1023.2,15.2,14.6,NA,NA,NA
2025,11,6,6,54,170,2.6,NA,NA,NA,NA,NA,1023.7,14.7,14.6,NA,NA,NA
2025,11,6,7,54,160,3.6,NA,NA,NA,NA,NA,1023.9,15.1,14.6,NA,NA,NA
2025,11,6,8,54,130,1,NA,NA,NA,NA,NA,1023.7,15,14.6,NA,NA,NA
2025,11,6,10,5,0,0,NA,NA,NA,NA,NA,1023.8,15,14.6,NA,NA,NA
2025,11,6,11,5,20,2.6,NA,NA,NA,NA,NA,1023.6,13.8,14.7,NA,NA,NA
2025,11,6,11,54,360,3.1,NA,NA,NA,NA,NA,1023.7,13.8,14.7,NA,NA,NA
2025,11,6,12,54,40,2.1,NA,NA,NA,NA,NA,1023.7,14,14.7,NA,NA,NA
2025,11,6,13,54,0,0,NA,NA,NA,NA,NA,1023.5,14.3,14.7,NA,NA,NA
2025,11,6,14,54,50,3.6,NA,NA,NA,NA,NA,1023.9,14,14.7,NA,NA,NA
2025,11,6,15,54,0,0,NA,NA,NA,NA,NA,1024.2,14.3,14.7,NA,NA,NA
2025,11,6,17,4,40,2.1,NA,NA,NA,NA,NA,1024.2,14.2,14.7,NA,NA,NA
2025,11,6,18,5,350,2.6,NA,NA,NA,NA,NA,1024.7,13.5,14.8,NA,NA,NA
2025,11,6,19,4,330,1.5,NA,NA,NA,NA,NA,1024.6,14,15,NA,NA,NA
2025,11,6,20,5,290,2.1,NA,NA,NA,NA,NA,1023.8,14.3,15.2,NA,NA,NA
2025,11,6,20,54,260,3.1,NA,NA,NA,NA,NA,1023.2,14.3,15.2,NA,NA,NA
2025,11,6,21,54,260,5.1,NA,NA,NA,NA,NA,1023,13.8,15.1,NA,NA,NA
2025,11,6,22,54,260,7.2,NA,NA,NA,NA,NA,1022.8,14.4,15,NA,NA,NA
2025,11,6,23,54,260,7.7,NA,NA,NA,NA,NA,1022.6,13.6,14.8,NA,NA,NA
2025,11,7,0,54,260,6.7,NA,NA,NA,NA,NA,1022.5,13.6,14.7,NA,NA,NA
2025,11,7,1,54,260,6.7,NA,NA,NA,NA,NA,1022.4,14,14.6,NA,NA,NA
2025,11,7,3,5,270,6.7,NA,NA,NA,NA,NA,1022.5,14.7,14.6,NA,NA,NA
2025,11,7,4,5,280,6.2,NA,NA,NA,NA,NA,1022.5,14.6,14.6,NA,NA,NA
2025,11,7,5,4,280,6.2,NA,NA,NA,NA,NA,1022.7,14.3,14.5,NA,NA,NA
2025,11,7,5,54,290,4.1,NA,NA,NA,NA,NA,1022.9,14.4,14.5,NA,NA,NA
2025,11,7,6,54,360,2.6,NA,NA,NA,NA,NA,1022.5,14.2,14.5,NA,NA,NA
2025,11,7,7,54,350,3.6,NA,NA,NA,NA,NA,1022.7,13.8,14.4,NA,NA,NA
2025,11,7,9,4,360,2.6,NA,NA,NA,NA,NA,1022.5,13.3,14.5,NA,NA,NA
2025,11,7,9,54,360,1.5,NA,NA,NA,NA,NA,1022.7,12.9,14.4,NA,NA,NA
2025,11,7,11,5,20,1,NA,NA,NA,NA,NA,1022.4,13.6,14.4,NA,NA,NA
2025,11,7,11,54,360,2.6,NA,NA,NA,NA,NA,1022.2,13.7,13.8,NA,NA,NA
2025,11,7,12,54,10,2.6,NA,NA,NA,NA,NA,1022,13.5,13.8,NA,NA,NA
2025,11,7,14,5,30,1.5,NA,NA,NA,NA,NA,1021.9,13.7,13.7,NA,NA,NA
2025,11,7,15,4,50,1.5,NA,NA,NA,NA,NA,1022.2,13.6,13.6,NA,NA,NA
2025,11,7,16,5,50,2.1,NA,NA,NA,NA,NA,1023,13.8,13.6,NA,NA,NA
2025,11,7,17,5,60,2.6,NA,NA,NA,NA,NA,1021.9,13.8,13.6,NA,NA,NA
2025,11,7,18,4,30,1.5,NA,NA,NA,NA,NA,1021.7,13.9,13.7,NA,NA,NA
2025,11,7,19,4,310,1,NA,NA,NA,NA,NA,1021.5,14.4,14.1,NA,NA,NA
2025,11,7,19,54,290,1,NA,NA,NA,NA,NA,1020.8,14.9,14,NA,NA,NA
2025,11,7,20,54,260,3.1,NA,NA,NA,NA,NA,1019.9,15.4,14.3,NA,NA,NA
2025,11,7,22,4,250,3.6,NA,NA,NA,NA,NA,1018.8,15.1,14.3,NA,NA,NA
2025,11,7,23,5,250,3.6,NA,NA,NA,NA,NA,1018.3,15,14.3,NA,NA,NA
2025,11,7,23,54,260,5.7,NA,NA,NA,NA,NA,1017.6,15.2,14.4,NA,NA,NA
2025,11,8,0,54,270,6.2,NA,NA,NA,NA,NA,1017.1,14.8,13.9,NA,NA,NA
2025,11,8,2,14,280,6.7,NA,NA,NA,NA,NA,1016.8,14.4,13.5,NA,NA,NA
2025,11,8,2,54,280,7.2,NA,NA,NA,NA,NA,1016.8,14.4,13.6,NA,NA,NA
2025,11,8,4,5,290,4.6,NA,NA,NA,NA,NA,1016.8,14.2,13.5,NA,NA,NA
2025,11,8,4,54,330,3.6,NA,NA,NA,NA,NA,1017,13.4,13.7,NA,NA,NA
2025,11,8,6,5,360,2.1,NA,NA,NA,NA,NA,1017.3,13.3,13.8,NA,NA,NA
2025,11,8,7,5,360,1.5,NA,NA,NA,NA,NA,1017.5,13.4,13.8,NA,NA,NA
2025,11,8,8,5,300,2.6,NA,NA,NA,NA,NA,1016.9,13.4,13.7,NA,NA,NA
2025,11,8,9,5,300,4.1,NA,NA,NA,NA,NA,1016.8,13.2,13.6,NA,NA,NA
2025,11,8,10,4,360,2.6,NA,NA,NA,NA,NA,1016.4,13.4,13.5,NA,NA,NA
2025,11,8,11,4,350,4.6,NA,NA,NA,NA,NA,1016.1,14,13.5,NA,NA,NA
2025,11,8,12,4,360,5.1,NA,NA,NA,NA,NA,1015.7,14.3,13.4,NA,NA,NA
2025,11,8,13,4,10,4.1,NA,NA,NA,NA,NA,1015.7,14.2,13.3,NA,NA,NA
2025,11,8,13,54,360,7.2,NA,NA,NA,NA,NA,1015.5,14.6,13.4,NA,NA,NA
2025,11,8,14,54,20,3.6,NA,NA,NA,NA,NA,1016,14.9,13.4,NA,NA,NA
2025,11,8,15,54,20,3.6,NA,NA,NA,NA,NA,1016.5,14.3,13.4,NA,NA,NA
2025,11,8,16,54,340,4.1,NA,NA,NA,NA,NA,1016.7,14.4,13.3,NA,NA,NA
2025,11,8,17,54,330,4.6,NA,NA,NA,NA,NA,1016.4,14.8,13.5,NA,NA,NA
2025,11,8,19,5,320,3.1,NA,NA,NA,NA,NA,1016.5,15.9,13.8,NA,NA,NA
2025,11,8,20,5,310,3.1,NA,NA,NA,NA,NA,1015.8,15.8,13.9,NA,NA,NA
2025,11,8,21,5,280,4.1,NA,NA,NA,NA,NA,1015.4,15.1,14.1,NA,NA,NA
2025,11,8,22,5,270,2.6,NA,NA,NA,NA,NA,1014.5,15.4,14.4,NA,NA,NA
2025,11,8,22,55,270,4.6,NA,NA,NA,NA,NA,1014.1,15.5,14.5,NA,NA,NA
2025,11,8,23,55,260,5.7,NA,NA,NA,NA,NA,1014,15.5,14.4,NA,NA,NA
2025,11,9,1,5,270,4.6,NA,NA,NA,NA,NA,1013.9,15.2,14.2,NA,NA,NA
2025,11,9,1,55,280,2.1,NA,NA,NA,NA,NA,1014.3,15.1,14.1,NA,NA,NA
2025,11,9,2,55,130,1.5,NA,NA,NA,NA,NA,1014.9,14.9,14.3,NA,NA,NA
2025,11,9,3,55,140,1.5,NA,NA,NA,NA,NA,1014.9,14.8,14.2,NA,NA,NA
2025,11,9,5,5,310,3.1,NA,NA,NA,NA,NA,1015.4,15.1,14.1,NA,NA,NA
2025,11,9,6,5,340,2.6,NA,NA,NA,NA,NA,1016.2,15.5,14,NA,NA,NA
2025,11,9,6,55,10,2.6,NA,NA,NA,NA,NA,1016.5,15.5,13.8,NA,NA,NA
2025,11,9,7,55,360,4.1,NA,NA,NA,NA,NA,1016.4,15.9,13.7,NA,NA,NA
2025,11,9,8,55,10,4.6,NA,NA,NA,NA,NA,1016.4,16.2,13.6,NA,NA,NA
2025,11,9,9,55,20,4.6,NA,NA,NA,NA,NA,1016.6,16.6,13.6,NA,NA,NA
2025,11,9,11,5,20,4.1,NA,NA,NA,NA,NA,1016.9,16,13.5,NA,NA,NA
2025,11,9,11,55,30,7.2,NA,NA,NA,NA,NA,1016.8,16.6,13.5,NA,NA,NA
2025,11,9,12,55,30,5.7,NA,NA,NA,NA,NA,1017.4,16.2,13.5,NA,NA,NA
2025,11,9,13,55,50,5.7,NA,NA,NA,NA,NA,1017.7,16.1,13.6,NA,NA,NA
2025,11,9,14,55,50,5.1,NA,NA,NA,NA,NA,1018.3,15.9,13.8,NA,NA,NA
2025,11,9,15,55,110,3.1,NA,NA,NA,NA,NA,1019.4,14.9,13.7,NA,NA,NA
2025,11,9,16,55,90,2.6,NA,NA,NA,NA,NA,1019.6,16,13.7,NA,NA,NA
2025,11,9,17,55,60,1.5,NA,NA,NA,NA,NA,1019.6,16.3,13.7,NA,NA,NA
2025,11,9,18,55,120,0.5,NA,NA,NA,NA,NA,1019.4,16.3,13.8,NA,NA,NA
2025,11,9,19,55,200,3.1,NA,NA,NA,NA,NA,1019.1,16.6,14.1,NA,NA,NA
2025,11,9,20,55,210,4.6,NA,NA,NA,NA,NA,1018.3,15.2,14.5,NA,NA,NA
2025,11,9,22,5,190,4.1,NA,NA,NA,NA,NA,1018.6,14.4,14.6,NA,NA,NA
2025,11,9,22,55,210,3.6,NA,NA,NA,NA,NA,1018.7,13.6,14.7,NA,NA,NA
2025,11,10,0,5,180,4.6,NA,NA,NA,NA,NA,1019,13,14.7,NA,NA,NA
2025,11,10,1,5,170,5.1,NA,NA,NA,NA,NA,1019.2,13.2,14.6,NA,NA,NA
2025,11,10,1,55,160,2.6,NA,NA,NA,NA,NA,1019.7,13.6,14.8,NA,NA,NA
2025,11,10,3,5,340,1,NA,NA,NA,NA,NA,1020.3,13.8,14.7,NA,NA,NA
2025,11,10,4,5,340,2.6,NA,NA,NA,NA,NA,1020.2,13.6,14.7,NA,NA,NA
2025,11,10,5,5,340,1,NA,NA,NA,NA,NA,1020.7,13.6,14.7,NA,NA,NA
2025,11,10,5,55,0,0,NA,NA,NA,NA,NA,1021,13.8,14.7,NA,NA,NA
2025,11,10,6,55,0,0,NA,NA,NA,NA,NA,1021.4,13.9,14.7,NA,NA,NA
2025,11,10,7,55,140,2.6,NA,NA,NA,NA,NA,1021,12.6,14.7,NA,NA,NA
2025,11,10,9,5,0,0,NA,NA,NA,NA,NA,1020.6,12.3,14.6,NA,NA,NA
2025,11,10,10,5,320,1,NA,NA,NA,NA,NA,1020.7,13.2,14.6,NA,NA,NA
2025,11,10,11,5,320,1,NA,NA,NA,NA,NA,1020.7,13.6,14.6,NA,NA,NA
2025,11,10,12,5,360,3.6,NA,NA,NA,NA,NA,1020.8,13.8,14.6,NA,NA,NA
2025,11,10,13,5,70,2.6,NA,NA,NA,NA,NA,1020.5,14,14.4,NA,NA,NA
2025,11,10,14,5,50,3.1,NA,NA,NA,NA,NA,1020.8,13.8,14.4,NA,NA,NA
2025,11,10,14,55,50,3.1,NA,NA,NA,NA,NA,1021.4,13.8,14.3,NA,NA,NA
2025,11,10,16,5,110,1,NA,NA,NA,NA,NA,1022,12.8,14.3,NA,NA,NA
2025,11,10,17,5,60,2.6,NA,NA,NA,NA,NA,1022.2,14.3,14.4,NA,NA,NA
2025,11,10,17,55,200,2.6,NA,NA,NA,NA,NA,1022.5,13.2,14.4,NA,NA,NA
2025,11,10,18,55,220,2.1,NA,NA,NA,NA,NA,1022.4,14.2,14.5,NA,NA,NA
2025,11,10,19,55,170,3.6,NA,NA,NA,NA,NA,1021.6,13,14.6,NA,NA,NA
2025,11,10,20,55,170,6.2,NA,NA,NA,NA,NA,1020.9,12.8,14.5,NA,NA,NA
2025,11,10,23,5,170,4.1,NA,NA,NA,NA,NA,1020.5,13.4,14.3,NA,NA,NA
2025,11,10,23,55,190,3.1,NA,NA,NA,NA,NA,1020.2,13.6,14.3,NA,NA,NA
2025,11,11,1,5,190,2.6,NA,NA,NA,NA,NA,1020,13.4,14.1,NA,NA,NA
2025,11,11,1,55,180,1.5,NA,NA,NA,NA,NA,1020,13.1,14.1,NA,NA,NA
2025,11,11,2,55,190,1.5,NA,NA,NA,NA,NA,1020.3,12.8,14.2,NA,NA,NA
2025,11,11,3,55,240,2.1,NA,NA,NA,NA,NA,1020.4,12.7,14.2,NA,NA,NA
2025,11,11,4,55,240,0.5,NA,NA,NA,NA,NA,1020.6,12.9,14.3,NA,NA,NA
2025,11,11,6,5,240,1.5,NA,NA,NA,NA,NA,1021,13,14.4,NA,NA,NA
2025,11,11,7,5,160,2.6,NA,NA,NA,NA,NA,1021.1,13.6,14.6,NA,NA,NA
2025,11,11,7,55,160,4.6,NA,NA,NA,NA,NA,1021,13.7,14.6,NA,NA,NA
2025,11,11,8,55,150,4.6,NA,NA,NA,NA,NA,1020.7,13.5,14.6,NA,NA,NA
2025,11,11,9,55,160,4.6,NA,NA,NA,NA,NA,1020.7,13.4,14.6,NA,NA,NA
2025,11,11,10,55,130,2.6,NA,NA,NA,NA,NA,1020.4,13.3,14.6,NA,NA,NA
2025,11,11,11,55,50,1,NA,NA,NA,NA,NA,1019.8,12.7,14.5,NA,NA,NA
2025,11,11,12,55,30,1.5,NA,NA,NA,NA,NA,1019.1,12.6,14.5,NA,NA,NA
2025,11,11,13,55,60,3.1,NA,NA,NA,NA,NA,1018.9,12.9,14.3,NA,NA,NA
2025,11,11,14,55,50,2.1,NA,NA,NA,NA,NA,1018.5,12.2,14.1,NA,NA,NA
2025,11,11,16,5,40,3.1,NA,NA,NA,NA,NA,1018.5,13.2,13.9,NA,NA,NA
2025,11,11,17,5,140,5.7,NA,NA,NA,NA,NA,1018.7,13,13.9,NA,NA,NA
2025,11,11,18,5,190,7.7,NA,NA,NA,NA,NA,1019.1,12.7,14.1,NA,NA,NA
2025,11,11,19,5,170,5.1,NA,NA,NA,NA,NA,1019,12.8,13.9,NA,NA,NA
2025,11,11,19,55,0,0,NA,NA,NA,NA,NA,1018.4,12.6,13.8,NA,NA,NA
2025,11,11,20,55,180,2.6,NA,NA,NA,NA,NA,1017.9,12.9,13.8,NA,NA,NA
2025,11,11,22,5,190,4.6,NA,NA,NA,NA,NA,1017.7,13.4,13.7,NA,NA,NA
2025,11,11,23,5,180,3.1,NA,NA,NA,NA,NA,1017.4,13.6,14,NA,NA,NA
2025,11,12,0,5,180,4.6,NA,NA,NA,NA,NA,1017.8,14,13.9,NA,NA,NA
2025,11,12,1,5,170,1,NA,NA,NA,NA,NA,1017.5,14.1,14,NA,NA,NA
2025,11,12,1,55,150,4.1,NA,NA,NA,NA,NA,1017.1,13.8,13.9,NA,NA,NA
2025,11,12,3,5,150,5.1,NA,NA,NA,NA,NA,1017.2,13.8,13.8,NA,NA,NA
2025,11,12,3,55,140,3.1,NA,NA,NA,NA,NA,1017.4,14.1,13.9,NA,NA,NA
2025,11,12,4,55,150,2.6,NA,NA,NA,NA,NA,1017.6,14,14.2,NA,NA,NA
2025,11,12,5,55,140,4.6,NA,NA,NA,NA,NA,1017.7,14.2,14.3,NA,NA,NA
2025,11,12,6,55,140,2.1,NA,NA,NA,NA,NA,1017.7,14.4,14.3,NA,NA,NA
2025,11,12,8,5,110,2.6,NA,NA,NA,NA,NA,1017.2,14.5,14.4,NA,NA,NA
2025,11,12,9,5,130,2.6,NA,NA,NA,NA,NA,1017.1,14.4,14.5,NA,NA,NA
2025,11,12,9,55,100,2.6,NA,NA,NA,NA,NA,1017.4,14.2,14.5,NA,NA,NA
2025,11,12,10,55,150,2.6,NA,NA,NA,NA,NA,1017.2,14.4,14.4,NA,NA,NA
2025,11,12,19,55,40,2.6,NA,NA,NA,NA,NA,1016.2,15.4,14.3,NA,NA,NA
2025,11,12,20,55,250,1,NA,NA,NA,NA,NA,1015.7,15.4,14.3,NA,NA,NA
2025,11,12,21,55,120,3.1,NA,NA,NA,NA,NA,1015.1,16.2,14.4,NA,NA,NA
2025,11,12,23,5,140,6.7,NA,NA,NA,NA,NA,1014.1,16.2,14.4,NA,NA,NA
2025,11,13,0,5,150,9.8,NA,NA,NA,NA,NA,1013.9,16.7,14.5,NA,NA,NA
2025,11,13,1,5,140,11.3,NA,NA,NA,NA,NA,1013.3,16.7,14.5,NA,NA,NA
2025,11,13,1,55,150,8.2,NA,NA,NA,NA,NA,1013.1,16.7,14.5,NA,NA,NA
2025,11,13,2,55,150,8.2,NA,NA,NA,NA,NA,1013.5,16.6,14.5,NA,NA,NA
2025,11,13,3,55,150,9.3,NA,NA,NA,NA,NA,1013.6,16.8,14.5,NA,NA,NA
2025,11,13,5,5,120,8.2,NA,NA,NA,NA,NA,1013.8,17,14.5,NA,NA,NA
2025,11,13,6,5,110,4.1,NA,NA,NA,NA,NA,1013.8,16.7,14.5,NA,NA,NA
2025,11,13,7,5,120,5.1,NA,NA,NA,NA,NA,1013.4,16.6,14.5,NA,NA,NA
2025,11,13,8,5,130,6.7,NA,NA,NA,NA,NA,1012.6,17.2,14.5,NA,NA,NA
2025,11,13,8,55,60,1.5,NA,NA,NA,NA,NA,1012.4,16.1,14.6,NA,NA,NA
2025,11,13,10,5,110,3.1,NA,NA,NA,NA,NA,1011.9,16.4,14.5,NA,NA,NA
2025,11,13,10,55,140,10.3,NA,NA,NA,NA,NA,1010.8,17.2,14.5,NA,NA,NA
2025,11,13,12,5,140,10.8,NA,NA,NA,NA,NA,1009.7,17.2,14.5,NA,NA,NA
2025,11,13,12,55,120,12.4,NA,NA,NA,NA,NA,1009.5,17.5,14.5,NA,NA,NA
2025,11,13,14,5,140,14.4,NA,NA,NA,NA,NA,1009,16.5,14.4,NA,NA,NA
2025,11,13,15,5,100,6.2,NA,NA,NA,NA,NA,1010,16.2,14.3,NA,NA,NA
2025,11,13,16,5,120,6.2,NA,NA,NA,NA,NA,1010.5,16.4,14.3,NA,NA,NA
2025,11,13,16,55,120,8.2,NA,NA,NA,NA,NA,1010.3,16.4,14.3,NA,NA,NA
2025,11,13,18,5,120,4.1,NA,NA,NA,NA,NA,1010.8,16.3,14.3,NA,NA,NA
2025,11,13,19,5,180,5.7,NA,NA,NA,NA,NA,1011.5,14.6,14.2,NA,NA,NA
2025,11,13,20,5,180,11.3,NA,NA,NA,NA,NA,1010.4,15.2,14.2,NA,NA,NA
2025,11,13,21,5,180,2.6,NA,NA,NA,NA,NA,1010.7,14.4,14.3,NA,NA,NA
2025,11,13,21,55,210,4.1,NA,NA,NA,NA,NA,1010.8,14.2,14.3,NA,NA,NA
2025,11,13,23,5,200,4.1,NA,NA,NA,NA,NA,1011,14.3,14.3,NA,NA,NA
2025,11,14,0,5,190,2.6,NA,NA,NA,NA,NA,1010.9,14.2,14.3,NA,NA,NA
2025,11,14,1,5,170,4.1,NA,NA,NA,NA,NA,1011,14.4,14.4,NA,NA,NA
2025,11,14,1,55,170,6.7,NA,NA,NA,NA,NA,1011.4,14.6,14.3,NA,NA,NA
2025,11,14,2,55,160,4.1,NA,NA,NA,NA,NA,1011.6,14.5,14.3,NA,NA,NA
2025,11,14,3,55,170,4.6,NA,NA,NA,NA,NA,1012,14.6,14.3,NA,NA,NA
2025,11,14,4,55,160,5.1,NA,NA,NA,NA,NA,1012.5,14.6,14.2,NA,NA,NA
2025,11,14,5,55,190,4.1,NA,NA,NA,NA,NA,1013.2,14.6,14.2,NA,NA,NA
2025,11,14,6,55,160,4.1,NA,NA,NA,NA,NA,1013.4,14.4,14.3,NA,NA,NA
2025,11,14,8,5,170,3.6,NA,NA,NA,NA,NA,1013.3,14.3,14.3,NA,NA,NA
2025,11,14,8,55,170,3.6,NA,NA,NA,NA,NA,1013.2,14.4,14.3,NA,NA,NA
2025,11,14,10,5,190,3.6,NA,NA,NA,NA,NA,1012.7,14.2,14.2,NA,NA,NA
2025,11,14,11,5,180,1.5,NA,NA,NA,NA,NA,1012.3,14.2,14,NA,NA,NA
2025,11,14,11,55,210,2.6,NA,NA,NA,NA,NA,1012.2,14,13.9,NA,NA,NA
2025,11,14,12,55,140,1.5,NA,NA,NA,NA,NA,1012.2,14,13.8,NA,NA,NA
2025,11,14,14,5,0,0,NA,NA,NA,NA,NA,1011.9,13.9,13.9,NA,NA,NA
2025,11,14,14,55,0,0,NA,NA,NA,NA,NA,1012.5,13.8,14,NA,NA,NA
2025,11,14,15,55,310,2.6,NA,NA,NA,NA,NA,1013.7,13.4,14,NA,NA,NA
2025,11,14,16,55,230,1,NA,NA,NA,NA,NA,1014.5,13.3,14,NA,NA,NA
2025,11,14,17,55,10,4.6,NA,NA,NA,NA,NA,1015,13.4,14,NA,NA,NA
2025,11,14,18,55,50,2.1,NA,NA,NA,NA,NA,1015.7,13.7,13.9,NA,NA,NA
2025,11,14,20,5,70,0.5,NA,NA,NA,NA,NA,1015.5,14.5,13.6,NA,NA,NA
2025,11,14,21,5,0,0,NA,NA,NA,NA,NA,1014.6,14.8,14.1,NA,NA,NA
2025,11,14,22,5,280,1.5,NA,NA,NA,NA,NA,1014.4,15,14.1,NA,NA,NA
2025,11,14,22,55,260,3.6,NA,NA,NA,NA,NA,1014.3,14.7,14.3,NA,NA,NA
2025,11,14,23,55,260,2.6,NA,NA,NA,NA,NA,1014.4,14.6,14.9,NA,NA,NA
2025,11,15,1,5,240,4.1,NA,NA,NA,NA,NA,1014.3,14.2,14.9,NA,NA,NA
2025,11,15,2,5,260,4.1,NA,NA,NA,NA,NA,1014.9,14.2,14.9,NA,NA,NA
2025,11,15,3,5,260,3.1,NA,NA,NA,NA,NA,1015.1,14.2,14.9,NA,NA,NA
2025,11,15,4,5,270,4.1,NA,NA,NA,NA,NA,1015.1,14.4,14.9,NA,NA,NA
2025,11,15,5,5,300,3.1,NA,NA,NA,NA,NA,1015.5,14.3,14.9,NA,NA,NA
2025,11,15,5,55,300,1.5,NA,NA,NA,NA,NA,1015.5,14.2,14.8,NA,NA,NA
2025,11,15,6,55,340,1.5,NA,NA,NA,NA,NA,1015.3,14.1,14.8,NA,NA,NA
2025,11,15,7,55,60,1.5,NA,NA,NA,NA,NA,1015,14.2,14.8,NA,NA,NA
2025,11,15,8,55,340,2.6,NA,NA,NA,NA,NA,1014.5,14,14.8,NA,NA,NA
2025,11,15,9,55,10,3.6,NA,NA,NA,NA,NA,1014.3,13.5,14.7,NA,NA,NA
2025,11,15,10,55,340,2.6,NA,NA,NA,NA,NA,1013,13.5,14.8,NA,NA,NA
2025,11,15,11,55,340,4.1,NA,NA,NA,NA,NA,1012.2,14,14.8,NA,NA,NA
2025,11,15,12,55,10,3.6,NA,NA,NA,NA,NA,1011.9,14.4,14.8,NA,NA,NA
2025,11,15,14,5,10,3.6,NA,NA,NA,NA,NA,1011.7,14.3,14.8,NA,NA,NA
2025,11,15,14,55,340,2.1,NA,NA,NA,NA,NA,1011,14.5,14.8,NA,NA,NA
2025,11,15,16,5,10,2.1,NA,NA,NA,NA,NA,1010.9,14.6,14.8,NA,NA,NA
2025,11,15,17,5,40,2.1,NA,NA,NA,NA,NA,1010.7,14.9,14.8,NA,NA,NA
2025,11,15,18,5,20,2.1,NA,NA,NA,NA,NA,1010.4,14.7,14.8,NA,NA,NA
2025,11,15,18,55,310,1.5,NA,NA,NA,NA,NA,1009.6,15.1,14.8,NA,NA,NA
2025,11,15,19,55,140,1.5,NA,NA,NA,NA,NA,1009,14.5,14.8,NA,NA,NA
2025,11,15,20,55,140,5.7,NA,NA,NA,NA,NA,1009.1,14.6,14.8,NA,NA,NA
2025,11,15,22,5,170,6.2,NA,NA,NA,NA,NA,1008.4,14.5,14.8,NA,NA,NA
2025,11,15,22,55,170,8.2,NA,NA,NA,NA,NA,1008.2,14.5,14.8,NA,NA,NA
2025,11,16,0,5,170,5.1,NA,NA,NA,NA,NA,1008.2,14.5,14.8,NA,NA,NA
2025,11,16,1,5,160,5.1,NA,NA,NA,NA,NA,1008.3,14.6,14.8,NA,NA,NA
2025,11,16,2,5,180,4.1,NA,NA,NA,NA,NA,1008.9,14.4,14.8,NA,NA,NA
2025,11,16,3,5,170,4.6,NA,NA,NA,NA,NA,1009.1,14.3,14.8,NA,NA,NA
2025,11,16,4,5,180,4.1,NA,NA,NA,NA,NA,1009.1,14.3,14.8,NA,NA,NA
2025,11,16,5,5,220,2.1,NA,NA,NA,NA,NA,1009.4,13.8,14.8,NA,NA,NA
2025,11,16,6,15,220,2.6,NA,NA,NA,NA,NA,1009.7,13.9,14.8,NA,NA,NA
2025,11,16,6,55,230,3.6,NA,NA,NA,NA,NA,1009.6,13.9,14.8,NA,NA,NA
2025,11,16,7,55,240,4.6,NA,NA,NA,NA,NA,1009.5,13.8,14.7,NA,NA,NA
2025,11,16,9,15,230,4.6,NA,NA,NA,NA,NA,1009.7,13.9,14.8,NA,NA,NA
2025,11,16,10,5,240,4.1,NA,NA,NA,NA,NA,1009.9,13.8,14.8,NA,NA,NA
2025,11,16,10,55,220,4.1,NA,NA,NA,NA,NA,1010.2,13.7,14.8,NA,NA,NA
2025,11,16,12,5,200,3.6,NA,NA,NA,NA,NA,1010.4,13.5,14.8,NA,NA,NA
2025,11,16,13,5,160,3.6,NA,NA,NA,NA,NA,1010.4,13.3,14.7,NA,NA,NA
2025,11,16,14,5,140,6.7,NA,NA,NA,NA,NA,1010.4,13.7,14.8,NA,NA,NA
2025,11,16,15,5,150,5.1,NA,NA,NA,NA,NA,1011,14.2,14.8,NA,NA,NA
2025,11,16,15,55,160,6.7,NA,NA,NA,NA,NA,1011.8,14.1,14.8,NA,NA,NA
2025,11,16,17,5,160,5.7,NA,NA,NA,NA,NA,1012.7,14.2,14.8,NA,NA,NA
2025,11,16,18,5,170,1.5,NA,NA,NA,NA,NA,1013,13.6,14.8,NA,NA,NA
2025,11,16,19,5,160,6.2,NA,NA,NA,NA,NA,1013.3,14.2,14.8,NA,NA,NA
2025,11,16,20,5,150,8.2,NA,NA,NA,NA,NA,1012.5,14.3,14.9,NA,NA,NA
2025,11,16,20,55,160,7.2,NA,NA,NA,NA,NA,1012.3,14.4,14.9,NA,NA,NA
2025,11,16,21,55,150,6.7,NA,NA,NA,NA,NA,1012,14.9,14.9,NA,NA,NA
2025,11,16,22,55,150,8.8,NA,NA,NA,NA,NA,1011.4,15.1,14.9,NA,NA,NA
2025,11,16,23,55,150,7.2,NA,NA,NA,NA,NA,1011.2,15.3,14.9,NA,NA,NA
2025,11,17,0,55,150,7.7,NA,NA,NA,NA,NA,1011.3,15.4,14.9,NA,NA,NA
2025,11,17,1,55,150,7.2,NA,NA,NA,NA,NA,1010.9,15.5,14.9,NA,NA,NA
2025,11,17,3,5,150,6.7,NA,NA,NA,NA,NA,1010.9,15.5,14.8,NA,NA,NA
2025,11,17,4,5,130,8.8,NA,NA,NA,NA,NA,1010.7,15.7,15,NA,NA,NA
2025,11,17,4,55,140,8.8,NA,NA,NA,NA,NA,1010.5,15.7,14.9,NA,NA,NA
2025,11,17,5,55,130,9.8,NA,NA,NA,NA,NA,1010,15.8,14.9,NA,NA,NA
2025,11,17,7,5,130,10.3,NA,NA,NA,NA,NA,1009,15.9,14.9,NA,NA,NA
2025,11,17,7,55,130,10.3,NA,NA,NA,NA,NA,1008.3,15.6,14.9,NA,NA,NA
2025,11,17,9,5,130,12.9,NA,NA,NA,NA,NA,1007.2,14.7,14.8,NA,NA,NA
2025,11,17,11,5,250,7.7,NA,NA,NA,NA,NA,1008.4,13.5,14.9,NA,NA,NA
2025,11,17,12,5,210,2.6,NA,NA,NA,NA,NA,1009.1,13.6,14.9,NA,NA,NA
2025,11,17,12,55,250,2.6,NA,NA,NA,NA,NA,1009.1,13.4,14.9,NA,NA,NA
2025,11,17,13,55,240,9.3,NA,NA,NA,NA,NA,1009.4,13.9,14.9,NA,NA,NA
2025,11,17,14,55,260,8.2,NA,NA,NA,NA,NA,1010,13.7,14.9,NA,NA,NA
2025,11,17,15,55,260,9.8,NA,NA,NA,NA,NA,1010.5,13.3,14.9,NA,NA,NA
2025,11,17,16,55,260,9.8,NA,NA,NA,NA,NA,1011.2,13.2,14.9,NA,NA,NA
2025,11,17,17,55,260,7.2,NA,NA,NA,NA,NA,1011.7,13.6,14.9,NA,NA,NA
2025,11,17,19,5,240,5.1,NA,NA,NA,NA,NA,1011.8,13.7,14.9,NA,NA,NA
2025,11,17,20,5,230,7.7,NA,NA,NA,NA,NA,1011.3,12.2,14.9,NA,NA,NA
2025,11,17,21,5,240,10.3,NA,NA,NA,NA,NA,1011.1,12.8,14.9,NA,NA,NA
2025,11,17,22,15,240,6.7,NA,NA,NA,NA,NA,1011.3,12.9,14.9,NA,NA,NA
2025,11,17,22,55,240,6.7,NA,NA,NA,NA,NA,1011.5,13.1,14.9,NA,NA,NA
2025,11,18,0,5,240,6.7,NA,NA,NA,NA,NA,1011.6,13.4,14.8,NA,NA,NA
2025,11,18,1,5,240,7.2,NA,NA,NA,NA,NA,1011.9,13.3,14.8,NA,NA,NA
2025,11,18,2,5,240,8.2,NA,NA,NA,NA,NA,1012.4,13.8,14.8,NA,NA,NA
2025,11,18,2,55,260,6.2,NA,NA,NA,NA,NA,1012.4,13.4,14.8,NA,NA,NA
2025,11,18,4,5,270,5.7,NA,NA,NA,NA,NA,1012.6,13.1,14.8,NA,NA,NA
2025,11,18,5,15,260,6.7,NA,NA,NA,NA,NA,1012.8,13.7,14.8,NA,NA,NA
2025,11,18,5,55,270,5.7,NA,NA,NA,NA,NA,1013.3,13,14.8,NA,NA,NA
2025,11,18,6,55,260,3.1,NA,NA,NA,NA,NA,1012.8,13.4,14.8,NA,NA,NA
2025,11,18,7,55,260,5.7,NA,NA,NA,NA,NA,1012.8,13.5,14.8,NA,NA,NA
2025,11,18,8,55,250,5.1,NA,NA,NA,NA,NA,1012.5,13.4,14.8,NA,NA,NA
2025,11,18,9,55,250,3.1,NA,NA,NA,NA,NA,1012.3,13.4,14.8,NA,NA,NA
2025,11,18,11,5,190,3.6,NA,NA,NA,NA,NA,1012.3,13,14.8,NA,NA,NA
2025,11,18,11,55,200,1.5,NA,NA,NA,NA,NA,1012.2,13.2,14.8,NA,NA,NA
2025,11,18,13,5,110,3.6,NA,NA,NA,NA,NA,1012.1,13.1,14.8,NA,NA,NA
2025,11,18,14,5,80,3.6,NA,NA,NA,NA,NA,1012.8,12.4,14.8,NA,NA,NA
2025,11,18,15,5,50,2.6,NA,NA,NA,NA,NA,1013.7,12.3,14.8,NA,NA,NA
2025,11,18,15,55,70,3.1,NA,NA,NA,NA,NA,1014.9,11.2,14.8,NA,NA,NA
2025,11,18,17,5,40,4.6,NA,NA,NA,NA,NA,1015.8,11.4,14.8,NA,NA,NA
2025,11,18,17,55,20,4.1,NA,NA,NA,NA,NA,1015.5,12.2,14.8,NA,NA,NA
2025,11,18,19,5,10,3.1,NA,NA,NA,NA,NA,1015.1,12.6,14.9,NA,NA,NA
2025,11,18,20,5,350,3.6,NA,NA,NA,NA,NA,1014.8,13,15,NA,NA,NA
2025,11,18,21,5,360,1.5,NA,NA,NA,NA,NA,1014.5,14.1,15,NA,NA,NA
2025,11,18,22,5,260,1,NA,NA,NA,NA,NA,1014.3,14.1,15.1,NA,NA,NA
2025,11,18,23,5,270,8.2,NA,NA,NA,NA,NA,1014.7,14.1,15,NA,NA,NA
2025,11,19,0,5,270,6.7,NA,NA,NA,NA,NA,1014.9,13.9,14.9,NA,NA,NA
2025,11,19,0,55,270,6.7,NA,NA,NA,NA,NA,1014.9,13.9,14.9,NA,NA,NA
2025,11,19,1,55,270,8.2,NA,NA,NA,NA,NA,1015.6,14.2,14.9,NA,NA,NA
2025,11,19,3,5,280,7.2,NA,NA,NA,NA,NA,1016,14,14.8,NA,NA,NA
2025,11,19,4,5,270,5.1,NA,NA,NA,NA,NA,1016.1,13.8,14.8,NA,NA,NA
2025,11,19,4,55,280,4.1,NA,NA,NA,NA,NA,1016.4,13.8,14.8,NA,NA,NA
2025,11,19,5,55,270,6.2,NA,NA,NA,NA,NA,1017,13.8,14.8,NA,NA,NA
2025,11,19,7,5,280,5.1,NA,NA,NA,NA,NA,1017,13.5,14.8,NA,NA,NA
2025,11,19,8,5,320,2.6,NA,NA,NA,NA,NA,1017.1,13.1,14.8,NA,NA,NA
2025,11,19,9,5,350,1,NA,NA,NA,NA,NA,1017.5,12.8,14.9,NA,NA,NA
2025,11,19,10,5,320,1.5,NA,NA,NA,NA,NA,1017.8,12.8,14.9,NA,NA,NA
2025,11,19,10,55,360,1.5,NA,NA,NA,NA,NA,1018,12.5,14.9,NA,NA,NA
2025,11,19,11,55,350,1.5,NA,NA,NA,NA,NA,1017.4,12.5,14.8,NA,NA,NA
2025,11,19,12,55,10,3.1,NA,NA,NA,NA,NA,1017.3,12,14.8,NA,NA,NA
2025,11,19,14,5,50,3.1,NA,NA,NA,NA,NA,1017.6,12.6,14.8,NA,NA,NA
2025,11,19,15,5,40,3.1,NA,NA,NA,NA,NA,1018.2,12.1,14.8,NA,NA,NA
2025,11,19,16,5,60,2.6,NA,NA,NA,NA,NA,1018.9,12,14.8,NA,NA,NA
2025,11,19,17,5,90,3.6,NA,NA,NA,NA,NA,1019.1,12.1,14.8,NA,NA,NA
2025,11,19,18,5,110,1.5,NA,NA,NA,NA,NA,1019.4,12.7,14.8,NA,NA,NA
2025,11,19,19,5,150,2.1,NA,NA,NA,NA,NA,1019.2,13.5,14.9,NA,NA,NA
2025,11,19,20,15,190,1,NA,NA,NA,NA,NA,1018.6,13.6,14.9,NA,NA,NA
2025,11,19,21,5,170,1.5,NA,NA,NA,NA,NA,1018.2,13.6,14.9,NA,NA,NA
2025,11,19,22,5,180,2.1,NA,NA,NA,NA,NA,1017.8,13.6,14.9,NA,NA,NA
2025,11,19,23,5,170,1,NA,NA,NA,NA,NA,1017.5,13.6,14.9,NA,NA,NA
2025,11,20,0,5,230,2.1,NA,NA,NA,NA,NA,1017.8,13.8,14.8,NA,NA,NA
2025,11,20,1,5,230,2.6,NA,NA,NA,NA,NA,1017.8,13.8,14.8,NA,NA,NA
2025,11,20,2,5,110,1,NA,NA,NA,NA,NA,1017,13.7,14.8,NA,NA,NA
2025,11,20,3,5,100,1.5,NA,NA,NA,NA,NA,1016.9,13.6,14.8,NA,NA,NA
2025,11,20,4,5,110,2.6,NA,NA,NA,NA,NA,1016.8,13.7,14.8,NA,NA,NA
2025,11,20,5,5,200,3.1,NA,NA,NA,NA,NA,1017.9,13.7,14.8,NA,NA,NA
2025,11,20,6,5,190,2.1,NA,NA,NA,NA,NA,1017.7,13.8,14.8,NA,NA,NA
2025,11,20,7,5,170,3.6,NA,NA,NA,NA,NA,1017.3,13.8,14.8,NA,NA,NA
2025,11,20,7,55,160,3.1,NA,NA,NA,NA,NA,1017.2,13.7,14.8,NA,NA,NA
2025,11,20,9,5,160,3.1,NA,NA,NA,NA,NA,1017,14,14.8,NA,NA,NA
2025,11,20,9,55,150,3.1,NA,NA,NA,NA,NA,1016.6,13.9,14.8,NA,NA,NA
2025,11,20,10,55,110,5.1,NA,NA,NA,NA,NA,1016,13.5,14.8,NA,NA,NA
2025,11,20,11,55,80,3.6,NA,NA,NA,NA,NA,1015.7,13.1,14.8,NA,NA,NA
2025,11,20,12,55,110,4.1,NA,NA,NA,NA,NA,1015.8,11.9,14.8,NA,NA,NA
2025,11,20,13,55,60,3.1,NA,NA,NA,NA,NA,1016.3,11.7,14.8,NA,NA,NA
2025,11,20,14,55,50,4.6,NA,NA,NA,NA,NA,1016.5,11.5,14.7,NA,NA,NA
2025,11,20,16,5,30,5.1,NA,NA,NA,NA,NA,1016.9,11.6,14.7,NA,NA,NA
2025,11,20,16,55,50,4.1,NA,NA,NA,NA,NA,1017.5,11.4,14.7,NA,NA,NA
2025,11,20,18,5,20,4.1,NA,NA,NA,NA,NA,1017.9,11.4,14.7,NA,NA,NA
2025,11,20,18,55,360,2.6,NA,NA,NA,NA,NA,1018.3,11.5,14.7,NA,NA,NA
2025,11,20,19,55,320,2.1,NA,NA,NA,NA,NA,1016.4,11.8,14.8,NA,NA,NA
2025,11,20,21,5,270,6.7,NA,NA,NA,NA,NA,1015.9,13,14.8,NA,NA,NA
2025,11,20,22,5,270,8.8,NA,NA,NA,NA,NA,1015.3,13.4,14.8,NA,NA,NA
2025,11,20,23,5,260,9.8,NA,NA,NA,NA,NA,1015.3,13.6,14.8,NA,NA,NA
2025,11,21,0,5,270,9.3,NA,NA,NA,NA,NA,1014.8,13.7,14.8,NA,NA,NA
2025,11,21,1,5,280,8.2,NA,NA,NA,NA,NA,1014.6,13.7,14.7,NA,NA,NA
2025,11,21,2,5,280,6.7,NA,NA,NA,NA,NA,1014.7,13.6,14.7,NA,NA,NA
2025,11,21,3,5,280,7.7,NA,NA,NA,NA,NA,1014.9,13.5,14.7,NA,NA,NA
2025,11,21,4,5,280,7.2,NA,NA,NA,NA,NA,1014.6,13.2,14.7,NA,NA,NA
2025,11,21,4,55,280,5.7,NA,NA,NA,NA,NA,1014.5,13.2,14.7,NA,NA,NA
2025,11,21,5,55,320,4.1,NA,NA,NA,NA,NA,1014.7,12.8,14.7,NA,NA,NA
2025,11,21,6,55,310,6.2,NA,NA,NA,NA,NA,1014.5,12.8,14.7,NA,NA,NA
2025,11,21,7,55,320,4.6,NA,NA,NA,NA,NA,1014,12.4,14.7,NA,NA,NA
2025,11,21,9,5,340,4.6,NA,NA,NA,NA,NA,1013.7,12.3,14.7,NA,NA,NA
2025,11,21,9,55,350,3.1,NA,NA,NA,NA,NA,1013.8,12.3,14.7,NA,NA,NA
2025,11,21,11,5,20,2.1,NA,NA,NA,NA,NA,1014.1,12.3,14.7,NA,NA,NA
2025,11,21,12,5,330,3.6,NA,NA,NA,NA,NA,1014.1,12.5,14.7,NA,NA,NA
2025,11,21,13,5,330,4.1,NA,NA,NA,NA,NA,1014.8,12.4,14.7,NA,NA,NA
2025,11,21,14,5,340,3.1,NA,NA,NA,NA,NA,1015.4,13.1,14.7,NA,NA,NA
2025,11,21,15,5,60,3.1,NA,NA,NA,NA,NA,1016.2,11.7,14.7,NA,NA,NA
2025,11,21,16,5,70,7.7,NA,NA,NA,NA,NA,1016.1,12.1,14.6,NA,NA,NA
2025,11,21,17,5,60,5.1,NA,NA,NA,NA,NA,1016.2,12.8,14.7,NA,NA,NA
2025,11,21,17,55,30,5.1,NA,NA,NA,NA,NA,1016.7,12.8,14.7,NA,NA,NA
2025,11,21,19,5,360,4.6,NA,NA,NA,NA,NA,1016.9,13.3,14.7,NA,NA,NA
2025,11,21,19,55,340,3.6,NA,NA,NA,NA,NA,1016.3,13.4,14.8,NA,NA,NA
2025,11,21,20,55,280,3.6,NA,NA,NA,NA,NA,1016.3,14.4,14.8,NA,NA,NA
2025,11,21,21,55,260,4.6,NA,NA,NA,NA,NA,1016.5,14.1,14.8,NA,NA,NA
2025,11,21,23,5,250,4.1,NA,NA,NA,NA,NA,1016.8,14.7,14.8,NA,NA,NA
2025,11,22,0,5,270,2.6,NA,NA,NA,NA,NA,1016.9,15,14.8,NA,NA,NA
2025,11,22,0,55,250,1.5,NA,NA,NA,NA,NA,1017.5,14.8,14.8,NA,NA,NA
2025,11,22,1,55,250,0.5,NA,NA,NA,NA,NA,1017.8,14.5,14.8,NA,NA,NA
2025,11,22,2,55,30,2.1,NA,NA,NA,NA,NA,1018,14.3,14.7,NA,NA,NA
2025,11,22,4,5,0,0,NA,NA,NA,NA,NA,1018.5,14.2,14.7,NA,NA,NA
2025,11,22,4,55,0,0,NA,NA,NA,NA,NA,1019,14.2,14.7,NA,NA,NA
2025,11,22,5,55,30,3.6,NA,NA,NA,NA,NA,1019.2,14,14.7,NA,NA,NA
2025,11,22,6,55,60,3.6,NA,NA,NA,NA,NA,1019.5,13.1,14.7,NA,NA,NA
2025,11,22,8,5,20,4.6,NA,NA,NA,NA,NA,1019.5,13.3,14.7,NA,NA,NA
2025,11,22,8,55,360,2.1,NA,NA,NA,NA,NA,1019.5,12.9,14.7,NA,NA,NA
2025,11,22,9,55,30,3.1,NA,NA,NA,NA,NA,1019.4,12.7,14.7,NA,NA,NA
2025,11,22,10,55,40,3.6,NA,NA,NA,NA,NA,1019.2,12,14.7,NA,NA,NA
2025,11,22,12,5,30,3.6,NA,NA,NA,NA,NA,1018.9,12.2,14.7,NA,NA,NA
2025,11,22,13,5,20,4.6,NA,NA,NA,NA,NA,1018.6,11.7,14.7,NA,NA,NA
2025,11,22,13,55,10,4.6,NA,NA,NA,NA,NA,1018.6,11.5,14.7,NA,NA,NA
2025,11,22,15,5,30,4.1,NA,NA,NA,NA,NA,1018.8,12,14.7,NA,NA,NA
2025,11,22,16,5,20,4.6,NA,NA,NA,NA,NA,1019.2,12,14.7,NA,NA,NA
2025,11,22,17,5,10,3.6,NA,NA,NA,NA,NA,1019.2,11.4,14.7,NA,NA,NA
2025,11,22,18,5,340,2.1,NA,NA,NA,NA,NA,1019.2,12,14.7,NA,NA,NA
2025,11,22,19,5,360,2.6,NA,NA,NA,NA,NA,1018.7,12.4,14.8,NA,NA,NA
2025,11,22,20,5,270,1.5,NA,NA,NA,NA,NA,1017.9,13.3,14.9,NA,NA,NA
2025,11,22,20,55,270,2.6,NA,NA,NA,NA,NA,1017.4,13.4,15,NA,NA,NA
2025,11,22,22,5,240,2.1,NA,NA,NA,NA,NA,1017,14,15,NA,NA,NA
2025,11,22,23,5,260,3.6,NA,NA,NA,NA,NA,1017.1,14.6,15.1,NA,NA,NA
2025,11,23,0,5,250,3.1,NA,NA,NA,NA,NA,1017.1,15.2,15,NA,NA,NA
2025,11,23,1,5,270,5.1,NA,NA,NA,NA,NA,1017.1,15.3,14.9,NA,NA,NA
2025,11,23,1,55,270,5.1,NA,NA,NA,NA,NA,1017.5,15,14.9,NA,NA,NA
2025,11,23,2,55,280,9.3,NA,NA,NA,NA,NA,1017.8,14.4,14.8,NA,NA,NA
2025,11,23,3,55,280,6.2,NA,NA,NA,NA,NA,1018.1,14,14.8,NA,NA,NA
2025,11,23,5,5,280,5.1,NA,NA,NA,NA,NA,1018.4,14,14.8,NA,NA,NA
2025,11,23,5,55,290,4.6,NA,NA,NA,NA,NA,1018.4,13.7,14.8,NA,NA,NA
2025,11,23,6,55,290,4.6,NA,NA,NA,NA,NA,1018.6,13,14.8,NA,NA,NA
2025,11,23,7,55,290,4.6,NA,NA,NA,NA,NA,1018.5,12.9,14.8,NA,NA,NA
2025,11,23,8,55,300,2.1,NA,NA,NA,NA,NA,1018.4,13,14.8,NA,NA,NA
2025,11,23,9,55,290,2.6,NA,NA,NA,NA,NA,1018.6,12.9,14.7,NA,NA,NA
2025,11,23,10,55,310,3.6,NA,NA,NA,NA,NA,1018.6,12.6,14.7,NA,NA,NA
2025,11,23,11,55,330,2.6,NA,NA,NA,NA,NA,1018.9,11.7,14.7,NA,NA,NA
2025,11,23,12,55,350,4.1,NA,NA,NA,NA,NA,1019.1,11.4,14.7,NA,NA,NA
2025,11,23,13,55,360,4.6,NA,NA,NA,NA,NA,1019.2,11.4,14.7,NA,NA,NA
2025,11,23,15,5,40,5.1,NA,NA,NA,NA,NA,1019.7,11.9,14.7,NA,NA,NA
2025,11,23,16,5,10,3.1,NA,NA,NA,NA,NA,1020.5,11.7,14.7,NA,NA,NA
2025,11,23,17,5,340,4.1,NA,NA,NA,NA,NA,1021.1,11.8,14.7,NA,NA,NA
2025,11,23,18,5,310,2.6,NA,NA,NA,NA,NA,1021.5,12.3,14.8,NA,NA,NA
2025,11,23,18,55,270,3.1,NA,NA,NA,NA,NA,1021.3,13,14.8,NA,NA,NA
2025,11,23,19,55,270,5.1,NA,NA,NA,NA,NA,1020.8,13.5,14.8,NA,NA,NA
2025,11,23,20,55,250,7.2,NA,NA,NA,NA,NA,1020.6,13.4,14.8,NA,NA,NA
2025,11,23,22,5,260,8.2,NA,NA,NA,NA,NA,1020.5,13.5,14.8,NA,NA,NA
2025,11,23,23,5,260,5.1,NA,NA,NA,NA,NA,1020.7,13.6,14.8,NA,NA,NA
2025,11,23,23,55,260,6.7,NA,NA,NA,NA,NA,1021.1,13.6,14.8,NA,NA,NA
2025,11,24,0,55,260,5.7,NA,NA,NA,NA,NA,1021.4,13.5,14.8,NA,NA,NA
2025,11,24,1,55,260,8.8,NA,NA,NA,NA,NA,1021.7,13.4,14.8,NA,NA,NA
2025,11,24,2,55,270,8.2,NA,NA,NA,NA,NA,1021.9,13.5,14.8,NA,NA,NA
2025,11,24,3,55,270,8.8,NA,NA,NA,NA,NA,1022.2,13.5,14.7,NA,NA,NA
2025,11,24,4,55,270,9.3,NA,NA,NA,NA,NA,1022.9,13.3,14.7,NA,NA,NA
2025,11,24,5,55,290,6.7,NA,NA,NA,NA,NA,1023.2,13.6,14.6,NA,NA,NA
2025,11,24,7,5,320,3.6,NA,NA,NA,NA,NA,1023.7,12.7,14.6,NA,NA,NA
2025,11,24,8,5,340,4.1,NA,NA,NA,NA,NA,1024.1,12.6,14.6,NA,NA,NA
2025,11,24,8,55,320,6.2,NA,NA,NA,NA,NA,1024.1,12.6,14.6,NA,NA,NA
2025,11,24,10,5,350,2.6,NA,NA,NA,NA,NA,1024.4,12.7,14.6,NA,NA,NA
2025,11,24,11,5,60,2.1,NA,NA,NA,NA,NA,1023.9,12.6,14.6,NA,NA,NA
2025,11,24,12,5,360,1.5,NA,NA,NA,NA,NA,1024.1,12.4,14.6,NA,NA,NA
2025,11,24,13,5,30,3.6,NA,NA,NA,NA,NA,1023.8,12.2,14.6,NA,NA,NA
2025,11,24,14,5,30,3.6,NA,NA,NA,NA,NA,1024.2,12,14.6,NA,NA,NA
2025,11,24,15,5,40,4.1,NA,NA,NA,NA,NA,1024.8,11.8,14.6,NA,NA,NA
2025,11,24,16,5,40,7.2,NA,NA,NA,NA,NA,1025,11.6,14.6,NA,NA,NA
2025,11,24,17,5,20,2.6,NA,NA,NA,NA,NA,1025.6,11.6,14.6,NA,NA,NA
2025,11,24,17,55,30,6.2,NA,NA,NA,NA,NA,1025.7,11.7,14.6,NA,NA,NA
2025,11,24,18,55,30,4.6,NA,NA,NA,NA,NA,1025.1,12.2,14.6,NA,NA,NA
2025,11,24,20,5,360,2.6,NA,NA,NA,NA,NA,1024.4,12.9,14.7,NA,NA,NA
2025,11,24,21,5,300,2.1,NA,NA,NA,NA,NA,1023.9,13,14.8,NA,NA,NA
2025,11,24,22,5,260,4.6,NA,NA,NA,NA,NA,1023.4,13.2,14.8,NA,NA,NA
2025,11,24,22,55,270,4.1,NA,NA,NA,NA,NA,1023,13.4,14.8,NA,NA,NA
2025,11,24,23,55,260,5.1,NA,NA,NA,NA,NA,1022.9,14.1,14.8,NA,NA,NA
2025,11,25,0,55,260,5.1,NA,NA,NA,NA,NA,1023.1,14.4,14.8,NA,NA,NA
2025,11,25,1,55,250,4.6,NA,NA,NA,NA,NA,1022.9,14.5,14.7,NA,NA,NA
2025,11,25,2,55,260,3.6,NA,NA,NA,NA,NA,1023.1,14.5,14.7,NA,NA,NA
2025,11,25,4,5,280,2.1,NA,NA,NA,NA,NA,1023.5,14.5,14.7,NA,NA,NA
2025,11,25,5,5,320,1,NA,NA,NA,NA,NA,1023.4,14.2,14.6,NA,NA,NA
2025,11,25,6,5,70,2.1,NA,NA,NA,NA,NA,1023.9,14.1,14.4,NA,NA,NA
2025,11,25,7,5,320,0.5,NA,NA,NA,NA,NA,1024.6,13.7,14.5,NA,NA,NA
2025,11,25,7,55,10,3.1,NA,NA,NA,NA,NA,1024.5,13.6,14.5,NA,NA,NA
2025,11,25,9,5,40,4.1,NA,NA,NA,NA,NA,1023.7,13.2,14.5,NA,NA,NA
2025,11,25,10,5,30,6.2,NA,NA,NA,NA,NA,1023.5,13.1,14.5,NA,NA,NA
2025,11,25,11,5,20,5.1,NA,NA,NA,NA,NA,1023.1,13,14.5,NA,NA,NA
2025,11,25,11,55,30,7.2,NA,NA,NA,NA,NA,1022.9,12.2,14.5,NA,NA,NA
2025,11,25,12,55,30,5.7,NA,NA,NA,NA,NA,1022.8,12.4,14.4,NA,NA,NA
2025,11,25,13,55,20,7.2,NA,NA,NA,NA,NA,1022.7,12.2,14.3,NA,NA,NA
2025,11,25,14,55,10,6.2,NA,NA,NA,NA,NA,1022.8,11.4,14.3,NA,NA,NA
2025,11,25,15,55,360,6.2,NA,NA,NA,NA,NA,1023.1,11.4,14.4,NA,NA,NA
2025,11,25,16,55,20,6.2,NA,NA,NA,NA,NA,1023.5,10.8,14.4,NA,NA,NA
2025,11,25,17,55,30,6.7,NA,NA,NA,NA,NA,1023.6,11.9,14.5,NA,NA,NA
2025,11,25,18,55,20,7.2,NA,NA,NA,NA,NA,1023.3,13.3,14.6,NA,NA,NA
2025,11,25,19,55,10,6.7,NA,NA,NA,NA,NA,1022.8,14.3,14.6,NA,NA,NA
2025,11,25,21,5,290,3.6,NA,NA,NA,NA,NA,1022.2,13.9,14.7,NA,NA,NA
2025,11,25,22,5,280,3.6,NA,NA,NA,NA,NA,1021.8,13.6,14.8,NA,NA,NA
2025,11,25,23,5,260,4.1,NA,NA,NA,NA,NA,1021.9,14,14.8,NA,NA,NA
2025,11,26,0,5,280,3.1,NA,NA,NA,NA,NA,1021.7,14.4,14.7,NA,NA,NA
2025,11,26,1,5,300,3.1,NA,NA,NA,NA,NA,1021.8,14.3,14.7,NA,NA,NA
2025,11,26,2,5,350,2.6,NA,NA,NA,NA,NA,1021.9,14.7,14.7,NA,NA,NA
2025,11,26,3,15,20,5.7,NA,NA,NA,NA,NA,1021.8,14.4,14.7,NA,NA,NA
2025,11,26,4,5,20,8.8,NA,NA,NA,NA,NA,1021.8,14.1,14.7,NA,NA,NA
2025,11,26,4,55,360,6.7,NA,NA,NA,NA,NA,1022.5,14.9,14.6,NA,NA,NA
2025,11,26,5,55,20,8.2,NA,NA,NA,NA,NA,1022.6,13.7,14.6,NA,NA,NA
2025,11,26,6,55,30,7.2,NA,NA,NA,NA,NA,1023,13.9,14.6,NA,NA,NA
2025,11,26,7,55,30,6.2,NA,NA,NA,NA,NA,1023.2,13.4,14.5,NA,NA,NA
2025,11,26,9,5,40,8.2,NA,NA,NA,NA,NA,1023,12.8,14.5,NA,NA,NA
2025,11,26,10,5,40,8.2,NA,NA,NA,NA,NA,1022.7,12.4,14.5,NA,NA,NA
2025,11,26,11,5,50,9.8,NA,NA,NA,NA,NA,1021.8,12.1,14.5,NA,NA,NA
2025,11,26,12,5,40,9.8,NA,NA,NA,NA,NA,1021.6,11.7,14.5,NA,NA,NA
2025,11,26,13,5,40,10.3,NA,NA,NA,NA,NA,1021.5,11.3,14.4,NA,NA,NA
2025,11,26,14,5,30,8.2,NA,NA,NA,NA,NA,1021.3,11.8,14.4,NA,NA,NA
2025,11,26,15,5,30,8.2,NA,NA,NA,NA,NA,1022.1,11.7,14.4,NA,NA,NA
2025,11,26,15,55,30,7.2,NA,NA,NA,NA,NA,1022.7,11.3,14.4,NA,NA,NA
2025,11,26,16,55,30,7.2,NA,NA,NA,NA,NA,1023.2,12,14.4,NA,NA,NA
2025,11,26,17,55,30,6.7,NA,NA,NA,NA,NA,1023,13,14.4,NA,NA,NA
2025,11,26,19,5,20,7.2,NA,NA,NA,NA,NA,1022.5,13.4,14.4,NA,NA,NA
2025,11,26,19,55,30,7.7,NA,NA,NA,NA,NA,1021.7,14.4,14.4,NA,NA,NA
2025,11,26,20,55,30,5.7,NA,NA,NA,NA,NA,1020.7,15.3,14.5,NA,NA,NA
2025,11,26,21,55,10,4.1,NA,NA,NA,NA,NA,1020.2,16.1,14.5,NA,NA,NA
2025,11,26,22,55,290,3.6,NA,NA,NA,NA,NA,1020.3,15.4,14.5,NA,NA,NA
2025,11,26,23,55,280,5.1,NA,NA,NA,NA,NA,1020.1,14.6,14.5,NA,NA,NA
2025,11,27,0,55,280,5.1,NA,NA,NA,NA,NA,1020.2,14.6,14.5,NA,NA,NA
2025,11,27,1,55,330,1.5,NA,NA,NA,NA,NA,1020.5,14.5,14.5,NA,NA,NA
2025,11,27,3,5,20,4.1,NA,NA,NA,NA,NA,1020.6,15,14.5,NA,NA,NA
2025,11,27,4,5,30,8.2,NA,NA,NA,NA,NA,1020.5,15.3,14.5,NA,NA,NA
2025,11,27,4,55,20,8.2,NA,NA,NA,NA,NA,1021,14.9,14.4,NA,NA,NA
2025,11,27,5,55,20,9.8,NA,NA,NA,NA,NA,1021,14.3,14.4,NA,NA,NA
2025,11,27,6,55,20,8.8,NA,NA,NA,NA,NA,1021.1,14.2,14.4,NA,NA,NA
2025,11,27,7,55,20,8.2,NA,NA,NA,NA,NA,1020.9,14.2,14.4,NA,NA,NA
2025,11,27,9,5,20,5.1,NA,NA,NA,NA,NA,1020.7,13.7,14.4,NA,NA,NA
2025,11,27,10,5,20,6.7,NA,NA,NA,NA,NA,1020.7,13.1,14.4,NA,NA,NA
2025,11,27,10,55,20,6.7,NA,NA,NA,NA,NA,1020.5,13,14.4,NA,NA,NA
2025,11,27,11,55,40,6.7,NA,NA,NA,NA,NA,1019.8,13.2,14.4,NA,NA,NA
2025,11,27,12,55,20,7.2,NA,NA,NA,NA,NA,1020.3,13.1,14.4,NA,NA,NA
2025,11,27,13,55,40,7.2,NA,NA,NA,NA,NA,1020.4,12.8,14.4,NA,NA,NA
2025,11,27,15,5,40,7.7,NA,NA,NA,NA,NA,1020.6,12.4,14.3,NA,NA,NA
2025,11,27,16,5,50,8.2,NA,NA,NA,NA,NA,1020.5,12.8,14.3,NA,NA,NA
2025,11,27,17,5,50,8.8,NA,NA,NA,NA,NA,1020.4,12.8,14.3,NA,NA,NA
2025,11,27,18,5,30,7.2,NA,NA,NA,NA,NA,1020.5,13.1,14.3,NA,NA,NA
2025,11,27,19,5,30,5.7,NA,NA,NA,NA,NA,1020.1,14.2,14.4,NA,NA,NA
2025,11,27,20,5,340,5.1,NA,NA,NA,NA,NA,1019.4,14.7,14.4,NA,NA,NA
2025,11,27,21,5,300,5.1,NA,NA,NA,NA,NA,1018.9,14.4,14.5,NA,NA,NA
2025,11,27,22,5,310,2.6,NA,NA,NA,NA,NA,1018.5,14.2,14.5,NA,NA,NA
2025,11,27,23,5,290,2.1,NA,NA,NA,NA,NA,1018.3,14.7,14.5,NA,NA,NA
2025,11,28,0,5,260,5.7,NA,NA,NA,NA,NA,1018.7,14.4,14.5,NA,NA,NA
2025,11,28,0,55,250,4.1,NA,NA,NA,NA,NA,1018.7,14.4,14.5,NA,NA,NA
2025,11,28,1,55,240,2.1,NA,NA,NA,NA,NA,1019.1,14.4,14.4,NA,NA,NA
2025,11,28,2,55,270,1.5,NA,NA,NA,NA,NA,1019.1,14.4,14.4,NA,NA,NA
2025,11,28,3,55,60,2.1,NA,NA,NA,NA,NA,1019.1,14.2,14.4,NA,NA,NA
2025,11,28,4,55,300,1,NA,NA,NA,NA,NA,1019.2,13.9,14.4,NA,NA,NA
2025,11,28,5,55,300,3.1,NA,NA,NA,NA,NA,1019.3,13.8,14.4,NA,NA,NA
2025,11,28,7,5,330,2.6,NA,NA,NA,NA,NA,1019.4,13.7,14.3,NA,NA,NA
2025,11,28,8,5,10,5.1,NA,NA,NA,NA,NA,1019.2,13.1,14.3,NA,NA,NA
2025,11,28,9,5,320,3.6,NA,NA,NA,NA,NA,1019.5,13.4,14.3,NA,NA,NA
2025,11,28,10,5,350,2.1,NA,NA,NA,NA,NA,1019.6,13.4,14.3,NA,NA,NA
2025,11,28,10,55,10,4.1,NA,NA,NA,NA,NA,1019.4,12.7,14.3,NA,NA,NA
2025,11,28,12,5,20,4.1,NA,NA,NA,NA,NA,1019.1,11.6,14.3,NA,NA,NA
2025,11,28,12,55,10,4.1,NA,NA,NA,NA,NA,1019,11.6,14.3,NA,NA,NA
2025,11,28,13,55,20,3.6,NA,NA,NA,NA,NA,1019.2,11.6,14.2,NA,NA,NA
2025,11,28,15,5,20,4.1,NA,NA,NA,NA,NA,1019.3,11.2,14.8,NA,NA,NA
2025,11,28,16,5,30,4.6,NA,NA,NA,NA,NA,1019.7,11.2,14.8,NA,NA,NA
2025,11,28,17,5,40,4.1,NA,NA,NA,NA,NA,1020.1,11.4,14.9,NA,NA,NA
2025,11,28,18,5,30,2.6,NA,NA,NA,NA,NA,1020.1,11.7,14.9,NA,NA,NA
2025,11,28,19,5,10,2.6,NA,NA,NA,NA,NA,1019.5,12.4,14.9,NA,NA,NA
2025,11,28,19,55,280,1.5,NA,NA,NA,NA,NA,1018.9,13,15,NA,NA,NA
2025,11,28,21,5,280,2.6,NA,NA,NA,NA,NA,1018.1,12.9,15.1,NA,NA,NA
2025,11,28,22,5,270,1.5,NA,NA,NA,NA,NA,1017.7,13.4,15.2,NA,NA,NA
2025,11,28,23,5,270,7.2,NA,NA,NA,NA,NA,1017.4,13.4,15.1,NA,NA,NA
2025,11,29,0,5,250,7.7,NA,NA,NA,NA,NA,1017,13.5,15,NA,NA,NA
2025,11,29,1,5,270,8.8,NA,NA,NA,NA,NA,1016.9,13.4,14.8,NA,NA,NA
2025,11,29,2,15,270,8.2,NA,NA,NA,NA,NA,1017.3,13.2,14.8,NA,NA,NA
2025,11,29,2,55,280,6.2,NA,NA,NA,NA,NA,1017.4,13.3,14.7,NA,NA,NA
2025,11,29,3,55,280,6.7,NA,NA,NA,NA,NA,1017.7,13.3,14.7,NA,NA,NA
2025,11,29,4,55,320,3.6,NA,NA,NA,NA,NA,1018,13.8,14.6,NA,NA,NA
2025,11,29,5,55,40,2.6,NA,NA,NA,NA,NA,1018.2,13.5,14.5,NA,NA,NA
2025,11,29,7,5,10,3.1,NA,NA,NA,NA,NA,1018.2,12.7,14.4,NA,NA,NA
2025,11,29,8,5,10,5.7,NA,NA,NA,NA,NA,1017.7,12.3,14.3,NA,NA,NA
2025,11,29,9,5,340,1.5,NA,NA,NA,NA,NA,1017.9,12.2,14.3,NA,NA,NA
2025,11,29,10,5,30,3.6,NA,NA,NA,NA,NA,1017.6,11.8,14.2,NA,NA,NA
2025,11,29,11,5,30,7.7,NA,NA,NA,NA,NA,1017.1,11.3,14.2,NA,NA,NA
2025,11,29,12,5,40,3.1,NA,NA,NA,NA,NA,1017,11.2,14.2,NA,NA,NA
2025,11,29,13,5,10,4.1,NA,NA,NA,NA,NA,1017.2,11.2,14.2,NA,NA,NA
2025,11,29,13,55,30,7.7,NA,NA,NA,NA,NA,1016.8,11.4,14.3,NA,NA,NA
2025,11,29,14,55,20,6.2,NA,NA,NA,NA,NA,1017.3,11.6,14.4,NA,NA,NA
2025,11,29,15,55,40,5.7,NA,NA,NA,NA,NA,1017.7,11.6,14.5,NA,NA,NA
2025,11,29,16,55,20,5.7,NA,NA,NA,NA,NA,1018.2,11.3,14.5,NA,NA,NA
2025,11,29,17,55,10,4.6,NA,NA,NA,NA,NA,1018.8,11.6,14.5,NA,NA,NA
2025,11,29,18,55,10,6.2,NA,NA,NA,NA,NA,1018.4,12.3,14.5,NA,NA,NA
2025,11,29,19,55,10,4.6,NA,NA,NA,NA,NA,1018.1,12.6,14.5,NA,NA,NA
2025,11,29,21,5,320,2.1,NA,NA,NA,NA,NA,1017.4,13.5,14.6,NA,NA,NA
2025,11,29,21,55,340,2.1,NA,NA,NA,NA,NA,1016.4,13.8,14.6,NA,NA,NA
2025,11,29,22,55,290,2.6,NA,NA,NA,NA,NA,1016.3,13.7,14.6,NA,NA,NA
2025,11,30,0,5,260,3.6,NA,NA,NA,NA,NA,1016.7,13.4,14.6,NA,NA,NA
2025,11,30,1,5,210,3.1,NA,NA,NA,NA,NA,1016.6,13.6,14.6,NA,NA,NA
2025,11,30,1,55,250,2.6,NA,NA,NA,NA,NA,1017.1,13.6,14.6,NA,NA,NA
2025,11,30,2,55,250,3.1,NA,NA,NA,NA,NA,1017.5,13.8,14.5,NA,NA,NA
2025,11,30,3,55,260,2.6,NA,NA,NA,NA,NA,1018,13.8,14.5,NA,NA,NA
2025,11,30,4,55,300,1.5,NA,NA,NA,NA,NA,1018.5,13.8,14.5,NA,NA,NA
2025,11,30,6,5,80,4.6,NA,NA,NA,NA,NA,1017.9,13.1,14.5,NA,NA,NA
2025,11,30,7,5,40,3.6,NA,NA,NA,NA,NA,1018,12.1,14.5,NA,NA,NA
2025,11,30,8,5,10,3.6,NA,NA,NA,NA,NA,1018.2,11.8,14.5,NA,NA,NA
2025,11,30,8,55,10,4.6,NA,NA,NA,NA,NA,1017.9,11.4,14.5,NA,NA,NA
2025,11,30,10,5,40,4.1,NA,NA,NA,NA,NA,1018.4,11.6,14.4,NA,NA,NA
2025,11,30,11,5,40,4.6,NA,NA,NA,NA,NA,1018.1,11.4,14.3,NA,NA,NA
2025,11,30,12,5,360,3.6,NA,NA,NA,NA,NA,1018,11,14.3,NA,NA,NA
2025,11,30,12,55,360,2.6,NA,NA,NA,NA,NA,1017.6,10.4,14.3,NA,NA,NA
2025,11,30,13,55,360,3.1,NA,NA,NA,NA,NA,1017.6,10.4,14.2,NA,NA,NA
2025,11,30,15,5,30,3.1,NA,NA,NA,NA,NA,1018,10.3,14.2,NA,NA,NA
2025,11,30,16,5,20,5.1,NA,NA,NA,NA,NA,1018.4,10,14.2,NA,NA,NA
2025,11,30,16,55,30,4.6,NA,NA,NA,NA,NA,1018.5,9.6,14.2,NA,NA,NA
2025,11,30,17,55,10,5.1,NA,NA,NA,NA,NA,1018.6,10,14.1,NA,NA,NA
2025,11,30,19,5,340,2.6,NA,NA,NA,NA,NA,1018.7,10.3,14.1,NA,NA,NA
2025,11,30,20,15,260,1,NA,NA,NA,NA,NA,1018.2,11.4,14.2,NA,NA,NA
2025,11,30,21,5,250,2.6,NA,NA,NA,NA,NA,1017.3,11.9,14.2,NA,NA,NA
2025,11,30,22,5,270,4.6,NA,NA,NA,NA,NA,1016.7,12.1,14.2,NA,NA,NA
2025,11,30,22,55,260,4.6,NA,NA,NA,NA,NA,1016.4,12.4,14.2,NA,NA,NA
2025,12,1,0,55,260,6.2,NA,NA,NA,NA,NA,1015.7,12.9,14.1,NA,NA,NA
2025,12,1,1,55,340,3.6,NA,NA,NA,NA,NA,1016.3,13,14.1,NA,NA,NA
2025,12,1,2,55,360,2.6,NA,NA,NA,NA,NA,1017,12.8,14.1,NA,NA,NA
2025,12,1,3,55,0,0,NA,NA,NA,NA,NA,1017.5,12.6,14.1,NA,NA,NA
2025,12,1,4,55,60,3.1,NA,NA,NA,NA,NA,1017.7,11.9,14.1,NA,NA,NA
2025,12,1,5,55,50,3.6,NA,NA,NA,NA,NA,1017.7,11.2,14,NA,NA,NA
2025,12,1,6,55,40,5.7,NA,NA,NA,NA,NA,1018.1,11.3,14,NA,NA,NA
2025,12,1,7,55,40,3.6,NA,NA,NA,NA,NA,1018.2,11.4,14,NA,NA,NA
2025,12,1,8,55,100,1,NA,NA,NA,NA,NA,1018.3,11.4,14.3,NA,NA,NA
2025,12,1,9,55,50,4.1,NA,NA,NA,NA,NA,1018.3,11.2,14.4,NA,NA,NA
2025,12,1,11,5,20,4.6,NA,NA,NA,NA,NA,1018.2,10.7,14.5,NA,NA,NA
2025,12,1,12,5,50,6.7,NA,NA,NA,NA,NA,1018.1,10.5,14.5,NA,NA,NA
2025,12,1,13,5,40,7.7,NA,NA,NA,NA,NA,1017.9,10.1,14.5,NA,NA,NA
2025,12,1,14,5,40,7.2,NA,NA,NA,NA,NA,1018.1,9.9,14.6,NA,NA,NA
2025,12,1,14,55,50,6.7,NA,NA,NA,NA,NA,1018.5,9.4,14.5,NA,NA,NA
2025,12,1,15,55,30,7.7,NA,NA,NA,NA,NA,1018.7,9.3,14.5,NA,NA,NA
2025,12,1,16,55,20,8.2,NA,NA,NA,NA,NA,1019.3,9.9,14.4,NA,NA,NA
2025,12,1,17,55,50,9.8,NA,NA,NA,NA,NA,1019.8,10.3,14.4,NA,NA,NA
2025,12,1,18,55,30,8.2,NA,NA,NA,NA,NA,1019.8,11.2,14.3,NA,NA,NA
2025,12,1,19,55,60,5.1,NA,NA,NA,NA,NA,1019.3,12.5,14.2,NA,NA,NA
2025,12,1,21,5,30,6.7,NA,NA,NA,NA,NA,1018.7,13.3,14.4,NA,NA,NA
2025,12,1,22,5,10,4.6,NA,NA,NA,NA,NA,1018.3,13.7,14.4,NA,NA,NA
2025,12,1,23,5,20,2.1,NA,NA,NA,NA,NA,1018.2,14.4,14.4,NA,NA,NA
2025,12,2,0,5,310,3.1,NA,NA,NA,NA,NA,1018.1,14.4,14.5,NA,NA,NA
2025,12,2,1,5,300,4.1,NA,NA,NA,NA,NA,1018,13.5,14.4,NA,NA,NA
2025,12,2,2,5,360,4.1,NA,NA,NA,NA,NA,1018.3,13.8,14.4,NA,NA,NA
2025,12,2,2,55,20,5.1,NA,NA,NA,NA,NA,1018.7,13.5,14.4,NA,NA,NA
2025,12,2,3,55,10,5.7,NA,NA,NA,NA,NA,1018.9,12.9,14.3,NA,NA,NA
2025,12,2,4,55,20,5.1,NA,NA,NA,NA,NA,1018.7,12.6,14.3,NA,NA,NA
2025,12,2,6,5,10,5.1,NA,NA,NA,NA,NA,1019.3,12,14.2,NA,NA,NA
2025,12,2,7,5,10,6.2,NA,NA,NA,NA,NA,1019.6,12.3,14.2,NA,NA,NA
2025,12,2,8,5,10,4.1,NA,NA,NA,NA,NA,1019.2,12.9,14.1,NA,NA,NA
2025,12,2,9,5,20,5.1,NA,NA,NA,NA,NA,1018.9,12.4,14.1,NA,NA,NA
2025,12,2,10,5,20,5.7,NA,NA,NA,NA,NA,1018.6,12.2,14.1,NA,NA,NA
2025,12,2,11,5,20,6.2,NA,NA,NA,NA,NA,1018.4,12.6,14,NA,NA,NA
2025,12,2,12,5,20,6.7,NA,NA,NA,NA,NA,1018.3,12.5,14,NA,NA,NA
2025,12,2,13,5,30,9.3,NA,NA,NA,NA,NA,1018,12.6,14,NA,NA,NA
2025,12,2,14,5,360,6.2,NA,NA,NA,NA,NA,1018.6,11.4,14,NA,NA,NA
2025,12,2,14,55,350,4.6,NA,NA,NA,NA,NA,1018.5,11.4,14,NA,NA,NA
2025,12,2,16,5,10,5.7,NA,NA,NA,NA,NA,1018.9,11.7,14,NA,NA,NA
2025,12,2,17,5,30,5.1,NA,NA,NA,NA,NA,1019.1,11.8,13.9,NA,NA,NA
2025,12,2,18,5,40,5.1,NA,NA,NA,NA,NA,1019.6,11.7,13.9,NA,NA,NA
2025,12,2,18,55,20,3.1,NA,NA,NA,NA,NA,1019.4,12.2,14,NA,NA,NA
2025,12,2,19,55,70,1,NA,NA,NA,NA,NA,1018.6,12.9,14.1,NA,NA,NA
2025,12,2,20,55,300,0.5,NA,NA,NA,NA,NA,1018,13.6,14.2,NA,NA,NA
2025,12,2,21,55,260,1.5,NA,NA,NA,NA,NA,1017,14.2,14.2,NA,NA,NA
2025,12,2,22,55,250,4.1,NA,NA,NA,NA,NA,1017,14,14.3,NA,NA,NA
2025,12,2,23,55,260,4.6,NA,NA,NA,NA,NA,1016.6,14.2,14.2,NA,NA,NA
2025,12,3,16,55,60,3.1,NA,NA,NA,NA,NA,1018.6,12.1,13.8,NA,NA,NA
2025,12,3,18,5,60,6.7,NA,NA,NA,NA,NA,1019.6,12.7,13.8,NA,NA,NA
2025,12,3,19,5,60,3.6,NA,NA,NA,NA,NA,1019.9,13.2,14,NA,NA,NA
2025,12,3,20,5,80,4.6,NA,NA,NA,NA,NA,1019.8,13.6,14.1,NA,NA,NA
2025,12,3,21,5,60,6.2,NA,NA,NA,NA,NA,1019.2,13.8,14.2,NA,NA,NA
2025,12,3,22,5,50,4.1,NA,NA,NA,NA,NA,1018.9,14,14.3,NA,NA,NA
2025,12,3,22,55,30,2.6,NA,NA,NA,NA,NA,1019.3,14.2,14.4,NA,NA,NA
2025,12,3,23,55,50,2.6,NA,NA,NA,NA,NA,1019.3,14.6,14.4,NA,NA,NA
2025,12,4,1,5,280,3.1,NA,NA,NA,NA,NA,1020,14,14.4,NA,NA,NA
2025,12,4,2,5,300,3.6,NA,NA,NA,NA,NA,1020.7,14.4,14.4,NA,NA,NA
2025,12,4,2,55,340,3.1,NA,NA,NA,NA,NA,1021,14.2,14.4,NA,NA,NA
2025,12,4,3,55,360,4.6,NA,NA,NA,NA,NA,1021.6,13.8,14.4,NA,NA,NA
2025,12,4,4,55,30,4.1,NA,NA,NA,NA,NA,1021.8,13.5,14.4,NA,NA,NA
2025,12,4,6,5,20,4.6,NA,NA,NA,NA,NA,1022.3,13,14.4,NA,NA,NA
2025,12,4,7,5,30,5.1,NA,NA,NA,NA,NA,1022.3,12,14.4,NA,NA,NA
2025,12,4,7,55,30,6.7,NA,NA,NA,NA,NA,1022.3,11.4,14.3,NA,NA,NA
2025,12,4,8,55,30,6.7,NA,NA,NA,NA,NA,1022.4,11,14.3,NA,NA,NA
2025,12,4,9,55,30,5.1,NA,NA,NA,NA,NA,1022.7,10.5,14.3,NA,NA,NA
2025,12,4,10,55,40,7.2,NA,NA,NA,NA,NA,1022.1,9.9,14.4,NA,NA,NA
2025,12,4,12,5,40,7.2,NA,NA,NA,NA,NA,1022.2,9.4,14.6,NA,NA,NA
2025,12,4,13,5,40,8.2,NA,NA,NA,NA,NA,1022.2,9.4,14.6,NA,NA,NA
2025,12,4,14,5,50,7.7,NA,NA,NA,NA,NA,1022.4,9.8,14.5,NA,NA,NA
2025,12,4,15,5,40,7.7,NA,NA,NA,NA,NA,1023.2,9.8,14.4,NA,NA,NA
2025,12,4,16,5,40,9.3,NA,NA,NA,NA,NA,1023.5,9.7,14.4,NA,NA,NA
2025,12,4,17,5,50,6.7,NA,NA,NA,NA,NA,1024.1,9.4,14.4,NA,NA,NA
2025,12,4,17,55,50,5.1,NA,NA,NA,NA,NA,1024.8,10.3,14.4,NA,NA,NA
2025,12,4,19,5,30,3.6,NA,NA,NA,NA,NA,1024.7,11.2,14.4,NA,NA,NA
2025,12,4,20,5,20,2.6,NA,NA,NA,NA,NA,1024,12.2,14.5,NA,NA,NA
2025,12,4,21,5,340,2.6,NA,NA,NA,NA,NA,1023,13.6,14.6,NA,NA,NA
2025,12,4,22,5,280,3.1,NA,NA,NA,NA,NA,1022.8,13.3,14.6,NA,NA,NA
2025,12,4,23,5,270,3.6,NA,NA,NA,NA,NA,1022.3,13.7,14.5,NA,NA,NA
2025,12,5,0,5,270,4.6,NA,NA,NA,NA,NA,1022.5,13.9,14.5,NA,NA,NA
2025,12,5,1,5,280,4.1,NA,NA,NA,NA,NA,1022.9,13.9,14.4,NA,NA,NA
2025,12,5,2,5,290,2.6,NA,NA,NA,NA,NA,1023.3,14,14.4,NA,NA,NA
2025,12,5,2,55,340,1.5,NA,NA,NA,NA,NA,1023.6,14,14.4,NA,NA,NA
2025,12,5,3,55,40,1,NA,NA,NA,NA,NA,1023.6,13.7,14.4,NA,NA,NA
2025,12,5,4,55,40,4.6,NA,NA,NA,NA,NA,1023.7,13.7,14.4,NA,NA,NA
2025,12,5,6,5,20,5.7,NA,NA,NA,NA,NA,1023.9,12.6,14.3,NA,NA,NA
2025,12,5,7,5,50,3.6,NA,NA,NA,NA,NA,1023.9,12.7,14.3,NA,NA,NA
2025,12,5,7,55,10,4.1,NA,NA,NA,NA,NA,1023.7,12.4,14.3,NA,NA,NA
2025,12,5,9,5,30,4.1,NA,NA,NA,NA,NA,1023.1,12.1,14.2,NA,NA,NA
2025,12,5,10,5,40,7.7,NA,NA,NA,NA,NA,1022.6,11.8,14.2,NA,NA,NA
2025,12,5,10,55,50,5.1,NA,NA,NA,NA,NA,1022.4,11.6,14.2,NA,NA,NA
2025,12,5,11,55,50,4.6,NA,NA,NA,NA,NA,1022.1,11.2,14.2,NA,NA,NA
2025,12,5,12,55,40,5.1,NA,NA,NA,NA,NA,1021.5,10.7,14.2,NA,NA,NA
2025,12,5,13,55,40,5.7,NA,NA,NA,NA,NA,1021.6,10.6,14.2,NA,NA,NA
2025,12,5,14,55,20,6.2,NA,NA,NA,NA,NA,1022.4,10.4,14.2,NA,NA,NA
2025,12,5,16,5,40,7.2,NA,NA,NA,NA,NA,1022.4,10.3,14.1,NA,NA,NA
2025,12,5,17,5,30,3.6,NA,NA,NA,NA,NA,1022.6,10.7,14.1,NA,NA,NA
2025,12,5,18,5,40,4.6,NA,NA,NA,NA,NA,1022.6,11,14.1,NA,NA,NA
2025,12,5,19,5,50,3.1,NA,NA,NA,NA,NA,1022.4,11.9,14.2,NA,NA,NA
2025,12,5,20,5,0,0,NA,NA,NA,NA,NA,1021.5,12.8,14.3,NA,NA,NA
2025,12,5,20,55,260,2.6,NA,NA,NA,NA,NA,1020.9,13.2,14.4,NA,NA,NA
2025,12,5,21,55,250,2.6,NA,NA,NA,NA,NA,1020.3,13.3,14.4,NA,NA,NA
2025,12,5,22,55,260,3.6,NA,NA,NA,NA,NA,1020,13.3,14.4,NA,NA,NA
2025,12,5,23,55,260,5.7,NA,NA,NA,NA,NA,1019.9,13.7,14.3,NA,NA,NA
2025,12,6,0,55,270,6.2,NA,NA,NA,NA,NA,1019.5,13.8,14.2,NA,NA,NA
2025,12,6,1,55,270,7.7,NA,NA,NA,NA,NA,1019.9,13.8,14.2,NA,NA,NA
2025,12,6,2,55,270,6.2,NA,NA,NA,NA,NA,1019.9,13.7,14.1,NA,NA,NA
2025,12,6,4,5,260,5.7,NA,NA,NA,NA,NA,1020,13.7,14.1,NA,NA,NA
2025,12,6,4,55,290,4.6,NA,NA,NA,NA,NA,1020.3,13.6,14.1,NA,NA,NA
2025,12,6,5,55,280,8.2,NA,NA,NA,NA,NA,1020.5,13.3,14.1,NA,NA,NA
2025,12,6,6,55,270,5.1,NA,NA,NA,NA,NA,1020.4,13.4,14.1,NA,NA,NA
2025,12,6,7,55,270,6.7,NA,NA,NA,NA,NA,1020.2,13,14.1,NA,NA,NA
2025,12,6,9,5,290,5.1,NA,NA,NA,NA,NA,1019.9,12.8,14.1,NA,NA,NA
2025,12,6,10,5,330,1.5,NA,NA,NA,NA,NA,1020.4,12.8,14.1,NA,NA,NA
2025,12,6,10,55,60,4.1,NA,NA,NA,NA,NA,1020,12.1,14,NA,NA,NA
2025,12,6,11,55,10,4.1,NA,NA,NA,NA,NA,1020.2,11.5,14,NA,NA,NA
2025,12,6,12,55,40,4.6,NA,NA,NA,NA,NA,1019.7,10.6,14.1,NA,NA,NA
2025,12,6,13,55,30,3.6,NA,NA,NA,NA,NA,1020.4,10.8,14.1,NA,NA,NA
2025,12,6,14,55,30,5.1,NA,NA,NA,NA,NA,1020.8,11,14.1,NA,NA,NA
2025,12,6,16,5,10,7.2,NA,NA,NA,NA,NA,1021.1,11.4,14.1,NA,NA,NA
2025,12,6,17,5,40,5.1,NA,NA,NA,NA,NA,1021.3,10.7,14.1,NA,NA,NA
2025,12,6,17,55,30,4.6,NA,NA,NA,NA,NA,1021.4,11.4,14.1,NA,NA,NA
2025,12,6,18,55,350,4.6,NA,NA,NA,NA,NA,1021.5,11.7,14.1,NA,NA,NA
2025,12,6,20,5,340,2.6,NA,NA,NA,NA,NA,1020.9,12.4,14.2,NA,NA,NA
2025,12,6,21,5,260,2.6,NA,NA,NA,NA,NA,1020.3,12.6,14.3,NA,NA,NA
2025,12,6,22,5,270,4.1,NA,NA,NA,NA,NA,1020,13.1,14.3,NA,NA,NA
2025,12,6,23,5,260,3.1,NA,NA,NA,NA,NA,1019.8,13.4,14.3,NA,NA,NA
2025,12,7,0,5,260,4.1,NA,NA,NA,NA,NA,1019.8,13.6,14.3,NA,NA,NA
2025,12,7,0,55,290,3.6,NA,NA,NA,NA,NA,1020.2,13.9,14.4,NA,NA,NA
2025,12,7,2,5,310,2.6,NA,NA,NA,NA,NA,1020.6,13.7,14.3,NA,NA,NA
2025,12,7,2,55,330,1.5,NA,NA,NA,NA,NA,1020.7,13.6,14.3,NA,NA,NA
2025,12,7,3,55,340,3.1,NA,NA,NA,NA,NA,1020.7,13.8,14.3,NA,NA,NA
2025,12,7,4,55,310,2.1,NA,NA,NA,NA,NA,1021.1,13.7,14.2,NA,NA,NA
2025,12,7,5,55,360,3.6,NA,NA,NA,NA,NA,1021.2,13.2,14.2,NA,NA,NA
2025,12,7,6,55,330,2.6,NA,NA,NA,NA,NA,1021.6,12.9,14.2,NA,NA,NA
2025,12,7,7,55,330,2.6,NA,NA,NA,NA,NA,1021.9,12.6,14.2,NA,NA,NA
2025,12,7,8,55,360,5.7,NA,NA,NA,NA,NA,1021.4,12.2,14.2,NA,NA,NA
2025,12,7,9,55,40,5.7,NA,NA,NA,NA,NA,1021.6,12.4,14.2,NA,NA,NA
2025,12,7,10,55,20,5.1,NA,NA,NA,NA,NA,1021.9,12.3,14.2,NA,NA,NA
2025,12,7,11,55,10,4.6,NA,NA,NA,NA,NA,1021.5,11.7,14.1,NA,NA,NA
2025,12,7,12,55,30,6.2,NA,NA,NA,NA,NA,1021.5,11.5,14.1,NA,NA,NA
2025,12,7,13,55,10,4.6,NA,NA,NA,NA,NA,1022,11.6,14.1,NA,NA,NA
2025,12,7,14,55,30,7.2,NA,NA,NA,NA,NA,1022.6,10.9,14.1,NA,NA,NA
2025,12,7,15,55,40,5.1,NA,NA,NA,NA,NA,1023.3,11.1,14.1,NA,NA,NA
2025,12,7,16,55,40,5.1,NA,NA,NA,NA,NA,1023.8,11.3,14.1,NA,NA,NA
2025,12,7,17,55,20,3.1,NA,NA,NA,NA,NA,1024.6,11.1,14.1,NA,NA,NA
2025,12,7,18,55,10,2.6,NA,NA,NA,NA,NA,1024.9,11.8,14.1,NA,NA,NA
2025,12,7,19,55,10,3.1,NA,NA,NA,NA,NA,1024.3,12.6,14.2,NA,NA,NA
2025,12,7,20,55,340,2.1,NA,NA,NA,NA,NA,1023.8,13.3,14.2,NA,NA,NA
2025,12,7,21,55,350,2.1,NA,NA,NA,NA,NA,1023.7,13.4,14.2,NA,NA,NA
2025,12,7,22,55,280,1,NA,NA,NA,NA,NA,1023.2,13.8,14.3,NA,NA,NA
2025,12,7,23,55,250,1.5,NA,NA,NA,NA,NA,1023.3,14.3,14.3,NA,NA,NA
2025,12,8,0,55,260,2.1,NA,NA,NA,NA,NA,1023.6,13.9,14.2,NA,NA,NA
2025,12,8,1,55,280,2.1,NA,NA,NA,NA,NA,1024.1,14,14.1,NA,NA,NA
2025,12,8,2,55,270,1.5,NA,NA,NA,NA,NA,1024.5,14.1,14.1,NA,NA,NA
2025,12,8,3,55,260,2.1,NA,NA,NA,NA,NA,1024.7,13.9,14.1,NA,NA,NA
2025,12,8,5,15,0,0,NA,NA,NA,NA,NA,1025,13.8,14,NA,NA,NA
2025,12,8,6,5,350,1,NA,NA,NA,NA,NA,1025.2,13.1,14,NA,NA,NA
2025,12,8,6,55,20,3.6,NA,NA,NA,NA,NA,1025.2,13.2,14,NA,NA,NA
2025,12,8,7,55,10,3.6,NA,NA,NA,NA,NA,1025,12.2,14.1,NA,NA,NA
2025,12,8,9,5,350,2.6,NA,NA,NA,NA,NA,1024.8,12,14.1,NA,NA,NA
2025,12,8,10,5,360,5.1,NA,NA,NA,NA,NA,1025.2,11.6,14.1,NA,NA,NA
2025,12,8,11,5,20,5.7,NA,NA,NA,NA,NA,1025,11.1,14.1,NA,NA,NA
2025,12,8,11,55,40,5.7,NA,NA,NA,NA,NA,1024.8,10.8,14.1,NA,NA,NA
2025,12,8,12,55,30,5.7,NA,NA,NA,NA,NA,1024.6,10.4,14,NA,NA,NA
2025,12,8,13,55,30,7.7,NA,NA,NA,NA,NA,1024.6,10.2,14,NA,NA,NA
2025,12,8,15,5,30,8.8,NA,NA,NA,NA,NA,1024.9,10,14,NA,NA,NA
2025,12,8,16,5,30,10.3,NA,NA,NA,NA,NA,1025.5,10.2,14,NA,NA,NA
2025,12,8,17,5,20,10.8,NA,NA,NA,NA,NA,1025.7,10.8,13.9,NA,NA,NA
2025,12,8,18,5,20,7.7,NA,NA,NA,NA,NA,1025.9,11.3,13.9,NA,NA,NA
2025,12,8,18,55,20,4.6,NA,NA,NA,NA,NA,1026,12.3,13.9,NA,NA,NA
2025,12,8,19,55,340,3.6,NA,NA,NA,NA,NA,1025.4,12.3,13.9,NA,NA,NA
2025,12,8,20,55,270,4.6,NA,NA,NA,NA,NA,1024.8,12.4,13.9,NA,NA,NA
2025,12,8,21,55,290,3.1,NA,NA,NA,NA,NA,1024.7,12.9,14,NA,NA,NA
2025,12,8,23,5,300,3.1,NA,NA,NA,NA,NA,1025,13.3,14,NA,NA,NA
2025,12,9,0,5,0,0,NA,NA,NA,NA,NA,1024,14.3,13.9,NA,NA,NA
2025,12,9,0,55,300,0.5,NA,NA,NA,NA,NA,1024.2,13.8,13.8,NA,NA,NA
2025,12,9,1,55,280,4.1,NA,NA,NA,NA,NA,1024.4,13.6,13.8,NA,NA,NA
2025,12,9,2,55,280,1.5,NA,NA,NA,NA,NA,1024.6,14,13.8,NA,NA,NA
2025,12,9,3,55,300,1,NA,NA,NA,NA,NA,1024.9,13.7,13.8,NA,NA,NA
2025,12,9,5,5,10,2.1,NA,NA,NA,NA,NA,1025.1,13.4,13.9,NA,NA,NA
2025,12,9,5,55,10,3.6,NA,NA,NA,NA,NA,1025,13.2,13.9,NA,NA,NA
2025,12,9,7,5,10,3.1,NA,NA,NA,NA,NA,1024.8,12.8,13.8,NA,NA,NA
2025,12,9,8,5,10,3.1,NA,NA,NA,NA,NA,1024.5,12.8,13.7,NA,NA,NA
2025,12,9,9,5,340,3.1,NA,NA,NA,NA,NA,1024.1,12.1,13.8,NA,NA,NA
2025,12,9,10,5,350,6.7,NA,NA,NA,NA,NA,1023.9,11.7,13.7,NA,NA,NA
2025,12,9,11,5,360,5.7,NA,NA,NA,NA,NA,1023.7,11.3,13.7,NA,NA,NA
2025,12,9,12,5,20,5.1,NA,NA,NA,NA,NA,1023.2,11.6,13.7,NA,NA,NA
2025,12,9,13,5,30,8.2,NA,NA,NA,NA,NA,1023,11.1,13.7,NA,NA,NA
2025,12,9,14,5,20,4.1,NA,NA,NA,NA,NA,1023.1,11.3,13.6,NA,NA,NA
2025,12,9,14,55,20,7.2,NA,NA,NA,NA,NA,1023.2,11.2,13.6,NA,NA,NA
2025,12,9,16,55,30,3.6,NA,NA,NA,NA,NA,1023.9,10.9,13.6,NA,NA,NA
2025,12,9,17,55,360,4.6,NA,NA,NA,NA,NA,1024.2,11.2,13.6,NA,NA,NA
2025,12,9,19,5,360,4.1,NA,NA,NA,NA,NA,1023.4,11.8,13.7,NA,NA,NA
2025,12,9,20,5,350,3.1,NA,NA,NA,NA,NA,1022.5,12.6,13.7,NA,NA,NA
2025,12,9,20,55,300,3.1,NA,NA,NA,NA,NA,1021.6,12.6,13.8,NA,NA,NA
2025,12,9,21,55,270,2.6,NA,NA,NA,NA,NA,1020.9,12.9,13.8,NA,NA,NA
2025,12,9,23,5,280,3.6,NA,NA,NA,NA,NA,1020.4,13.6,13.8,NA,NA,NA
2025,12,10,0,5,260,2.1,NA,NA,NA,NA,NA,1020.5,14,13.8,NA,NA,NA
2025,12,10,1,5,270,2.6,NA,NA,NA,NA,NA,1020.3,13.8,13.8,NA,NA,NA
2025,12,10,2,5,280,2.1,NA,NA,NA,NA,NA,1020.6,13.8,13.8,NA,NA,NA
2025,12,10,3,15,10,0.5,NA,NA,NA,NA,NA,1021.1,13.5,13.7,NA,NA,NA
2025,12,10,3,55,30,3.6,NA,NA,NA,NA,NA,1021.3,12.9,13.7,NA,NA,NA
2025,12,10,4,55,40,4.6,NA,NA,NA,NA,NA,1021.3,13.7,13.7,NA,NA,NA
2025,12,10,5,55,30,4.1,NA,NA,NA,NA,NA,1021.3,13.2,13.7,NA,NA,NA
2025,12,10,6,55,10,7.2,NA,NA,NA,NA,NA,1021.2,13,13.6,NA,NA,NA
2025,12,10,8,5,360,4.1,NA,NA,NA,NA,NA,1021.2,12.7,13.6,NA,NA,NA
2025,12,10,8,55,10,6.2,NA,NA,NA,NA,NA,1020.9,12.6,13.6,NA,NA,NA
2025,12,10,9,55,20,6.7,NA,NA,NA,NA,NA,1020.6,12.6,13.6,NA,NA,NA
2025,12,10,10,55,20,6.7,NA,NA,NA,NA,NA,1020.8,12,13.6,NA,NA,NA
2025,12,10,11,55,10,4.6,NA,NA,NA,NA,NA,1020.6,11.8,13.6,NA,NA,NA
2025,12,10,13,5,10,7.7,NA,NA,NA,NA,NA,1020.4,11.6,13.6,NA,NA,NA
2025,12,10,13,55,20,6.2,NA,NA,NA,NA,NA,1020.5,12.1,13.6,NA,NA,NA
2025,12,10,14,55,20,6.2,NA,NA,NA,NA,NA,1020.9,12.2,13.5,NA,NA,NA
2025,12,10,16,5,40,7.2,NA,NA,NA,NA,NA,1021,11.2,13.5,NA,NA,NA
2025,12,10,17,5,30,6.2,NA,NA,NA,NA,NA,1021,11.3,13.6,NA,NA,NA
2025,12,10,18,5,30,4.1,NA,NA,NA,NA,NA,1021.3,12,13.6,NA,NA,NA
2025,12,10,18,55,50,6.2,NA,NA,NA,NA,NA,1020.8,13.3,13.7,NA,NA,NA
2025,12,10,19,55,10,3.6,NA,NA,NA,NA,NA,1020.1,13.8,13.8,NA,NA,NA
2025,12,10,20,55,320,4.1,NA,NA,NA,NA,NA,1019.1,13.7,13.9,NA,NA,NA
2025,12,10,21,55,300,2.1,NA,NA,NA,NA,NA,1018.7,13.8,13.9,NA,NA,NA
2025,12,10,23,5,290,2.6,NA,NA,NA,NA,NA,1018.4,14.1,13.9,NA,NA,NA
2025,12,10,23,55,280,2.6,NA,NA,NA,NA,NA,1018.5,14.2,13.9,NA,NA,NA
2025,12,11,0,55,310,2.6,NA,NA,NA,NA,NA,1018.3,14,13.8,NA,NA,NA
2025,12,11,1,55,280,2.1,NA,NA,NA,NA,NA,1018.8,14,13.8,NA,NA,NA
2025,12,11,2,55,340,2.1,NA,NA,NA,NA,NA,1018.9,14.2,13.8,NA,NA,NA
2025,12,11,3,55,310,2.1,NA,NA,NA,NA,NA,1019.2,13.8,13.8,NA,NA,NA
2025,12,11,4,55,340,2.6,NA,NA,NA,NA,NA,1019.4,13.9,13.7,NA,NA,NA
2025,12,11,5,55,20,3.6,NA,NA,NA,NA,NA,1019.5,13.8,13.7,NA,NA,NA
2025,12,11,6,55,30,4.6,NA,NA,NA,NA,NA,1019.5,13.9,13.7,NA,NA,NA
2025,12,11,7,55,40,5.1,NA,NA,NA,NA,NA,1019.2,14.1,13.7,NA,NA,NA
2025,12,11,8,55,50,9.8,NA,NA,NA,NA,NA,1018.6,14,13.6,NA,NA,NA
2025,12,11,9,55,20,6.2,NA,NA,NA,NA,NA,1018.9,13.4,13.6,NA,NA,NA
2025,12,11,10,55,40,8.8,NA,NA,NA,NA,NA,1018.6,13.6,13.6,NA,NA,NA
2025,12,11,12,5,40,7.2,NA,NA,NA,NA,NA,1018.4,13.6,13.6,NA,NA,NA
2025,12,11,13,5,50,4.1,NA,NA,NA,NA,NA,1018.6,13.3,13.5,NA,NA,NA
2025,12,11,13,55,40,7.2,NA,NA,NA,NA,NA,1018.6,13,13.5,NA,NA,NA
2025,12,11,15,5,40,5.7,NA,NA,NA,NA,NA,1018.8,12.5,13.5,NA,NA,NA
2025,12,11,15,55,50,8.8,NA,NA,NA,NA,NA,1018.9,12.4,13.5,NA,NA,NA
2025,12,11,17,5,40,8.8,NA,NA,NA,NA,NA,1019.2,12.7,13.5,NA,NA,NA
2025,12,11,18,5,30,10.8,NA,NA,NA,NA,NA,1019.3,13.6,13.5,NA,NA,NA
2025,12,11,19,5,20,8.2,NA,NA,NA,NA,NA,1019,13.8,13.5,NA,NA,NA
2025,12,11,19,55,360,5.1,NA,NA,NA,NA,NA,1018.3,14.7,13.5,NA,NA,NA
2025,12,11,20,55,340,3.1,NA,NA,NA,NA,NA,1017.4,14.4,13.6,NA,NA,NA
2025,12,11,21,55,290,3.6,NA,NA,NA,NA,NA,1016.7,14.6,13.7,NA,NA,NA
2025,12,12,0,5,280,1.5,NA,NA,NA,NA,NA,1016.4,14.3,13.8,NA,NA,NA
2025,12,12,1,5,300,1.5,NA,NA,NA,NA,NA,1016.4,14.4,13.7,NA,NA,NA
2025,12,12,1,55,360,2.1,NA,NA,NA,NA,NA,1016.5,15.5,13.7,NA,NA,NA
2025,12,12,3,5,350,4.6,NA,NA,NA,NA,NA,1016.5,15.1,13.7,NA,NA,NA
2025,12,12,4,5,20,4.1,NA,NA,NA,NA,NA,1016.5,15.1,13.6,NA,NA,NA
2025,12,12,4,55,360,6.7,NA,NA,NA,NA,NA,1016.6,15.8,13.6,NA,NA,NA
2025,12,12,5,55,360,7.2,NA,NA,NA,NA,NA,1016.9,15.5,13.6,NA,NA,NA
2025,12,12,7,5,30,8.2,NA,NA,NA,NA,NA,1017.1,14.4,13.6,NA,NA,NA
2025,12,12,8,5,30,5.7,NA,NA,NA,NA,NA,1016.9,15.2,13.6,NA,NA,NA
2025,12,12,9,5,10,7.2,NA,NA,NA,NA,NA,1016.7,14.9,13.6,NA,NA,NA
2025,12,12,9,55,20,6.7,NA,NA,NA,NA,NA,1016.9,14.5,13.6,NA,NA,NA
2025,12,12,10,55,20,5.1,NA,NA,NA,NA,NA,1016.9,13.9,13.6,NA,NA,NA
2025,12,12,11,55,30,7.7,NA,NA,NA,NA,NA,1016.5,13.5,13.6,NA,NA,NA
2025,12,12,12,55,40,7.7,NA,NA,NA,NA,NA,1016.2,13.8,13.6,NA,NA,NA
2025,12,12,14,5,30,5.7,NA,NA,NA,NA,NA,1016.3,13.1,13.6,NA,NA,NA
2025,12,12,14,55,20,7.2,NA,NA,NA,NA,NA,1016.6,13.7,13.6,NA,NA,NA
2025,12,12,16,5,40,5.7,NA,NA,NA,NA,NA,1016.8,14,13.6,NA,NA,NA
2025,12,12,17,5,40,7.7,NA,NA,NA,NA,NA,1017.1,14.3,14.2,NA,NA,NA
2025,12,12,18,5,50,8.2,NA,NA,NA,NA,NA,1017.5,14.2,14.3,NA,NA,NA
2025,12,12,19,5,40,4.1,NA,NA,NA,NA,NA,1017.3,14.9,14.4,NA,NA,NA
2025,12,12,20,15,50,2.1,NA,NA,NA,NA,NA,1016.6,15,14.5,NA,NA,NA
2025,12,12,21,5,20,1,NA,NA,NA,NA,NA,1016,15.2,14.5,NA,NA,NA
2025,12,12,22,5,0,0,NA,NA,NA,NA,NA,1015.6,16.4,14.5,NA,NA,NA
2025,12,12,22,55,280,1,NA,NA,NA,NA,NA,1015.3,16.1,14.5,NA,NA,NA
2025,12,12,23,55,290,1,NA,NA,NA,NA,NA,1015.1,15.6,14.7,NA,NA,NA
2025,12,13,0,55,0,0,NA,NA,NA,NA,NA,1015.2,15,14.6,NA,NA,NA
2025,12,13,1,55,280,0.5,NA,NA,NA,NA,NA,1015.4,14.7,15.1,NA,NA,NA
2025,12,13,2,55,320,1,NA,NA,NA,NA,NA,1015.8,15,15,NA,NA,NA
2025,12,13,3,55,10,1,NA,NA,NA,NA,NA,1016.1,14.4,15,NA,NA,NA
2025,12,13,4,55,130,1.5,NA,NA,NA,NA,NA,1016.5,14.5,15,NA,NA,NA
2025,12,13,5,55,150,3.1,NA,NA,NA,NA,NA,1017.2,13.8,15.1,NA,NA,NA
2025,12,13,6,55,150,2.6,NA,NA,NA,NA,NA,1017.4,14.2,15.1,NA,NA,NA
2025,12,13,7,55,160,2.1,NA,NA,NA,NA,NA,1017.3,14,15.1,NA,NA,NA
2025,12,13,8,55,10,2.1,NA,NA,NA,NA,NA,1017,13.3,15,NA,NA,NA
2025,12,13,9,55,20,2.6,NA,NA,NA,NA,NA,1016.9,13,14.8,NA,NA,NA
2025,12,13,11,5,30,3.1,NA,NA,NA,NA,NA,1016.8,12.6,14.7,NA,NA,NA
2025,12,13,11,55,20,2.6,NA,NA,NA,NA,NA,1016.5,12.5,14.3,NA,NA,NA
2025,12,13,12,55,50,2.6,NA,NA,NA,NA,NA,1016.4,11.4,14.2,NA,NA,NA
2025,12,13,13,55,90,2.1,NA,NA,NA,NA,NA,1016.9,11.5,14.3,NA,NA,NA
2025,12,13,14,55,60,1.5,NA,NA,NA,NA,NA,1017.2,12.1,14.8,NA,NA,NA
2025,12,13,15,55,40,3.1,NA,NA,NA,NA,NA,1017.5,11.7,14.8,NA,NA,NA
2025,12,13,17,5,40,2.1,NA,NA,NA,NA,NA,1018.2,11.2,14.7,NA,NA,NA
2025,12,13,17,55,60,1.5,NA,NA,NA,NA,NA,1018.7,12,15.3,NA,NA,NA
2025,12,13,19,5,0,0,NA,NA,NA,NA,NA,1018.8,13.2,15.5,NA,NA,NA
2025,12,13,20,5,150,5.7,NA,NA,NA,NA,NA,1017.9,14.2,15.5,NA,NA,NA
2025,12,13,21,5,180,3.1,NA,NA,NA,NA,NA,1017.3,14.2,15.5,NA,NA,NA
2025,12,13,21,55,180,4.1,NA,NA,NA,NA,NA,1017.1,14.2,15.6,NA,NA,NA
2025,12,13,23,5,170,6.2,NA,NA,NA,NA,NA,1017.3,14.2,15.5,NA,NA,NA
2025,12,14,0,5,180,6.2,NA,NA,NA,NA,NA,1017.3,14,15.1,NA,NA,NA
2025,12,14,0,55,170,5.7,NA,NA,NA,NA,NA,1017.6,13.9,15,NA,NA,NA
2025,12,14,1,55,150,3.1,NA,NA,NA,NA,NA,1017.5,13.9,15,NA,NA,NA
2025,12,14,2,55,170,2.1,NA,NA,NA,NA,NA,1018,13.7,15.2,NA,NA,NA
2025,12,14,5,5,170,2.1,NA,NA,NA,NA,NA,1018.6,13.8,15.4,NA,NA,NA
2025,12,14,6,5,140,2.1,NA,NA,NA,NA,NA,1019,13.6,15.4,NA,NA,NA
2025,12,14,7,5,160,2.6,NA,NA,NA,NA,NA,1019.3,13.5,15.3,NA,NA,NA
2025,12,14,8,5,150,2.6,NA,NA,NA,NA,NA,1019.3,13.6,15.3,NA,NA,NA
2025,12,14,8,55,140,0.5,NA,NA,NA,NA,NA,1019.4,13.4,15.3,NA,NA,NA
2025,12,14,9,55,190,1.5,NA,NA,NA,NA,NA,1019.8,13.4,15.3,NA,NA,NA
2025,12,14,10,55,360,2.1,NA,NA,NA,NA,NA,1019.7,13.2,15.4,NA,NA,NA
2025,12,14,11,55,40,2.6,NA,NA,NA,NA,NA,1019.5,13,15.4,NA,NA,NA
2025,12,14,13,5,30,3.1,NA,NA,NA,NA,NA,1019.2,12.8,15.4,NA,NA,NA
2025,12,14,13,55,20,4.6,NA,NA,NA,NA,NA,1019.6,12.2,15.3,NA,NA,NA
2025,12,14,14,55,40,5.7,NA,NA,NA,NA,NA,1019.8,11.7,15.2,NA,NA,NA
2025,12,14,15,55,50,2.6,NA,NA,NA,NA,NA,1020.9,11,15.1,NA,NA,NA
2025,12,14,16,55,10,2.6,NA,NA,NA,NA,NA,1021.5,10.8,15.2,NA,NA,NA
2025,12,14,18,5,30,2.1,NA,NA,NA,NA,NA,1022.5,10.9,15.3,NA,NA,NA
2025,12,14,19,5,90,3.6,NA,NA,NA,NA,NA,1022.3,11.1,15.3,NA,NA,NA
2025,12,14,20,15,60,2.1,NA,NA,NA,NA,NA,1021.6,11.2,15.3,NA,NA,NA
2025,12,14,20,55,10,2.6,NA,NA,NA,NA,NA,1021.1,11.4,15.3,NA,NA,NA
2025,12,14,22,5,320,1.5,NA,NA,NA,NA,NA,1020.5,11.6,15.4,NA,NA,NA
2025,12,14,23,5,350,1,NA,NA,NA,NA,NA,1020.1,12.1,15.4,NA,NA,NA
2025,12,14,23,55,250,4.6,NA,NA,NA,NA,NA,1020.6,12.6,15.4,NA,NA,NA
2025,12,15,0,55,250,5.1,NA,NA,NA,NA,NA,1020.5,13.1,15.3,NA,NA,NA
2025,12,15,1,55,260,4.1,NA,NA,NA,NA,NA,1020.6,13,15.2,NA,NA,NA
2025,12,15,2,55,260,4.6,NA,NA,NA,NA,NA,1021.3,12.8,15.3,NA,NA,NA
2025,12,15,3,55,270,4.1,NA,NA,NA,NA,NA,1022,12.6,15.2,NA,NA,NA
2025,12,15,5,5,70,4.1,NA,NA,NA,NA,NA,1021.3,12.6,15.2,NA,NA,NA
2025,12,15,5,55,80,4.1,NA,NA,NA,NA,NA,1021.9,12.8,15.3,NA,NA,NA
2025,12,15,7,5,330,2.6,NA,NA,NA,NA,NA,1022.9,12.3,15.3,NA,NA,NA
2025,12,15,7,55,10,4.6,NA,NA,NA,NA,NA,1022.8,11.6,15.3,NA,NA,NA
2025,12,15,8,55,20,5.1,NA,NA,NA,NA,NA,1022.8,11.3,15.2,NA,NA,NA
2025,12,15,9,55,40,3.6,NA,NA,NA,NA,NA,1022.9,11.1,15.2,NA,NA,NA
2025,12,15,11,5,350,2.6,NA,NA,NA,NA,NA,1023.6,11.2,15.2,NA,NA,NA
2025,12,15,12,5,20,5.1,NA,NA,NA,NA,NA,1023,10.9,15.3,NA,NA,NA
2025,12,15,13,5,20,5.1,NA,NA,NA,NA,NA,1022.9,9.4,15.4,NA,NA,NA
2025,12,15,13,55,360,5.7,NA,NA,NA,NA,NA,1022.9,9.4,15.4,NA,NA,NA
2025,12,15,15,5,340,3.1,NA,NA,NA,NA,NA,1023.8,10.3,15.3,NA,NA,NA
2025,12,15,16,5,340,2.1,NA,NA,NA,NA,NA,1024.8,11.2,15.3,NA,NA,NA
2025,12,15,17,5,40,3.1,NA,NA,NA,NA,NA,1024.4,11.3,15.3,NA,NA,NA
2025,12,15,18,5,360,2.1,NA,NA,NA,NA,NA,1025.3,10.6,15.4,NA,NA,NA
2025,12,15,18,55,330,1.5,NA,NA,NA,NA,NA,1025.6,10.8,15.4,NA,NA,NA
2025,12,15,19,55,270,1,NA,NA,NA,NA,NA,1024.9,12,15.4,NA,NA,NA
2025,12,15,20,55,260,1.5,NA,NA,NA,NA,NA,1024.4,12.5,15.5,NA,NA,NA
2025,12,15,22,5,250,1.5,NA,NA,NA,NA,NA,1023.7,13.1,15.5,NA,NA,NA
2025,12,15,22,55,290,2.6,NA,NA,NA,NA,NA,1023.4,13.5,15.5,NA,NA,NA
2025,12,15,23,55,30,2.1,NA,NA,NA,NA,NA,1022.8,13.6,15.5,NA,NA,NA
2025,12,16,0,55,280,1.5,NA,NA,NA,NA,NA,1022.8,13.8,15.4,NA,NA,NA
2025,12,16,2,5,270,6.7,NA,NA,NA,NA,NA,1023,14.7,15.4,NA,NA,NA
2025,12,16,3,5,250,3.6,NA,NA,NA,NA,NA,1023,14.6,15.5,NA,NA,NA
2025,12,16,4,5,0,0,NA,NA,NA,NA,NA,1022.9,14.8,15.4,NA,NA,NA
2025,12,16,4,55,20,2.1,NA,NA,NA,NA,NA,1023.1,14.8,15.4,NA,NA,NA
2025,12,16,5,55,60,1.5,NA,NA,NA,NA,NA,1023.4,14.4,15.4,NA,NA,NA
2025,12,16,6,55,80,1,NA,NA,NA,NA,NA,1023.7,14.6,15.3,NA,NA,NA
2025,12,16,8,5,260,2.1,NA,NA,NA,NA,NA,1023.8,14.5,15.3,NA,NA,NA
2025,12,16,9,5,40,2.1,NA,NA,NA,NA,NA,1023.4,14.1,15.4,NA,NA,NA
2025,12,16,10,5,30,3.6,NA,NA,NA,NA,NA,1023.6,13.6,15.4,NA,NA,NA
2025,12,16,10,55,20,1.5,NA,NA,NA,NA,NA,1023.8,13.4,15.4,NA,NA,NA
2025,12,16,11,55,40,3.6,NA,NA,NA,NA,NA,1023.4,13.2,15.3,NA,NA,NA
2025,12,16,12,55,50,2.6,NA,NA,NA,NA,NA,1023.4,13.4,15.3,NA,NA,NA
2025,12,16,13,55,60,3.1,NA,NA,NA,NA,NA,1023.2,13.1,15.3,NA,NA,NA
2025,12,16,14,55,40,4.1,NA,NA,NA,NA,NA,1023.7,12.6,15.2,NA,NA,NA
2025,12,16,15,55,20,2.6,NA,NA,NA,NA,NA,1024.3,12.9,15.2,NA,NA,NA
2025,12,16,17,5,50,3.1,NA,NA,NA,NA,NA,1024.5,13.2,15.2,NA,NA,NA
2025,12,16,18,5,50,4.6,NA,NA,NA,NA,NA,1024.3,13.4,15.3,NA,NA,NA
2025,12,16,18,55,350,2.1,NA,NA,NA,NA,NA,1024.2,14,15.3,NA,NA,NA
2025,12,16,19,55,30,2.6,NA,NA,NA,NA,NA,1022.7,15.3,15.4,NA,NA,NA
2025,12,16,21,5,270,3.1,NA,NA,NA,NA,NA,1022.1,14.9,15.4,NA,NA,NA
2025,12,16,22,5,260,3.1,NA,NA,NA,NA,NA,1021.4,15.2,15.5,NA,NA,NA
2025,12,16,23,5,250,1.5,NA,NA,NA,NA,NA,1020.9,15.4,15.4,NA,NA,NA
2025,12,17,0,5,250,2.6,NA,NA,NA,NA,NA,1021.3,15.3,15.4,NA,NA,NA
2025,12,17,1,5,250,7.2,NA,NA,NA,NA,NA,1021.1,15.6,15.4,NA,NA,NA
2025,12,17,2,5,260,4.1,NA,NA,NA,NA,NA,1021.5,15.3,15.4,NA,NA,NA
2025,12,17,3,5,280,6.2,NA,NA,NA,NA,NA,1022,15.7,15.3,NA,NA,NA
2025,12,17,4,5,320,3.6,NA,NA,NA,NA,NA,1022.3,15.6,15.3,NA,NA,NA
2025,12,17,4,55,30,1.5,NA,NA,NA,NA,NA,1022.4,15.3,15.3,NA,NA,NA
2025,12,17,6,5,70,2.1,NA,NA,NA,NA,NA,1022.5,15.2,15.3,NA,NA,NA
2025,12,17,6,55,90,2.1,NA,NA,NA,NA,NA,1022.3,15.2,15.3,NA,NA,NA
2025,12,17,7,55,290,3.6,NA,NA,NA,NA,NA,1022.5,15.2,15.3,NA,NA,NA
2025,12,17,8,55,290,1,NA,NA,NA,NA,NA,1022.4,14.5,15.3,NA,NA,NA
2025,12,17,9,55,260,2.6,NA,NA,NA,NA,NA,1022.5,15.1,15.3,NA,NA,NA
2025,12,17,11,5,270,2.6,NA,NA,NA,NA,NA,1023,14.8,15.3,NA,NA,NA
2025,12,17,11,55,260,2.6,NA,NA,NA,NA,NA,1023,15.2,15.3,NA,NA,NA
2025,12,17,12,55,270,2.1,NA,NA,NA,NA,NA,1023,15.1,15.3,NA,NA,NA
2025,12,17,13,55,280,5.1,NA,NA,NA,NA,NA,1023.4,14.9,15.3,NA,NA,NA
2025,12,17,14,55,350,1.5,NA,NA,NA,NA,NA,1023.8,14.3,15.3,NA,NA,NA
2025,12,17,15,55,90,2.1,NA,NA,NA,NA,NA,1023.8,14.4,15.3,NA,NA,NA
2025,12,17,16,55,140,0.5,NA,NA,NA,NA,NA,1024.5,14.9,15.3,NA,NA,NA
2025,12,17,17,55,330,1.5,NA,NA,NA,NA,NA,1025.4,15,15.3,NA,NA,NA
2025,12,17,19,5,10,1.5,NA,NA,NA,NA,NA,1024.5,14,15.4,NA,NA,NA
2025,12,17,20,5,330,1,NA,NA,NA,NA,NA,1023.9,14.3,15.5,NA,NA,NA
2025,12,17,20,55,0,0,NA,NA,NA,NA,NA,1022.7,14.6,15.6,NA,NA,NA
2025,12,17,21,55,290,1.5,NA,NA,NA,NA,NA,1021.9,14.9,15.6,NA,NA,NA
2025,12,17,22,55,240,4.1,NA,NA,NA,NA,NA,1021.4,15.1,15.8,NA,NA,NA
2025,12,17,23,55,260,5.7,NA,NA,NA,NA,NA,1020.8,14.8,15.5,NA,NA,NA
2025,12,18,0,55,260,6.7,NA,NA,NA,NA,NA,1020.2,14.8,15.4,NA,NA,NA
2025,12,18,1,55,270,6.7,NA,NA,NA,NA,NA,1021.2,14.8,15.3,NA,NA,NA
2025,12,18,2,55,280,8.2,NA,NA,NA,NA,NA,1020.9,14.6,15.3,NA,NA,NA
2025,12,18,3,55,280,4.1,NA,NA,NA,NA,NA,1021.3,14.2,15.3,NA,NA,NA
2025,12,18,4,55,290,4.6,NA,NA,NA,NA,NA,1021.3,14.2,15.2,NA,NA,NA
2025,12,18,6,5,340,3.6,NA,NA,NA,NA,NA,1021.1,14.1,15.2,NA,NA,NA
2025,12,18,7,5,350,1.5,NA,NA,NA,NA,NA,1021.1,14.1,15.2,NA,NA,NA
2025,12,18,7,55,250,2.6,NA,NA,NA,NA,NA,1021.2,14.2,15.2,NA,NA,NA
2025,12,18,9,5,280,4.1,NA,NA,NA,NA,NA,1020.3,13.9,15.2,NA,NA,NA
2025,12,18,10,5,300,1.5,NA,NA,NA,NA,NA,1019.9,13.6,15.2,NA,NA,NA
2025,12,18,11,5,300,1.5,NA,NA,NA,NA,NA,1020.1,13.8,15.2,NA,NA,NA
2025,12,18,12,5,320,1,NA,NA,NA,NA,NA,1019.9,13.6,15.3,NA,NA,NA
2025,12,18,13,5,350,1.5,NA,NA,NA,NA,NA,1020,13.4,15.3,NA,NA,NA
2025,12,18,14,5,340,4.1,NA,NA,NA,NA,NA,1020.6,13.1,15.3,NA,NA,NA
2025,12,18,15,5,30,3.1,NA,NA,NA,NA,NA,1021,12.3,15.3,NA,NA,NA
2025,12,18,16,5,360,3.1,NA,NA,NA,NA,NA,1021.4,12.7,15.2,NA,NA,NA
2025,12,18,16,55,360,3.6,NA,NA,NA,NA,NA,1021.7,13.4,15.2,NA,NA,NA
2025,12,18,18,5,350,2.6,NA,NA,NA,NA,NA,1022.3,13.4,15.2,NA,NA,NA
2025,12,18,19,5,310,2.1,NA,NA,NA,NA,NA,1022.3,13.5,15.2,NA,NA,NA
2025,12,18,20,5,290,3.1,NA,NA,NA,NA,NA,1021.6,13.6,15.2,NA,NA,NA
2025,12,18,21,5,260,3.6,NA,NA,NA,NA,NA,1020.6,13.6,15.2,NA,NA,NA
2025,12,18,22,5,260,4.1,NA,NA,NA,NA,NA,1020.1,13.8,15.2,NA,NA,NA
2025,12,18,23,5,270,5.7,NA,NA,NA,NA,NA,1019.9,13.3,15.1,NA,NA,NA
2025,12,18,23,55,270,5.7,NA,NA,NA,NA,NA,1019.6,13.9,15.1,NA,NA,NA
2025,12,19,0,55,260,5.1,NA,NA,NA,NA,NA,1019.3,13.8,15.1,NA,NA,NA
2025,12,19,1,55,270,8.2,NA,NA,NA,NA,NA,1019.3,13.9,15,NA,NA,NA
2025,12,19,2,55,270,8.8,NA,NA,NA,NA,NA,1019.2,14.1,14.9,NA,NA,NA
2025,12,19,3,55,280,7.2,NA,NA,NA,NA,NA,1019.4,14.1,14.9,NA,NA,NA
2025,12,19,4,55,270,6.2,NA,NA,NA,NA,NA,1019.6,14,14.9,NA,NA,NA
2025,12,19,5,55,280,4.1,NA,NA,NA,NA,NA,1019.8,14.6,14.9,NA,NA,NA
2025,12,19,7,5,350,4.1,NA,NA,NA,NA,NA,1020.3,13.6,15,NA,NA,NA
2025,12,19,7,55,20,5.1,NA,NA,NA,NA,NA,1020.3,13.3,15,NA,NA,NA
2025,12,19,8,55,60,5.1,NA,NA,NA,NA,NA,1019.6,13.1,15.1,NA,NA,NA
2025,12,19,10,5,40,3.6,NA,NA,NA,NA,NA,1019.8,13.7,15.1,NA,NA,NA
2025,12,19,11,5,10,2.6,NA,NA,NA,NA,NA,1019.9,13.4,15.1,NA,NA,NA
2025,12,19,12,5,30,3.6,NA,NA,NA,NA,NA,1019.7,13.3,15,NA,NA,NA
2025,12,19,13,5,40,4.1,NA,NA,NA,NA,NA,1019.4,12.5,15,NA,NA,NA
2025,12,19,14,5,50,4.1,NA,NA,NA,NA,NA,1019.6,12,15,NA,NA,NA
2025,12,19,15,5,50,5.1,NA,NA,NA,NA,NA,1019.9,12.5,15,NA,NA,NA
2025,12,19,16,5,50,5.1,NA,NA,NA,NA,NA,1020.2,12.2,15,NA,NA,NA
2025,12,19,17,5,60,5.7,NA,NA,NA,NA,NA,1019.8,12.2,14.8,NA,NA,NA
2025,12,19,18,5,60,3.1,NA,NA,NA,NA,NA,1020.1,13.2,14.7,NA,NA,NA
2025,12,19,19,5,20,5.1,NA,NA,NA,NA,NA,1020.4,12.8,14.7,NA,NA,NA
2025,12,19,20,5,50,0.5,NA,NA,NA,NA,NA,1019.7,13.4,14.7,NA,NA,NA
2025,12,19,21,5,50,0.5,NA,NA,NA,NA,NA,1019.2,14,14.7,NA,NA,NA
2025,12,19,22,5,10,1,NA,NA,NA,NA,NA,1019.2,14.5,14.7,NA,NA,NA
2025,12,20,2,15,120,1.5,NA,NA,NA,NA,NA,1018.8,14.9,14.5,NA,NA,NA
2025,12,20,3,5,110,2.1,NA,NA,NA,NA,NA,1018.9,15.1,14.6,NA,NA,NA
2025,12,20,4,5,0,0,NA,NA,NA,NA,NA,1019.3,15.5,14.6,NA,NA,NA
2025,12,20,5,5,190,1.5,NA,NA,NA,NA,NA,1019.3,15.1,14.6,NA,NA,NA
2025,12,20,6,5,170,1,NA,NA,NA,NA,NA,1019.3,15,14.6,NA,NA,NA
2025,12,20,7,5,120,1,NA,NA,NA,NA,NA,1019.7,14.7,14.6,NA,NA,NA
2025,12,20,8,5,120,1,NA,NA,NA,NA,NA,1019.3,14.8,14.7,NA,NA,NA
2025,12,20,9,5,140,3.1,NA,NA,NA,NA,NA,1019.2,14.7,14.8,NA,NA,NA
2025,12,20,10,5,140,2.6,NA,NA,NA,NA,NA,1019.5,14.7,14.7,NA,NA,NA
2025,12,20,11,5,130,2.6,NA,NA,NA,NA,NA,1019.8,14.5,14.7,NA,NA,NA
2025,12,20,12,5,130,2.6,NA,NA,NA,NA,NA,1019.6,14.5,14.8,NA,NA,NA
2025,12,20,13,5,100,2.6,NA,NA,NA,NA,NA,1019.6,14.7,14.8,NA,NA,NA
2025,12,20,14,5,70,3.6,NA,NA,NA,NA,NA,1019.1,13.9,14.9,NA,NA,NA
2025,12,20,15,5,70,2.6,NA,NA,NA,NA,NA,1019.5,14.3,14.9,NA,NA,NA
2025,12,20,16,5,60,2.1,NA,NA,NA,NA,NA,1019.8,14.2,15,NA,NA,NA
2025,12,20,17,5,70,3.1,NA,NA,NA,NA,NA,1019.9,13.6,15,NA,NA,NA
2025,12,20,18,5,70,3.1,NA,NA,NA,NA,NA,1019.8,13.5,15,NA,NA,NA
2025,12,20,19,5,60,2.6,NA,NA,NA,NA,NA,1020.1,13.6,14.9,NA,NA,NA
2025,12,20,20,5,80,2.1,NA,NA,NA,NA,NA,1019.4,13.8,14.9,NA,NA,NA
2025,12,20,21,5,70,1.5,NA,NA,NA,NA,NA,1018.8,14.4,15,NA,NA,NA
2025,12,20,22,5,30,1.5,NA,NA,NA,NA,NA,1018.7,14.4,15,NA,NA,NA
2025,12,20,23,5,100,1,NA,NA,NA,NA,NA,1018.5,14.6,15,NA,NA,NA
2025,12,21,0,5,170,2.6,NA,NA,NA,NA,NA,1018.2,14.7,14.9,NA,NA,NA
2025,12,21,1,5,150,2.1,NA,NA,NA,NA,NA,1017.8,14.5,14.7,NA,NA,NA
2025,12,21,2,5,160,2.6,NA,NA,NA,NA,NA,1017.9,14.4,14.7,NA,NA,NA
2025,12,21,3,5,160,3.1,NA,NA,NA,NA,NA,1018.3,14.4,14.7,NA,NA,NA
2025,12,21,4,5,150,4.1,NA,NA,NA,NA,NA,1018.2,14.4,14.6,NA,NA,NA
2025,12,21,5,5,160,4.1,NA,NA,NA,NA,NA,1018.3,14.6,14.6,NA,NA,NA
2025,12,21,6,5,160,3.1,NA,NA,NA,NA,NA,1018.3,14.8,14.6,NA,NA,NA
2025,12,21,7,5,160,5.1,NA,NA,NA,NA,NA,1018.3,15.2,14.6,NA,NA,NA
2025,12,21,8,5,150,5.7,NA,NA,NA,NA,NA,1017.8,15.1,14.7,NA,NA,NA
2025,12,21,9,5,150,5.7,NA,NA,NA,NA,NA,1017.8,15.2,14.7,NA,NA,NA
2025,12,21,10,5,150,6.2,NA,NA,NA,NA,NA,1017.4,15,14.6,NA,NA,NA
2025,12,21,11,5,150,7.2,NA,NA,NA,NA,NA,1017.3,14.8,14.6,NA,NA,NA
2025,12,21,12,5,150,6.2,NA,NA,NA,NA,NA,1017,14.8,14.6,NA,NA,NA
2025,12,21,12,55,140,7.2,NA,NA,NA,NA,NA,1016.8,14.9,14.6,NA,NA,NA
2025,12,21,13,55,150,7.7,NA,NA,NA,NA,NA,1016.9,14.9,14.6,NA,NA,NA
2025,12,21,15,5,160,7.7,NA,NA,NA,NA,NA,1017.3,14.9,14.6,NA,NA,NA
2025,12,21,16,5,160,8.8,NA,NA,NA,NA,NA,1017.6,14.9,14.6,NA,NA,NA
2025,12,21,17,5,150,8.2,NA,NA,NA,NA,NA,1018.1,14.8,14.6,NA,NA,NA
2025,12,21,18,5,150,6.7,NA,NA,NA,NA,NA,1018.3,14.8,14.6,NA,NA,NA
2025,12,21,19,5,150,6.7,NA,NA,NA,NA,NA,1018.6,15,14.6,NA,NA,NA
2025,12,21,20,5,160,6.7,NA,NA,NA,NA,NA,1017.4,14.9,14.6,NA,NA,NA
2025,12,21,21,5,150,6.2,NA,NA,NA,NA,NA,1016.6,14.8,14.6,NA,NA,NA
2025,12,21,22,5,170,5.7,NA,NA,NA,NA,NA,1016.2,14.9,14.5,NA,NA,NA
2025,12,21,23,5,160,7.2,NA,NA,NA,NA,NA,1016.5,15,14.5,NA,NA,NA
2025,12,21,23,55,150,9.3,NA,NA,NA,NA,NA,1016.3,15.2,14.5,NA,NA,NA
2025,12,22,0,55,160,8.2,NA,NA,NA,NA,NA,1017,15.3,14.4,NA,NA,NA
2025,12,22,1,55,150,7.7,NA,NA,NA,NA,NA,1017.2,15.4,14.4,NA,NA,NA
2025,12,22,2,55,150,7.7,NA,NA,NA,NA,NA,1017.4,15.4,14.4,NA,NA,NA
2025,12,22,3,55,160,8.8,NA,NA,NA,NA,NA,1017.4,15.5,14.4,NA,NA,NA
2025,12,22,4,55,150,7.7,NA,NA,NA,NA,NA,1017.4,15.5,14.4,NA,NA,NA
2025,12,22,5,55,150,6.7,NA,NA,NA,NA,NA,1017.4,15.5,14.4,NA,NA,NA
2025,12,22,6,55,150,6.7,NA,NA,NA,NA,NA,1017.5,15.5,14.4,NA,NA,NA
2025,12,22,7,55,150,7.2,NA,NA,NA,NA,NA,1017.5,15.5,14.3,NA,NA,NA
2025,12,22,9,5,140,5.1,NA,NA,NA,NA,NA,1017.1,15.5,14.2,NA,NA,NA
2025,12,22,10,5,150,7.7,NA,NA,NA,NA,NA,1017.6,15.5,14.2,NA,NA,NA
2025,12,22,11,5,150,8.2,NA,NA,NA,NA,NA,1017.5,15.4,14.4,NA,NA,NA
2025,12,22,11,55,140,8.2,NA,NA,NA,NA,NA,1017.3,15.3,14.4,NA,NA,NA
2025,12,22,12,55,140,5.7,NA,NA,NA,NA,NA,1016.8,15.2,14.5,NA,NA,NA
2025,12,22,13,55,130,3.6,NA,NA,NA,NA,NA,1016.7,15.2,14.5,NA,NA,NA
2025,12,22,14,55,70,2.1,NA,NA,NA,NA,NA,1017.1,14.8,14.5,NA,NA,NA
2025,12,22,16,5,150,6.2,NA,NA,NA,NA,NA,1017.7,15,14.5,NA,NA,NA
2025,12,22,17,5,160,6.2,NA,NA,NA,NA,NA,1018.3,15.1,14.5,NA,NA,NA
2025,12,22,18,5,150,4.6,NA,NA,NA,NA,NA,1018.1,15,14.4,NA,NA,NA
2025,12,22,18,55,50,6.2,NA,NA,NA,NA,NA,1016.9,14.7,14.5,NA,NA,NA
2025,12,22,19,55,10,4.1,NA,NA,NA,NA,NA,1016.1,14.2,14.5,NA,NA,NA
2025,12,22,20,55,330,1,NA,NA,NA,NA,NA,1015.3,14.8,14.6,NA,NA,NA
2025,12,22,22,5,270,1,NA,NA,NA,NA,NA,1014.9,15.1,14.8,NA,NA,NA
2025,12,22,23,5,250,0.5,NA,NA,NA,NA,NA,1014.4,15,14.8,NA,NA,NA
2025,12,23,0,5,240,2.6,NA,NA,NA,NA,NA,1014.2,14.8,14.8,NA,NA,NA
2025,12,23,1,5,210,2.1,NA,NA,NA,NA,NA,1014,14.5,14.8,NA,NA,NA
2025,12,23,2,5,180,2.6,NA,NA,NA,NA,NA,1013.9,14.1,14.8,NA,NA,NA
2025,12,23,3,5,160,3.1,NA,NA,NA,NA,NA,1013.6,14.2,14.8,NA,NA,NA
2025,12,23,4,5,170,3.1,NA,NA,NA,NA,NA,1013.6,14.6,14.8,NA,NA,NA
2025,12,23,5,5,150,2.1,NA,NA,NA,NA,NA,1013.2,14.7,14.8,NA,NA,NA
2025,12,23,6,5,40,2.1,NA,NA,NA,NA,NA,1012.9,14.4,14.7,NA,NA,NA
2025,12,23,6,55,30,2.6,NA,NA,NA,NA,NA,1012.3,14.2,14.7,NA,NA,NA
2025,12,23,7,55,70,2.1,NA,NA,NA,NA,NA,1011.6,14.1,14.7,NA,NA,NA
2025,12,23,9,5,70,2.6,NA,NA,NA,NA,NA,1011,13.9,14.7,NA,NA,NA
2025,12,23,10,5,70,3.1,NA,NA,NA,NA,NA,1010.9,14.1,14.8,NA,NA,NA
2025,12,23,11,5,80,3.6,NA,NA,NA,NA,NA,1010.6,14.4,14.7,NA,NA,NA
2025,12,23,11,55,90,3.1,NA,NA,NA,NA,NA,1010.4,14.2,14.7,NA,NA,NA
2025,12,23,12,55,150,6.7,NA,NA,NA,NA,NA,1009.9,14.8,14.7,NA,NA,NA
2025,12,23,13,55,60,3.6,NA,NA,NA,NA,NA,1009.9,14.1,14.5,NA,NA,NA
2025,12,23,14,55,70,4.6,NA,NA,NA,NA,NA,1009.9,13.2,14.5,NA,NA,NA
2025,12,23,15,55,50,3.1,NA,NA,NA,NA,NA,1009.9,13.2,14.5,NA,NA,NA
2025,12,23,17,5,150,7.2,NA,NA,NA,NA,NA,1010.1,15.1,14.5,NA,NA,NA
2025,12,23,17,55,80,3.1,NA,NA,NA,NA,NA,1010.4,15.4,14.7,NA,NA,NA
2025,12,23,18,55,80,3.1,NA,NA,NA,NA,NA,1010,15.1,14.7,NA,NA,NA
2025,12,23,19,55,80,3.1,NA,NA,NA,NA,NA,1009,15.2,14.7,NA,NA,NA
2025,12,23,21,5,150,10.3,NA,NA,NA,NA,NA,1007,15.7,14.7,NA,NA,NA
2025,12,23,22,5,130,8.2,NA,NA,NA,NA,NA,1006.1,15.1,14.7,NA,NA,NA
2025,12,23,22,55,170,5.7,NA,NA,NA,NA,NA,1005.7,16,14.6,NA,NA,NA
2025,12,23,23,55,140,9.3,NA,NA,NA,NA,NA,1004.8,16.1,14.7,NA,NA,NA
2025,12,24,1,5,150,8.8,NA,NA,NA,NA,NA,1005,15.2,14.7,NA,NA,NA
2025,12,24,2,5,50,5.1,NA,NA,NA,NA,NA,1004.8,15.5,14.6,NA,NA,NA
2025,12,24,4,15,120,7.7,NA,NA,NA,NA,NA,1003.4,17.4,14.5,NA,NA,NA
2025,12,24,4,55,120,13.4,NA,NA,NA,NA,NA,1003.3,17.4,14.5,NA,NA,NA
2025,12,24,6,5,110,11.3,NA,NA,NA,NA,NA,1002.8,16.6,14.5,NA,NA,NA
2025,12,24,7,5,80,6.7,NA,NA,NA,NA,NA,1001.9,16.5,14.6,NA,NA,NA
2025,12,24,8,5,120,4.6,NA,NA,NA,NA,NA,1001.8,16.7,14.5,NA,NA,NA
2025,12,24,9,5,140,13.4,NA,NA,NA,NA,NA,1000.2,18.1,14.4,NA,NA,NA
2025,12,24,10,5,140,12.9,NA,NA,NA,NA,NA,NA,18.9,14.2,NA,NA,NA
2025,12,24,11,5,140,20.1,NA,NA,NA,NA,NA,1000.3,16.2,14.2,NA,NA,NA
2025,12,24,11,55,170,11.3,NA,NA,NA,NA,NA,1002.1,14.1,14.2,NA,NA,NA
2025,12,24,12,55,190,9.8,NA,NA,NA,NA,NA,1002.3,14.7,14,NA,NA,NA
2025,12,24,13,55,210,5.1,NA,NA,NA,NA,NA,1002.9,14.2,13.9,NA,NA,NA
2025,12,24,15,5,220,5.7,NA,NA,NA,NA,NA,1004.1,14,13.9,NA,NA,NA
2025,12,24,16,5,200,2.6,NA,NA,NA,NA,NA,1004.8,13.9,13.9,NA,NA,NA
2025,12,24,16,55,170,3.6,NA,NA,NA,NA,NA,1006.2,13.9,13.9,NA,NA,NA
2025,12,24,17,55,170,2.6,NA,NA,NA,NA,NA,1006,13.9,13.8,NA,NA,NA
2025,12,24,18,55,0,0,NA,NA,NA,NA,NA,1006.2,14.1,13.9,NA,NA,NA
2025,12,24,19,55,30,1,NA,NA,NA,NA,NA,1005.4,14,14.2,NA,NA,NA
2025,12,24,20,55,0,0,NA,NA,NA,NA,NA,1004.8,14.3,14.2,NA,NA,NA
2025,12,24,21,55,40,2.6,NA,NA,NA,NA,NA,1004.1,14.3,14.3,NA,NA,NA
2025,12,24,22,55,60,1.5,NA,NA,NA,NA,NA,1004,14.4,14.4,NA,NA,NA
2025,12,25,0,5,130,7.2,NA,NA,NA,NA,NA,1003.7,15.8,14.4,NA,NA,NA
2025,12,25,0,55,130,9.8,NA,NA,NA,NA,NA,1003.5,15.7,14.5,NA,NA,NA
2025,12,25,2,5,130,10.8,NA,NA,NA,NA,NA,1004,15.6,14.5,NA,NA,NA
2025,12,25,3,5,130,10.8,NA,NA,NA,NA,NA,1004.4,15.4,14.5,NA,NA,NA
2025,12,25,3,55,130,12.4,NA,NA,NA,NA,NA,1004.6,15.7,14.5,NA,NA,NA
2025,12,25,5,5,140,11.3,NA,NA,NA,NA,NA,1004.9,15.4,14.5,NA,NA,NA
2025,12,25,5,55,130,13.4,NA,NA,NA,NA,NA,1005.1,14.9,14.4,NA,NA,NA
2025,12,25,6,55,140,10.8,NA,NA,NA,NA,NA,1005.2,15.6,14.4,NA,NA,NA
2025,12,25,8,5,130,10.3,NA,NA,NA,NA,NA,1004.7,15.7,14.4,NA,NA,NA
2025,12,25,8,55,130,19,NA,NA,NA,NA,NA,1004.5,15.6,14.4,NA,NA,NA
2025,12,25,9,55,130,13.9,NA,NA,NA,NA,NA,1004.4,14.8,14.4,NA,NA,NA
2025,12,25,10,55,150,13.4,NA,NA,NA,NA,NA,1003.6,15.8,14.4,NA,NA,NA
2025,12,25,11,55,150,15.4,NA,NA,NA,NA,NA,1004.7,15.3,14.4,NA,NA,NA
2025,12,25,12,55,170,16,NA,NA,NA,NA,NA,1005.6,15.2,14.4,NA,NA,NA
2025,12,25,13,55,170,13.9,NA,NA,NA,NA,NA,1007,14.5,14.4,NA,NA,NA
2025,12,25,14,55,170,12.9,NA,NA,NA,NA,NA,1008.1,14.9,14.5,NA,NA,NA
2025,12,25,15,55,160,11.3,NA,NA,NA,NA,NA,1009.1,14.8,14.4,NA,NA,NA
2025,12,25,16,55,160,6.7,NA,NA,NA,NA,NA,1010.8,14.7,14.3,NA,NA,NA
2025,12,25,17,55,150,9.3,NA,NA,NA,NA,NA,1011.7,15.1,14.4,NA,NA,NA
2025,12,25,18,55,150,12.4,NA,NA,NA,NA,NA,1011.9,14.9,14.5,NA,NA,NA
2025,12,25,19,55,140,10.8,NA,NA,NA,NA,NA,1011.4,15.1,14.5,NA,NA,NA
2025,12,25,21,5,140,14.4,NA,NA,NA,NA,NA,1010.6,15.2,14.5,NA,NA,NA
2025,12,25,22,5,140,8.8,NA,NA,NA,NA,NA,1010.1,14.9,14.6,NA,NA,NA
2025,12,25,23,5,140,10.3,NA,NA,NA,NA,NA,1009.8,15.3,14.5,NA,NA,NA
2025,12,26,0,5,130,14.4,NA,NA,NA,NA,NA,1009.8,15.3,14.5,NA,NA,NA
2025,12,26,1,5,140,13.9,NA,NA,NA,NA,NA,1009.5,15.5,14.5,NA,NA,NA
2025,12,26,2,5,140,8.8,NA,NA,NA,NA,NA,1009.9,15.1,14.5,NA,NA,NA
2025,12,26,3,5,160,11.8,NA,NA,NA,NA,NA,1010.1,15.2,14.5,NA,NA,NA
2025,12,26,4,5,160,12.4,NA,NA,NA,NA,NA,1010.7,14.5,14.5,NA,NA,NA
2025,12,26,5,5,150,10.8,NA,NA,NA,NA,NA,1011.5,14.2,14.5,NA,NA,NA
2025,12,26,6,5,150,8.2,NA,NA,NA,NA,NA,1012.3,14.1,14.5,NA,NA,NA
2025,12,26,7,5,160,9.8,NA,NA,NA,NA,NA,1012.8,15,14.5,NA,NA,NA
2025,12,26,7,55,160,6.7,NA,NA,NA,NA,NA,1013.1,14.7,14.5,NA,NA,NA
2025,12,26,8,55,160,11.3,NA,NA,NA,NA,NA,1012.7,14.3,14.5,NA,NA,NA
2025,12,26,10,5,170,7.7,NA,NA,NA,NA,NA,1013.4,14.6,14.5,NA,NA,NA
2025,12,26,11,5,180,7.2,NA,NA,NA,NA,NA,1013.4,14.8,14.5,NA,NA,NA
2025,12,26,11,55,180,5.7,NA,NA,NA,NA,NA,1013.4,14,14.5,NA,NA,NA
2025,12,26,12,55,160,9.8,NA,NA,NA,NA,NA,1013.6,13.2,14.5,NA,NA,NA
2025,12,26,13,55,180,9.8,NA,NA,NA,NA,NA,1013.9,14.5,14.5,NA,NA,NA
2025,12,26,14,55,200,2.6,NA,NA,NA,NA,NA,1014.7,11.6,14.5,NA,NA,NA
2025,12,26,15,55,180,7.7,NA,NA,NA,NA,NA,1014.8,14.2,14.5,NA,NA,NA
2025,12,26,16,55,160,10.8,NA,NA,NA,NA,NA,1015.7,14,14.5,NA,NA,NA
2025,12,26,18,5,160,8.2,NA,NA,NA,NA,NA,1015.9,14.6,14.5,NA,NA,NA
2025,12,26,19,5,170,8.8,NA,NA,NA,NA,NA,1016.1,14.1,14.5,NA,NA,NA
2025,12,26,20,5,160,8.2,NA,NA,NA,NA,NA,1015.7,14.2,14.5,NA,NA,NA
2025,12,26,21,5,170,10.3,NA,NA,NA,NA,NA,1014.8,14.7,14.5,NA,NA,NA
2025,12,26,22,5,160,8.8,NA,NA,NA,NA,NA,1014.6,14.6,14.5,NA,NA,NA
2025,12,26,23,5,170,8.2,NA,NA,NA,NA,NA,1014.9,13.8,14.5,NA,NA,NA
2025,12,27,0,5,160,9.3,NA,NA,NA,NA,NA,1014.9,14,14.5,NA,NA,NA
2025,12,27,1,5,220,9.8,NA,NA,NA,NA,NA,1014.9,13.1,14.6,NA,NA,NA
2025,12,27,1,55,200,5.1,NA,NA,NA,NA,NA,1015.7,12.7,14.6,NA,NA,NA
2025,12,27,2,55,300,3.1,NA,NA,NA,NA,NA,1016.3,12.7,14.6,NA,NA,NA
2025,12,27,3,55,270,6.2,NA,NA,NA,NA,NA,1016.9,13.2,14.6,NA,NA,NA
2025,12,27,4,55,280,4.6,NA,NA,NA,NA,NA,1017.5,13.2,14.6,NA,NA,NA
2025,12,27,5,55,280,4.6,NA,NA,NA,NA,NA,1018,13,14.6,NA,NA,NA
2025,12,27,6,55,290,5.7,NA,NA,NA,NA,NA,1018.4,12.7,14.6,NA,NA,NA
2025,12,27,7,55,300,3.1,NA,NA,NA,NA,NA,1018.9,12.5,14.6,NA,NA,NA
2025,12,27,9,5,290,2.1,NA,NA,NA,NA,NA,1018.9,12.6,14.6,NA,NA,NA
2025,12,27,10,5,350,1.5,NA,NA,NA,NA,NA,1019.4,12.4,14.6,NA,NA,NA
2025,12,27,11,5,320,2.1,NA,NA,NA,NA,NA,1019.7,12.2,14.6,NA,NA,NA
2025,12,27,12,5,310,3.6,NA,NA,NA,NA,NA,1019.7,11.8,14.5,NA,NA,NA
2025,12,27,12,55,300,5.1,NA,NA,NA,NA,NA,1020,11.9,14.5,NA,NA,NA
2025,12,27,13,55,310,5.1,NA,NA,NA,NA,NA,1020.5,11.8,14.5,NA,NA,NA
2025,12,27,14,55,290,6.2,NA,NA,NA,NA,NA,1021.1,12,14.5,NA,NA,NA
2025,12,27,15,55,300,7.2,NA,NA,NA,NA,NA,1021.7,12.1,14.5,NA,NA,NA
2025,12,27,16,55,320,4.1,NA,NA,NA,NA,NA,1022.5,12.2,14.4,NA,NA,NA
2025,12,27,17,55,300,4.1,NA,NA,NA,NA,NA,1023.1,12.3,14.4,NA,NA,NA
2025,12,27,18,55,320,3.1,NA,NA,NA,NA,NA,1023.1,12.4,14.4,NA,NA,NA
2025,12,27,19,55,280,5.7,NA,NA,NA,NA,NA,1022.3,12.6,14.4,NA,NA,NA
2025,12,27,21,5,260,6.7,NA,NA,NA,NA,NA,1021.6,12.5,14.4,NA,NA,NA
2025,12,27,22,5,260,4.1,NA,NA,NA,NA,NA,1021.4,12.6,14.4,NA,NA,NA
2025,12,27,23,5,260,5.1,NA,NA,NA,NA,NA,1021.7,12.6,14.4,NA,NA,NA
2025,12,28,0,5,270,2.6,NA,NA,NA,NA,NA,1022,12.9,14.4,NA,NA,NA
2025,12,28,1,5,270,2.6,NA,NA,NA,NA,NA,1022.1,13.1,14.4,NA,NA,NA
2025,12,28,1,55,270,3.1,NA,NA,NA,NA,NA,1022.5,13.4,14.4,NA,NA,NA
2025,12,28,2,55,20,1.5,NA,NA,NA,NA,NA,1023.1,13.4,14.4,NA,NA,NA
2025,12,28,3,55,330,5.7,NA,NA,NA,NA,NA,1023.5,12.8,14.4,NA,NA,NA
2025,12,28,5,5,340,5.1,NA,NA,NA,NA,NA,1023.9,12.3,14.4,NA,NA,NA
2025,12,28,5,55,340,4.1,NA,NA,NA,NA,NA,1024.8,12.3,14.4,NA,NA,NA
2025,12,28,6,55,30,5.1,NA,NA,NA,NA,NA,1024.7,11.7,14.4,NA,NA,NA
2025,12,28,8,5,50,7.2,NA,NA,NA,NA,NA,1024.5,11.8,14.4,NA,NA,NA
2025,12,28,9,5,30,7.7,NA,NA,NA,NA,NA,1024.6,12.1,14.4,NA,NA,NA
2025,12,28,10,5,360,4.6,NA,NA,NA,NA,NA,1025.2,11.4,14.4,NA,NA,NA
2025,12,28,11,5,350,5.1,NA,NA,NA,NA,NA,1025.3,11.5,14.4,NA,NA,NA
2025,12,28,11,55,10,4.6,NA,NA,NA,NA,NA,1024.7,11.6,14.4,NA,NA,NA
2025,12,28,12,55,10,5.1,NA,NA,NA,NA,NA,1025.2,10.5,14.4,NA,NA,NA
2025,12,28,14,5,10,4.1,NA,NA,NA,NA,NA,1025.5,9.9,14.4,NA,NA,NA
2025,12,28,14,55,350,3.6,NA,NA,NA,NA,NA,1026,10.2,14.4,NA,NA,NA
2025,12,28,16,5,40,5.1,NA,NA,NA,NA,NA,1026.7,10,14.4,NA,NA,NA
2025,12,28,16,55,20,4.1,NA,NA,NA,NA,NA,1027.1,9.5,14.4,NA,NA,NA
2025,12,28,18,5,30,5.7,NA,NA,NA,NA,NA,1026.9,9.7,14.4,NA,NA,NA
2025,12,28,18,55,30,3.6,NA,NA,NA,NA,NA,1026.7,10.1,14.4,NA,NA,NA
2025,12,28,19,55,360,3.1,NA,NA,NA,NA,NA,1026.2,11.4,14.4,NA,NA,NA
2025,12,28,20,55,10,4.6,NA,NA,NA,NA,NA,1025.3,12,14.5,NA,NA,NA
2025,12,28,21,55,340,2.1,NA,NA,NA,NA,NA,1024.2,12.7,14.5,NA,NA,NA
2025,12,28,22,55,270,3.6,NA,NA,NA,NA,NA,1024.2,12.8,14.5,NA,NA,NA
2025,12,28,23,55,270,4.1,NA,NA,NA,NA,NA,1023.8,13.2,14.5,NA,NA,NA
2025,12,29,0,55,280,3.6,NA,NA,NA,NA,NA,1023.5,13.7,14.4,NA,NA,NA
2025,12,29,1,55,310,4.6,NA,NA,NA,NA,NA,1023.3,14.2,14.4,NA,NA,NA
2025,12,29,2,55,20,8.2,NA,NA,NA,NA,NA,1023.2,13.6,14.4,NA,NA,NA
2025,12,29,3,55,360,7.2,NA,NA,NA,NA,NA,1023.7,13.1,14.4,NA,NA,NA
2025,12,29,4,55,360,9.3,NA,NA,NA,NA,NA,1023.6,13.2,14.4,NA,NA,NA
2025,12,29,5,55,20,8.8,NA,NA,NA,NA,NA,1023.9,12.6,14.4,NA,NA,NA
2025,12,29,6,55,20,9.8,NA,NA,NA,NA,NA,1024.1,12.2,14.3,NA,NA,NA
2025,12,29,8,5,20,9.8,NA,NA,NA,NA,NA,1023.9,12,14.3,NA,NA,NA
2025,12,29,9,5,20,10.3,NA,NA,NA,NA,NA,1024,11.7,14.3,NA,NA,NA
2025,12,29,10,5,30,8.8,NA,NA,NA,NA,NA,1023.9,11.3,14.4,NA,NA,NA
2025,12,29,10,55,30,7.7,NA,NA,NA,NA,NA,1024,11.2,14.4,NA,NA,NA
2025,12,29,11,55,30,7.7,NA,NA,NA,NA,NA,1023.9,11.2,14.4,NA,NA,NA
2025,12,29,12,55,30,11.8,NA,NA,NA,NA,NA,1023.1,11.8,14.5,NA,NA,NA
2025,12,29,13,55,30,10.8,NA,NA,NA,NA,NA,1023.1,12.2,14.4,NA,NA,NA
2025,12,29,14,55,30,13.9,NA,NA,NA,NA,NA,1023.7,12,14.4,NA,NA,NA
2025,12,29,15,55,30,13.4,NA,NA,NA,NA,NA,1023.8,11.8,14.4,NA,NA,NA
2025,12,29,17,5,30,12.9,NA,NA,NA,NA,NA,1025,11.4,14.4,NA,NA,NA
2025,12,29,18,5,40,11.3,NA,NA,NA,NA,NA,1025.6,12,14.4,NA,NA,NA
2025,12,29,19,5,20,9.8,NA,NA,NA,NA,NA,1025.3,13.4,14.4,NA,NA,NA
2025,12,29,20,5,30,9.3,NA,NA,NA,NA,NA,1024.3,14.1,14.4,NA,NA,NA
2025,12,29,20,55,20,8.2,NA,NA,NA,NA,NA,1023.7,15,14.4,NA,NA,NA
2025,12,29,21,55,20,9.8,NA,NA,NA,NA,NA,1022.6,15.5,14.4,NA,NA,NA
2025,12,29,22,55,30,6.2,NA,NA,NA,NA,NA,1022.6,16,14.5,NA,NA,NA
2025,12,29,23,55,20,6.2,NA,NA,NA,NA,NA,1022,16.2,14.5,NA,NA,NA
2025,12,30,1,5,30,7.2,NA,NA,NA,NA,NA,1022.1,16.1,14.5,NA,NA,NA
2025,12,30,2,5,30,9.3,NA,NA,NA,NA,NA,1022.2,15.7,14.5,NA,NA,NA
2025,12,30,3,5,20,7.2,NA,NA,NA,NA,NA,1022.4,15.2,14.4,NA,NA,NA
2025,12,30,3,55,20,8.2,NA,NA,NA,NA,NA,1022.8,14.7,14.4,NA,NA,NA
2025,12,30,4,55,20,6.7,NA,NA,NA,NA,NA,1022.7,14.5,14.4,NA,NA,NA
2025,12,30,5,55,10,7.7,NA,NA,NA,NA,NA,1023,14.4,14.4,NA,NA,NA
2025,12,30,7,5,20,7.7,NA,NA,NA,NA,NA,1022.7,13.4,14.4,NA,NA,NA
2025,12,30,8,5,30,7.7,NA,NA,NA,NA,NA,1022.2,13.7,14.4,NA,NA,NA
2025,12,30,9,5,20,4.6,NA,NA,NA,NA,NA,1022,13.4,14.4,NA,NA,NA
2025,12,30,10,5,30,7.7,NA,NA,NA,NA,NA,1021.8,12.7,14.4,NA,NA,NA
2025,12,30,11,5,30,8.8,NA,NA,NA,NA,NA,1021.5,12.4,14.4,NA,NA,NA
2025,12,30,12,5,40,7.7,NA,NA,NA,NA,NA,1021.3,12.6,14.4,NA,NA,NA
2025,12,30,12,55,10,9.8,NA,NA,NA,NA,NA,1020.8,12.4,14.4,NA,NA,NA
2025,12,30,13,55,20,8.2,NA,NA,NA,NA,NA,1020.4,12.9,14.4,NA,NA,NA
2025,12,30,14,55,30,6.7,NA,NA,NA,NA,NA,1020.8,12.8,14.4,NA,NA,NA
2025,12,30,16,5,30,8.2,NA,NA,NA,NA,NA,1021,13.2,14.4,NA,NA,NA
2025,12,30,17,5,20,7.7,NA,NA,NA,NA,NA,1021.5,13,14.3,NA,NA,NA
2025,12,30,18,5,30,5.7,NA,NA,NA,NA,NA,1022.3,13.9,14.3,NA,NA,NA
2025,12,30,19,5,40,8.2,NA,NA,NA,NA,NA,1020.8,14.3,14.3,NA,NA,NA
2025,12,30,20,5,30,8.8,NA,NA,NA,NA,NA,1020.5,14.2,14.3,NA,NA,NA
2025,12,30,20,55,40,10.3,NA,NA,NA,NA,NA,1020.2,14.8,14.3,NA,NA,NA
2025,12,30,21,55,30,5.7,NA,NA,NA,NA,NA,1019.5,14.9,14.2,NA,NA,NA
2025,12,30,22,55,30,5.7,NA,NA,NA,NA,NA,1019,15.3,14.3,NA,NA,NA
2025,12,31,0,5,30,7.7,NA,NA,NA,NA,NA,1018.4,15.5,14.3,NA,NA,NA
2025,12,31,1,6,40,6.7,NA,NA,NA,NA,NA,1018.7,15.1,14.2,NA,NA,NA
2025,12,31,2,6,30,7.7,NA,NA,NA,NA,NA,1018.7,15,14.2,NA,NA,NA
2025,12,31,2,55,20,7.2,NA,NA,NA,NA,NA,1018.8,14.8,14.2,NA,NA,NA
2025,12,31,3,55,10,9.3,NA,NA,NA,NA,NA,1018.3,14.5,14.2,NA,NA,NA
2025,12,31,4,55,20,9.3,NA,NA,NA,NA,NA,1018.5,14.3,14.2,NA,NA,NA
2025,12,31,6,6,20,8.2,NA,NA,NA,NA,NA,1018.5,13.8,14.2,NA,NA,NA
2025,12,31,7,5,20,8.2,NA,NA,NA,NA,NA,1018.1,13.9,14.2,NA,NA,NA
2025,12,31,8,6,20,8.2,NA,NA,NA,NA,NA,1017.8,13.8,14.2,NA,NA,NA
2025,12,31,8,55,10,7.2,NA,NA,NA,NA,NA,1017.1,14,14.2,NA,NA,NA
2025,12,31,10,5,20,7.7,NA,NA,NA,NA,NA,1017.2,14.4,14.2,NA,NA,NA
2025,12,31,11,5,20,8.8,NA,NA,NA,NA,NA,1017.2,14.6,14.2,NA,NA,NA
2025,12,31,12,5,20,7.2,NA,NA,NA,NA,NA,1017.1,14.7,14.2,NA,NA,NA
2025,12,31,13,5,10,8.2,NA,NA,NA,NA,NA,1016.5,14.4,14.2,NA,NA,NA
2025,12,31,14,6,10,7.7,NA,NA,NA,NA,NA,1016.2,14.2,14.2,NA,NA,NA
2025,12,31,15,6,20,7.2,NA,NA,NA,NA,NA,1015.8,14.8,14.2,NA,NA,NA
2025,12,31,16,6,40,7.2,NA,NA,NA,NA,NA,1016.3,14.5,14.2,NA,NA,NA
2025,12,31,17,6,40,6.7,NA,NA,NA,NA,NA,1016.8,14.8,14.2,NA,NA,NA
2025,12,31,18,5,30,8.8,NA,NA,NA,NA,NA,1017.2,13.9,14.2,NA,NA,NA
2025,12,31,19,6,40,8.2,NA,NA,NA,NA,NA,1016.8,13.4,14.2,NA,NA,NA
2025,12,31,20,6,40,6.7,NA,NA,NA,NA,NA,1016.4,12.7,14.3,NA,NA,NA
2025,12,31,21,5,30,8.2,NA,NA,NA,NA,NA,1014.9,12.9,14.3,NA,NA,NA
2025,12,31,22,6,20,8.8,NA,NA,NA,NA,NA,1013.3,12.8,14.3,NA,NA,NA
2025,12,31,22,55,30,7.7,NA,NA,NA,NA,NA,1012.9,12.9,14.3,NA,NA,NA
